Rank,Company Name,Entity Type,Fence,Source Count,Sources,Best Score,Confidence,Has Dock 3,Website,LinkedIn,Domain,City,Employees,Key Signal,Dock 3 Note
1,"Escadrone",operator,,4,"dji_reseller_list, google_search, govt_registry, comet",80,high,No,https://escadrone.com,https://www.linkedin.com/company/escadrone,escadrone.com,"Isère",15,"DJI Enterprise Dealer + dji dock",""
2,"Prodrones",reseller,,4,"dji_reseller_list, govt_registry, google_search, comet",80,high,No,https://www.prodrones.fr,https://www.linkedin.com/company/pro-drones,prodrones.fr,"Wimille",8,"DJI Enterprise Dealer + NAF_B:30.30Z|generic_name|structured|emp:03|PME/micro",""
3,"Flying eye",operator,,3,"comet, dji_reseller_list, google_search",85,high,Yes,https://www.flyingeye.fr,https://www.linkedin.com/company/flyingeye,flyingeye.fr,"06410 Biot",,"DJI Dock 3 Authorized: Yes + DJI Enterprise Dealer","DJI Dock 3 Authorized"
4,"Abot",operator,,2,"comet, dji_reseller_list",85,high,Yes,https://www.abot.fr,https://www.linkedin.com/company/abot-fr,abot.fr,"76230 Isneauville",,"DJI Dock 3 Authorized: Yes + DJI Enterprise Dealer","DJI Dock 3 Authorized"
5,"Instadrone",operator,,2,"govt_registry, google_search",85,high,No,,,,"",35,"NAF_A:71.12B|generic_name|structured|emp:12|PME/micro + dji dock",""
6,"Capture solutions",reseller,,2,"dji_reseller_list, comet",80,high,No,https://www.capture-solutions.fr/,https://www.linkedin.com/company/capture-solution123,capture-solutions.fr,"Saint-Germain-en-Laye",,"DJI Enterprise Dealer + DJI Dock 3 Authorized: No",""
7,"DUMONT SECURITE",reseller,,2,"dji_reseller_list, comet",80,high,No,https://www.dumont-securite.fr/,https://www.linkedin.com/company/dumont-securite,dumont-securite.fr,"Ambérieu-en-Bugey",,"DJI Enterprise Dealer + DJI Dock 3 Authorized: No",""
8,"Geomesure",reseller,,2,"dji_reseller_list, comet",80,high,No,https://www.geomesure.fr,https://www.linkedin.com/company/geomesure,geomesure.fr,"Hérault",,"DJI Enterprise Dealer + DJI Dock 3 Authorized: No",""
9,"NETPIX La Camera embarquée",reseller,,2,"dji_reseller_list, comet",80,high,No,https://www.lacameraembarquee.fr,https://www.linkedin.com/company/la-camera-embarquee,lacameraembarquee.fr,"Aix-en-Provence",,"DJI Enterprise Dealer + DJI Dock 3 Authorized: No",""
10,"PROTEC SECURITY SYSTEMS",reseller,,2,"dji_reseller_list, comet",80,high,No,https://www.protecsecuritysystems.fr/en/home/,https://www.linkedin.com/company/security-systems-by-protec,protecsecuritysystems.fr,"Lieusaint",,"DJI Enterprise Dealer + DJI Dock 3 Authorized: No",""
11,"Rivolier",reseller,,2,"dji_reseller_list, comet",80,high,No,https://www.rivolier-sd.com/,https://www.linkedin.com/company/rivolier-sas,rivolier-sd.com,"Abrest",,"DJI Enterprise Dealer + DJI Dock 3 Authorized: No",""
12,"VOLTANEO",reseller,,2,"dji_reseller_list, comet",80,high,No,https://www.voltaneo.com,https://www.linkedin.com/company/voltaneo,voltaneo.com,"Clermont-Ferrand",,"DJI Enterprise Dealer + DJI Dock 3 Authorized: No",""
13,"Dronavia",operator,,1,"google_search",77,high,No,https://dronavia.com/,,dronavia.com,"",,"dock 3",""
14,"STTL (Service Technique Topographie Laser)",reseller,,1,"dji_reseller_list",80,high,No,https://www.sttl-topographie.com/,https://www.linkedin.com/company/sttl,sttl-topographie.com,"Rhône",,"DJI Enterprise Dealer",""
15,"Telepilote",reseller,,1,"google_search",77,high,No,https://telepilote.store/,,telepilote.store,"",,"dji dock",""
16,"Dji Paris",reseller,,1,"google_search",73,high,No,https://boutique.dji-paris.com/,,dji-paris.com,"",,"dji dock",""
17,"Djlfrance",reseller,,1,"google_search",60,medium,No,https://djlfrance.com/,,djlfrance.com,"",,"dji dock",""
18,"Studiosport",reseller,,1,"google_search",60,medium,No,https://studiosport.fr/,,studiosport.fr,"",,"dji dock",""
19,"Djifr",reseller,,1,"google_search",69,medium,No,,,,"",,"dji dock",""
20,"Aptella",unknown,,1,"google_search",77,high,No,https://aptella.com/,,aptella.com,"",,"dji dock",""
21,"Advexure",unknown,,1,"google_search",73,high,No,https://advexure.com/,,advexure.com,"",,"dji dock",""
22,"DRONE INSPECTION",unknown,,1,"govt_registry",95,high,No,,,,"",,"NAF_A:71.20B|dock_kw|structured|PME/micro",""
23,"CARIBEENNE D'EXPERTISE ET DE DRONES",unknown,,1,"govt_registry",90,high,No,,,,"",2,"NAF_A:71.12B|provider_kw|structured|emp:01|PME/micro",""
24,"SQUADRONE SYSTEM",unknown,,1,"govt_registry",90,high,No,,,,"",35,"NAF_A:71.12B|provider_kw|structured|emp:12|PME/micro",""
25,"DRONE CONSULTING",unknown,,1,"govt_registry",90,high,No,,,,"",8,"NAF_A:71.20B|provider_kw|structured|emp:03|PME/micro",""
26,"BATHY DRONE SOLUTIONS",unknown,,1,"govt_registry",90,high,No,,,,"",4,"NAF_A:71.20B|provider_kw|structured|emp:02|PME/micro",""
27,"SAS DRONE SERVICES",unknown,,1,"govt_registry",90,high,No,,,,"",2,"NAF_A:71.12B|provider_kw|structured|emp:01|PME/micro",""
28,"DRONE EXPERTISE CENTRE",unknown,,1,"govt_registry",90,high,No,,,,"",4,"NAF_A:71.20B|provider_kw|structured|emp:02|PME/micro",""
29,"DRONES INGENIERIE SYSTEMES",unknown,,1,"govt_registry",90,high,No,,,,"",2,"NAF_A:71.20B|provider_kw|structured|emp:01|PME/micro",""
30,"DIODON DRONE TECHNOLOGY",unknown,,1,"govt_registry",90,high,No,,,,"",35,"NAF_A:71.12B|provider_kw|structured|emp:12|PME/micro",""
31,"DRONEDELATTREEXPERTISE",unknown,,1,"govt_registry",90,high,No,,,,"",2,"NAF_A:71.12B|provider_kw|structured|emp:01|PME/micro",""
32,"SKYDRONE INNOVATIONS",unknown,,1,"govt_registry",90,high,No,,,,"",15,"NAF_A:71.12B|provider_kw|structured|emp:11|PME/micro",""
33,"ARTECH'DRONE",unknown,,1,"govt_registry",90,high,No,,,,"",8,"NAF_A:71.12B|provider_kw|structured|emp:03|PME/micro",""
34,"SCANDRONE",unknown,,1,"govt_registry",85,high,No,,,,"",2,"NAF_A:71.12B|generic_name|structured|emp:01|PME/micro",""
35,"SAS DRONES EXPERTISES 2.9",unknown,,1,"govt_registry",85,high,No,,,,"",,"NAF_A:71.20B|provider_kw|structured|PME/micro",""
36,"SIG-DRONE",unknown,,1,"govt_registry",85,high,No,,,,"",4,"NAF_A:71.12B|generic_name|structured|emp:02|PME/micro",""
37,"DRONE EXP'AIR TECH",unknown,,1,"govt_registry",85,high,No,,,,"",,"NAF_A:71.20B|provider_kw|structured|PME/micro",""
38,"DRONES TECHNOLOGIES SERVICES",unknown,,1,"govt_registry",85,high,No,,,,"",,"NAF_A:71.20B|provider_kw|structured|PME/micro",""
39,"DRONE EXPERT'",unknown,,1,"govt_registry",85,high,No,,,,"",,"NAF_A:71.12B|provider_kw|structured|PME/micro",""
40,"DRONE 2I",unknown,,1,"govt_registry",85,high,No,,,,"",2,"NAF_A:71.12B|generic_name|structured|emp:01|PME/micro",""
41,"H2DRONE",unknown,,1,"govt_registry",85,high,No,,,,"",4,"NAF_A:71.20B|generic_name|structured|emp:02|PME/micro",""
42,"AURA DRONE",unknown,,1,"govt_registry",85,high,No,,,,"",2,"NAF_A:71.12B|generic_name|structured|emp:01|PME/micro",""
43,"DRONE X SOLUTIONS",unknown,,1,"govt_registry",85,high,No,,,,"",,"NAF_A:71.20B|provider_kw|structured|PME/micro",""
44,"BERINGER DIAG & DRONE",unknown,,1,"govt_registry",85,high,No,,,,"",2,"NAF_A:71.20B|generic_name|structured|emp:01|PME/micro",""
45,"CARTODRONE",unknown,,1,"govt_registry",85,high,No,,,,"",2,"NAF_A:71.12B|generic_name|structured|emp:01|PME/micro",""
46,"DRONE TECH TOITURE",unknown,,1,"govt_registry",85,high,No,,,,"",,"NAF_A:71.20B|provider_kw|structured|PME/micro",""
47,"THERMODRONESERVICES",unknown,,1,"govt_registry",85,high,No,,,,"",,"NAF_A:71.20B|provider_kw|structured|PME/micro",""
48,"INGENIERIE & DRONE SOLUTIONS",unknown,,1,"govt_registry",85,high,No,,,,"",,"NAF_A:71.12B|provider_kw|structured|PME/micro",""
49,"TAHITI TECHNODRONE",unknown,,1,"govt_registry",85,high,No,,,,"",,"NAF_A:71.12B|provider_kw|structured|PME/micro",""
50,"DRONEX16",unknown,,1,"govt_registry",85,high,No,,,,"",2,"NAF_A:71.12B|generic_name|structured|emp:01|PME/micro",""
51,"AGRODRONE",unknown,,1,"govt_registry",85,high,No,,,,"",2,"NAF_A:71.12B|generic_name|structured|emp:01|PME/micro",""
52,"INTERNATIONAL DRONE SERVICES",unknown,,1,"govt_registry",85,high,No,,,,"",,"NAF_A:71.12B|provider_kw|structured|PME/micro",""
53,"DRONES EXPERTISES",unknown,,1,"govt_registry",85,high,No,,,,"",,"NAF_A:71.20B|provider_kw|structured|PME/micro",""
54,"DRONE SOLUTIONS INVEST",unknown,,1,"govt_registry",85,high,No,,,,"",,"NAF_A:71.20B|provider_kw|structured|PME/micro",""
55,"FRANCE DRONE SERVICES",unknown,,1,"govt_registry",85,high,No,,,,"",,"NAF_A:71.20B|provider_kw|structured|PME/micro",""
56,"DRONEDEV CONSULTING",unknown,,1,"govt_registry",85,high,No,,,,"",,"NAF_A:71.12B|provider_kw|structured|PME/micro",""
57,"AGENIUM DRONES SOLUTIONS",unknown,,1,"govt_registry",85,high,No,,,,"",,"NAF_A:71.12B|provider_kw|structured|PME/micro",""
58,"DRONE TECH",unknown,,1,"govt_registry",85,high,No,,,,"",,"NAF_A:71.12B|provider_kw|structured|PME/micro",""
59,"INTERDRONES SERVICES",unknown,,1,"govt_registry",85,high,No,,,,"",,"NAF_A:71.12B|provider_kw|structured|PME/micro",""
60,"FORMAT-DRONE",unknown,,1,"govt_registry",85,high,No,,,,"",4,"NAF_A:71.12B|generic_name|structured|emp:02|PME/micro",""
61,"ENERGY DRONE",unknown,,1,"govt_registry",85,high,No,,,,"",2,"NAF_A:71.12B|generic_name|structured|emp:01|PME/micro",""
62,"SEMADRONES",unknown,,1,"govt_registry",85,high,No,,,,"",15,"NAF_A:71.12B|generic_name|structured|emp:11|PME/micro",""
63,"DRONE 06",unknown,,1,"govt_registry",85,high,No,,,,"",2,"NAF_A:71.12B|generic_name|structured|emp:01|PME/micro",""
64,"AIR SPACE DRONE",unknown,,1,"govt_registry",85,high,No,,,,"",4,"NAF_A:71.12B|generic_name|structured|emp:02|PME/micro",""
65,"DRONEXSOLUTION",unknown,,1,"govt_registry",85,high,No,,,,"",2,"NAF_A:71.12B|generic_name|structured|emp:01|PME/micro",""
66,"DRONE PLANET ECO ROBOTS",unknown,,1,"govt_registry",80,high,No,,,,"",,"NAF_A:71.12B|generic_name|structured|PME/micro",""
67,"BIO DRONES FRANCE",unknown,,1,"govt_registry",80,high,No,,,,"",,"NAF_A:71.12B|generic_name|structured|PME/micro",""
68,"NAUTIDRONE",unknown,,1,"govt_registry",80,high,No,,,,"",,"NAF_A:71.20B|generic_name|structured|PME/micro",""
69,"SOLODRONE",unknown,,1,"govt_registry",80,high,No,,,,"",,"NAF_A:71.12B|generic_name|structured|PME/micro",""
70,"MKX DRONES",unknown,,1,"govt_registry",80,high,No,,,,"",,"NAF_A:71.12B|generic_name|structured|PME/micro",""
71,"MYDRONESOLUTION",unknown,,1,"govt_registry",80,high,No,,,,"",,"NAF_A:71.20B|generic_name|structured|PME/micro",""
72,"ELTADRONE",unknown,,1,"govt_registry",80,high,No,,,,"",,"NAF_A:71.12B|generic_name|structured|PME/micro",""
73,"DRONEXPLORER",unknown,,1,"govt_registry",80,high,No,,,,"",,"NAF_A:71.12B|generic_name|structured|PME/micro",""
74,"VYNSKY DRONE",unknown,,1,"govt_registry",80,high,No,,,,"",,"NAF_A:71.20B|generic_name|structured|PME/micro",""
75,"CLEAN DRONE",unknown,,1,"govt_registry",80,high,No,,,,"",,"NAF_A:71.12B|generic_name|structured|PME/micro",""
76,"DRONE FORCE",unknown,,1,"govt_registry",80,high,No,,,,"",,"NAF_A:71.12B|generic_name|structured|PME/micro",""
77,"MLV DRONE",unknown,,1,"govt_registry",80,high,No,,,,"",,"NAF_A:71.12B|generic_name|structured|PME/micro",""
78,"PHOENIX DRONES",unknown,,1,"govt_registry",80,high,No,,,,"",,"NAF_A:71.12B|generic_name|structured|PME/micro",""
79,"DRONETUDES",unknown,,1,"govt_registry",80,high,No,,,,"",,"NAF_A:71.12B|generic_name|structured|PME/micro",""
80,"DEFIS-DRONE",unknown,,1,"govt_registry",80,high,No,,,,"",,"NAF_A:71.12B|generic_name|structured|PME/micro",""
81,"AIR DRONE SOLUTION",unknown,,1,"govt_registry",80,high,No,,,,"",,"NAF_A:71.12B|generic_name|structured|PME/micro",""
82,"DIAG DRONE",unknown,,1,"govt_registry",80,high,No,,,,"",,"NAF_A:71.12B|generic_name|structured|PME/micro",""
83,"APPLICATIONS DRONES ET GEOPHYSIQUES",unknown,,1,"govt_registry",80,high,No,,,,"",,"NAF_A:71.12B|generic_name|structured|PME/micro",""
84,"ATA DRONE",unknown,,1,"govt_registry",80,high,No,,,,"",,"NAF_A:71.12B|generic_name|structured|PME/micro",""
85,"ATLANTIQUE EXPERTISES DRONES",unknown,,1,"govt_registry",80,high,No,,,,"",4,"NAF_B:70.22Z|provider_kw|structured|emp:02|PME/micro",""
86,"SB DRONE",unknown,,1,"govt_registry",80,high,No,,,,"",,"NAF_A:71.12B|generic_name|structured|PME/micro",""
87,"DRONE ANALYSE",unknown,,1,"govt_registry",80,high,No,,,,"",,"NAF_A:71.20B|generic_name|structured|PME/micro",""
88,"SPA3DRONE",unknown,,1,"govt_registry",80,high,No,,,,"",,"NAF_A:71.12B|generic_name|structured|PME/micro",""
89,"ACCESS DRONES",unknown,,1,"govt_registry",80,high,No,,,,"",,"NAF_A:71.12B|generic_name|structured|PME/micro",""
90,"DRONE GROUPE AFRIQUE",unknown,,1,"govt_registry",80,high,No,,,,"",,"NAF_A:71.12B|generic_name|structured|PME/micro",""
91,"ITP DRONE",unknown,,1,"govt_registry",80,high,No,,,,"",,"NAF_A:71.12B|generic_name|structured|PME/micro",""
92,"ALTUS DRONES SERVICES",unknown,,1,"govt_registry",80,high,No,,,,"",2,"NAF_B:62.01Z|provider_kw|structured|emp:01|PME/micro",""
93,"ALIZEA DRONE SAS",unknown,,1,"govt_registry",80,high,No,,,,"",,"NAF_A:71.12B|generic_name|structured|PME/micro",""
94,"F.P.A.S DRONES",unknown,,1,"govt_registry",80,high,No,,,,"",,"NAF_A:80.10Z|generic_name|structured|PME/micro",""
95,"INSPECT'DRONE",unknown,,1,"govt_registry",80,high,No,,,,"",,"NAF_A:71.20B|generic_name|structured|PME/micro",""
96,"EB DRONE",unknown,,1,"govt_registry",80,high,No,,,,"",,"NAF_A:71.12B|generic_name|structured|PME/micro",""
97,"AIRSUB DRONE",unknown,,1,"govt_registry",80,high,No,,,,"",,"NAF_A:71.20B|generic_name|structured|PME/micro",""
98,"ACCES-DRONE",unknown,,1,"govt_registry",80,high,No,,,,"",,"NAF_A:71.20B|generic_name|structured|PME/micro",""
99,"DRONE ENGINEERING",unknown,,1,"govt_registry",80,high,No,,,,"",,"NAF_A:71.12B|generic_name|structured|PME/micro",""
100,"VP DRONES",unknown,,1,"govt_registry",80,high,No,,,,"",,"NAF_A:71.12B|generic_name|structured|PME/micro",""
101,"MECADRONE",unknown,,1,"govt_registry",80,high,No,,,,"",,"NAF_A:71.12B|generic_name|structured|PME/micro",""
102,"PRESTADRONES",unknown,,1,"govt_registry",80,high,No,,,,"",,"NAF_A:71.20B|generic_name|structured|PME/micro",""
103,"FACILI TRAVAUX & DRONE",unknown,,1,"govt_registry",80,high,No,,,,"",,"NAF_A:71.12B|generic_name|structured|PME/micro",""
104,"DRONE-DATA-LAB",unknown,,1,"govt_registry",80,high,No,,,,"",,"NAF_A:71.12B|generic_name|structured|PME/micro",""
105,"ADRONE +",unknown,,1,"govt_registry",80,high,No,,,,"",,"NAF_A:71.20B|generic_name|structured|PME/micro",""
106,"GENIUS DRONE",unknown,,1,"govt_registry",80,high,No,,,,"",,"NAF_A:71.20B|generic_name|structured|PME/micro",""
107,"FG DRONES ETUDES",unknown,,1,"govt_registry",80,high,No,,,,"",,"NAF_A:71.12B|generic_name|structured|PME/micro",""
108,"DRONES ICARE",unknown,,1,"govt_registry",80,high,No,,,,"",,"NAF_A:71.20B|generic_name|structured|PME/micro",""
109,"DRONE FRANCAIS",unknown,,1,"govt_registry",80,high,No,,,,"",,"NAF_A:71.12B|generic_name|structured|PME/micro",""
110,"JGM DRONE",unknown,,1,"govt_registry",80,high,No,,,,"",,"NAF_A:71.20B|generic_name|structured|PME/micro",""
111,"DRONE XPRESS",unknown,,1,"govt_registry",80,high,No,,,,"",,"NAF_A:80.10Z|generic_name|structured|PME/micro",""
112,"HYDRONET 360",unknown,,1,"govt_registry",80,high,No,,,,"",,"NAF_A:71.12B|generic_name|structured|PME/micro",""
113,"VISION DRONES BOURGOGNE",unknown,,1,"govt_registry",80,high,No,,,,"",,"NAF_A:71.20B|generic_name|structured|PME/micro",""
114,"F2 DRONE",unknown,,1,"govt_registry",80,high,No,,,,"",,"NAF_A:71.12B|generic_name|structured|PME/micro",""
115,"AQUA AIR DRONE",unknown,,1,"govt_registry",80,high,No,,,,"",,"NAF_A:71.20B|generic_name|structured|PME/micro",""
116,"TOPODRONE",unknown,,1,"govt_registry",80,high,No,,,,"",,"NAF_A:71.12B|generic_name|structured|PME/micro",""
117,"XENODRONE",unknown,,1,"govt_registry",80,high,No,,,,"",,"NAF_A:71.12B|generic_name|structured|PME/micro",""
118,"DRONE & EAU PICARDIE",unknown,,1,"govt_registry",80,high,No,,,,"",,"NAF_A:71.20B|generic_name|structured|PME/micro",""
119,"DRONEXPLORE",unknown,,1,"govt_registry",80,high,No,,,,"",,"NAF_A:71.20B|generic_name|structured|PME/micro",""
120,"AZIMUT-DRONE",unknown,,1,"govt_registry",80,high,No,,,,"",,"NAF_A:71.12B|generic_name|structured|PME/micro",""
121,"ECORES DRONE",unknown,,1,"govt_registry",80,high,No,,,,"",,"NAF_A:71.12B|generic_name|structured|PME/micro",""
122,"GEO DRONE XPERT",unknown,,1,"govt_registry",80,high,No,,,,"",,"NAF_A:71.12B|generic_name|structured|PME/micro",""
123,"DRONES DOCKING STATIONS",unknown,,1,"govt_registry",80,high,No,,,,"",,"NAF_A:71.12B|generic_name|structured|PME/micro",""
124,"DRONE FLY INSPECT",unknown,,1,"govt_registry",80,high,No,,,,"",,"NAF_A:71.20B|generic_name|structured|PME/micro",""
125,"AKP-DRONES",unknown,,1,"govt_registry",80,high,No,,,,"",,"NAF_A:71.20B|generic_name|structured|PME/micro",""
126,"DRONE INVESTIGATION",unknown,,1,"govt_registry",80,high,No,,,,"",,"NAF_A:71.20B|generic_name|structured|PME/micro",""
127,"ASESDRONE",unknown,,1,"govt_registry",80,high,No,,,,"",,"NAF_A:71.20B|generic_name|structured|PME/micro",""
128,"DRONE-CAPTURE",unknown,,1,"govt_registry",80,high,No,,,,"",,"NAF_A:71.12B|generic_name|structured|PME/micro",""
129,"ONITDRONE",unknown,,1,"govt_registry",80,high,No,,,,"",,"NAF_A:71.12B|generic_name|structured|PME/micro",""
130,"SCAN TO DRONE",unknown,,1,"govt_registry",80,high,No,,,,"",,"NAF_A:71.20B|generic_name|structured|PME/micro",""
131,"LYNXDRONE",unknown,,1,"govt_registry",75,high,No,,,,"",15,"NAF_B:74.90B|generic_name|structured|emp:11|PME/micro",""
132,"DRONE XTR",unknown,,1,"govt_registry",75,high,No,,,,"",4,"NAF_B:74.90B|generic_name|structured|emp:02|PME/micro",""
133,"SPACEDRONE",unknown,,1,"govt_registry",75,high,No,,,,"",2,"NAF_B:30.30Z|generic_name|structured|emp:01|PME/micro",""
134,"DRONELIS",unknown,,1,"govt_registry",75,high,No,,,,"",15,"NAF_B:70.22Z|generic_name|structured|emp:11|PME/micro",""
135,"DRONE REPONSE SECURITE",unknown,,1,"govt_registry",75,high,No,,,,"",,"NAF_other:80.20Z|dock_kw|structured|PME/micro",""
136,"LTN DRONE EXPERTISE",unknown,,1,"govt_registry",75,high,No,,,,"",,"NAF_B:74.90B|provider_kw|structured|PME/micro",""
137,"DSC (DRONE SECURITY CONSULTING)",unknown,,1,"govt_registry",75,high,No,,,,"",,"NAF_B:74.90B|provider_kw|structured|PME/micro",""
138,"OBJECTIF DRONE PRODUCTION",unknown,,1,"govt_registry",75,high,No,,,,"",4,"NAF_B:30.30Z|generic_name|structured|emp:02|PME/micro",""
139,"SARL DRONE VISUAL INSPECTION",unknown,,1,"govt_registry",75,high,No,,,,"",,"NAF_other:33.16Z|dock_kw|structured|PME/micro",""
140,"DRONE AQUITAINE",unknown,,1,"govt_registry",75,high,No,,,,"",4,"NAF_B:74.90B|generic_name|structured|emp:02|PME/micro",""
141,"DRONES CENTER INNOVATIONS",unknown,,1,"govt_registry",75,high,No,,,,"",,"NAF_B:74.90B|provider_kw|structured|PME/micro",""
142,"TA TECHDRONE",unknown,,1,"govt_registry",75,high,No,,,,"",,"NAF_B:74.90B|provider_kw|structured|PME/micro",""
143,"DRONES EXPERTS SERVICES",unknown,,1,"govt_registry",75,high,No,,,,"",,"NAF_B:30.30Z|provider_kw|structured|PME/micro",""
144,"RHUYS EXPERTISE DRONE",unknown,,1,"govt_registry",75,high,No,,,,"",,"NAF_B:74.90B|provider_kw|structured|PME/micro",""
145,"WOLF DRONE SOLUTIONS",unknown,,1,"govt_registry",75,high,No,,,,"",,"NAF_B:30.30Z|provider_kw|structured|PME/micro",""
146,"DRONESTAR",unknown,,1,"govt_registry",75,high,No,,,,"",2,"NAF_B:74.90B|generic_name|structured|emp:01|PME/micro",""
147,"DRONE AIR FLY",unknown,,1,"govt_registry",75,high,No,,,,"",2,"NAF_B:74.90B|generic_name|structured|emp:01|PME/micro",""
148,"IVA DRONES",unknown,,1,"govt_registry",75,high,No,,,,"",4,"NAF_B:63.11Z|generic_name|structured|emp:02|PME/micro",""
149,"DRONESCAPE",unknown,,1,"govt_registry",75,high,No,,,,"",2,"NAF_B:62.01Z|generic_name|structured|emp:01|PME/micro",""
150,"HEXADRONE",unknown,,1,"govt_registry",75,high,No,,,,"",15,"NAF_B:30.30Z|generic_name|structured|emp:11|PME/micro",""
151,"DRONE VOLT",unknown,,1,"govt_registry",75,high,No,,,,"",35,"NAF_B:30.30Z|generic_name|structured|emp:12|PME/micro",""
152,"WEBDRONE",unknown,,1,"govt_registry",75,high,No,,,,"",15,"NAF_B:62.01Z|generic_name|structured|emp:11|PME/micro",""
153,"UAV INNOVATION CONSULTING",unknown,,1,"govt_registry",75,high,No,,,,"",,"NAF_B:74.90B|provider_kw|structured|PME/micro",""
154,"DRONES IMAGING",unknown,,1,"govt_registry",75,high,No,,,,"",2,"NAF_B:74.90B|generic_name|structured|emp:01|PME/micro",""
155,"INNOVADRONE",unknown,,1,"govt_registry",75,high,No,,,,"",2,"NAF_B:30.30Z|generic_name|structured|emp:01|PME/micro",""
156,"POLIDRONE",unknown,,1,"govt_registry",75,high,No,,,,"",2,"NAF_B:63.11Z|generic_name|structured|emp:01|PME/micro",""
157,"Dronenerds",unknown,,1,"google_search",60,medium,No,https://enterprise.dronenerds.com/,,dronenerds.com,"",,"dji dock",""
158,"Hpdrones",unknown,,1,"google_search",60,medium,No,https://hp-drones.com/,,hp-drones.com,"",,"dji dock",""
159,"DRONE 360",unknown,,1,"govt_registry",70,medium,No,,,,"",,"NAF_B:30.30Z|generic_name|structured|PME/micro",""
160,"START DRONE",unknown,,1,"govt_registry",70,medium,No,,,,"",,"NAF_B:70.22Z|generic_name|structured|PME/micro",""
161,"URBANDRONE",unknown,,1,"govt_registry",70,medium,No,,,,"",,"NAF_B:62.01Z|generic_name|structured|PME/micro",""
162,"SYNAIRGIDRONE",unknown,,1,"govt_registry",70,medium,No,,,,"",,"NAF_B:74.90B|generic_name|structured|PME/micro",""
163,"RIVERDRONE, AQUATIC DRONE TECHNOLOGY",unknown,,1,"govt_registry",70,medium,No,,,,"",2,"NAF_other:30.11Z|provider_kw|structured|emp:01|PME/micro",""
164,"CYBERDRONEGUARDING",unknown,,1,"govt_registry",70,medium,No,,,,"",,"NAF_B:74.90B|generic_name|structured|PME/micro",""
165,"NEO DRONE",unknown,,1,"govt_registry",70,medium,No,,,,"",,"NAF_B:74.90B|generic_name|structured|PME/micro",""
166,"DRONE REPONSE TACTIC",unknown,,1,"govt_registry",70,medium,No,,,,"",,"NAF_B:74.90B|generic_name|structured|PME/micro",""
167,"HELIDRONE",unknown,,1,"govt_registry",70,medium,No,,,,"",,"NAF_B:74.90B|generic_name|structured|PME/micro",""
168,"DELTA DRONE MANAGERS",unknown,,1,"govt_registry",70,medium,No,,,,"",,"NAF_B:70.22Z|generic_name|structured|PME/micro",""
169,"CLIMAT DRONE",unknown,,1,"govt_registry",70,medium,No,,,,"",,"NAF_A:71.12B|generic_name|PME/micro",""
170,"ATLANTIC DRONES",unknown,,1,"govt_registry",70,medium,No,,,,"",,"NAF_B:30.30Z|generic_name|structured|PME/micro",""
171,"DRONE SYSTEME",unknown,,1,"govt_registry",70,medium,No,,,,"",2,"NAF_other:31.09B|provider_kw|structured|emp:01|PME/micro",""
172,"SOCIETE FRANCAISE DU DRONE",unknown,,1,"govt_registry",70,medium,No,,,,"",,"NAF_B:74.90B|generic_name|structured|PME/micro",""
173,"CM DRONES",unknown,,1,"govt_registry",70,medium,No,,,,"",,"NAF_B:30.30Z|generic_name|structured|PME/micro",""
174,"DKDRONES",unknown,,1,"govt_registry",70,medium,No,,,,"",,"NAF_B:30.30Z|generic_name|structured|PME/micro",""
175,"LR DRONES ET CONSEILS",unknown,,1,"govt_registry",70,medium,No,,,,"",,"NAF_B:70.22Z|generic_name|structured|PME/micro",""
176,"DRONEDATA",unknown,,1,"govt_registry",70,medium,No,,,,"",,"NAF_B:74.90B|generic_name|structured|PME/micro",""
177,"DRONES PLURIEL",unknown,,1,"govt_registry",70,medium,No,,,,"",,"NAF_B:74.90B|generic_name|structured|PME/micro",""
178,"DRONE SURVEY",unknown,,1,"govt_registry",70,medium,No,,,,"",,"NAF_B:63.11Z|generic_name|structured|PME/micro",""
179,"CAPTAGRI-DRONE",unknown,,1,"govt_registry",70,medium,No,,,,"",,"NAF_B:74.90B|generic_name|structured|PME/micro",""
180,"PARIS DRONE",unknown,,1,"govt_registry",70,medium,No,,,,"",,"NAF_B:74.90B|generic_name|structured|PME/micro",""
181,"AEP DRONE",unknown,,1,"govt_registry",70,medium,No,,,,"",,"NAF_B:30.30Z|generic_name|structured|PME/micro",""
182,"DRONEANDVIEW",unknown,,1,"govt_registry",70,medium,No,,,,"",,"NAF_B:62.01Z|generic_name|structured|PME/micro",""
183,"PERFECT NEGOCE - DRONE AEROTECH",unknown,,1,"govt_registry",70,medium,No,,,,"",2,"NAF_other:46.63Z|provider_kw|structured|emp:01|PME/micro",""
184,"VISI'EAU & AIR DRONE",unknown,,1,"govt_registry",70,medium,No,,,,"",,"NAF_B:74.90B|generic_name|structured|PME/micro",""
185,"MAGIC DRONE",unknown,,1,"govt_registry",70,medium,No,,,,"",,"NAF_B:62.01Z|generic_name|structured|PME/micro",""
186,"QUADRONE CONSEIL",unknown,,1,"govt_registry",70,medium,No,,,,"",,"NAF_B:70.22Z|generic_name|structured|PME/micro",""
187,"UN ECLAIR DE DRONE",unknown,,1,"govt_registry",70,medium,No,,,,"",,"NAF_B:43.99D|generic_name|structured|PME/micro",""
188,"PROTECT'DRONE",unknown,,1,"govt_registry",70,medium,No,,,,"",,"NAF_B:70.22Z|generic_name|structured|PME/micro",""
189,"DRONEOPSPRO",unknown,,1,"govt_registry",70,medium,No,,,,"",,"NAF_B:63.11Z|generic_name|structured|PME/micro",""
190,"DRONE M-TEK",unknown,,1,"govt_registry",70,medium,No,,,,"",,"NAF_B:70.22Z|generic_name|structured|PME/micro",""
191,"AGI DRONE & CONSEILS",unknown,,1,"govt_registry",70,medium,No,,,,"",,"NAF_B:70.22Z|generic_name|structured|PME/micro",""
192,"AQUADRONE",unknown,,1,"govt_registry",70,medium,No,,,,"",,"NAF_B:74.90B|generic_name|structured|PME/micro",""
193,"SKF-DRONE",unknown,,1,"govt_registry",70,medium,No,,,,"",,"NAF_B:30.30Z|generic_name|structured|PME/micro",""
194,"BRADLADRONE",unknown,,1,"govt_registry",70,medium,No,,,,"",,"NAF_B:74.90B|generic_name|structured|PME/micro",""
195,"DRONE PHOTOFLY",unknown,,1,"govt_registry",70,medium,No,,,,"",,"NAF_B:74.90B|generic_name|structured|PME/micro",""
196,"SHOOTDRONE SAS",unknown,,1,"govt_registry",70,medium,No,,,,"",,"NAF_B:62.01Z|generic_name|structured|PME/micro",""
197,"YANN DRONEAU",unknown,,1,"govt_registry",70,medium,No,,,,"",,"NAF_A:51.10Z|generic_name|PME/micro",""
198,"CATCH A DRONE",unknown,,1,"govt_registry",70,medium,No,,,,"",,"NAF_B:30.30Z|generic_name|structured|PME/micro",""
199,"AGRIVIEW DRONE",unknown,,1,"govt_registry",70,medium,No,,,,"",,"NAF_B:74.90B|generic_name|structured|PME/micro",""
200,"DRONE IMMERSION",unknown,,1,"govt_registry",70,medium,No,,,,"",,"NAF_B:74.90B|generic_name|structured|PME/micro",""
201,"KD DRONE 974",unknown,,1,"govt_registry",70,medium,No,,,,"",,"NAF_B:74.90B|generic_name|structured|PME/micro",""
202,"GEOTECHDRONE",unknown,,1,"govt_registry",65,medium,No,,,,"",,"NAF_other:71.12A|provider_kw|structured|PME/micro",""
203,"DRONE TOUCH",unknown,,1,"govt_registry",65,medium,No,,,,"",2,"NAF_other:16.10B|generic_name|structured|emp:01|PME/micro",""
204,"DRONES FOR YACHTS",unknown,,1,"govt_registry",65,medium,No,,,,"",2,"NAF_other:77.35Z|generic_name|structured|emp:01|PME/micro",""
205,"ACTION 3DRONES",unknown,,1,"govt_registry",65,medium,No,,,,"",2,"NAF_other:81.29A|generic_name|structured|emp:01|PME/micro",""
206,"CLEAN DRONE 25",unknown,,1,"govt_registry",65,medium,No,,,,"",2,"NAF_other:43.39Z|generic_name|structured|emp:01|PME/micro",""
207,"HYDRONET SERVICE",unknown,,1,"govt_registry",65,medium,No,,,,"",,"NAF_other:42.21Z|provider_kw|structured|PME/micro",""
208,"DRONE HIVE SYSTEMS",unknown,,1,"govt_registry",65,medium,No,,,,"",,"NAF_other:46.49Z|provider_kw|structured|PME/micro",""
209,"HOLDING DR. DRONE",unknown,,1,"govt_registry",65,medium,No,,,,"",2,"NAF_other:82.11Z|generic_name|structured|emp:01|PME/micro",""
210,"DRONE SERVICE 64",unknown,,1,"govt_registry",65,medium,No,,,,"",,"NAF_other:81.29A|provider_kw|structured|PME/micro",""
211,"DRONE SERVICE",unknown,,1,"govt_registry",65,medium,No,,,,"",,"NAF_other:81.29A|provider_kw|structured|PME/micro",""
212,"DRONEXPERTS",unknown,,1,"govt_registry",65,medium,No,,,,"",,"NAF_other:62.02A|provider_kw|structured|PME/micro",""
213,"FL DRONE SERVICE",unknown,,1,"govt_registry",65,medium,No,,,,"",,"NAF_other:71.12A|provider_kw|structured|PME/micro",""
214,"NEW TECH DRONES",unknown,,1,"govt_registry",65,medium,No,,,,"",,"NAF_other:00.00Z|provider_kw|structured|PME/micro",""
215,"DRONES INNOVATIONS",unknown,,1,"govt_registry",65,medium,No,,,,"",,"NAF_other:72.19Z|provider_kw|structured|PME/micro",""
216,"TERRES ET DRONE SERVICES",unknown,,1,"govt_registry",65,medium,No,,,,"",,"NAF_other:01.61Z|provider_kw|structured|PME/micro",""
217,"ALTI'DRONE & SERVICES",unknown,,1,"govt_registry",65,medium,No,,,,"",,"NAF_other:00.00Z|provider_kw|structured|PME/micro",""
218,"POMPES FUNEBRES BODRONE",unknown,,1,"govt_registry",65,medium,No,,,,"",2,"NAF_other:96.03Z|generic_name|structured|emp:01|PME/micro",""
219,"DRONE JET",unknown,,1,"govt_registry",65,medium,No,,,,"",2,"NAF_other:01.61Z|generic_name|structured|emp:01|PME/micro",""
220,"DRONE GEOFENCING",unknown,,1,"govt_registry",65,medium,No,,,,"",15,"NAF_other:58.29C|generic_name|structured|emp:11|PME/micro",""
221,"DRONELOR'N & PLATRERIE",unknown,,1,"govt_registry",65,medium,No,,,,"",2,"NAF_other:43.31Z|generic_name|structured|emp:01|PME/micro",""
222,"SOLUTIONS-DRONES-86",unknown,,1,"govt_registry",65,medium,No,,,,"",,"NAF_other:32.99Z|provider_kw|structured|PME/micro",""
223,"PARROT DRONES",unknown,,1,"govt_registry",65,medium,No,,,,"",150,"NAF_other:26.70Z|generic_name|structured|emp:22|PME/micro",""
224,"SNOWDRONE",unknown,,1,"govt_registry",65,medium,No,,,,"",35,"NAF_other:49.32Z|generic_name|structured|emp:12|PME/micro",""
225,"DRONE REPONSE",unknown,,1,"govt_registry",65,medium,No,,,,"",2,"NAF_other:82.99Z|generic_name|structured|emp:01|PME/micro",""
226,"VISADRONE",unknown,,1,"govt_registry",65,medium,No,,,,"",2,"NAF_other:77.39Z|generic_name|structured|emp:01|PME/micro",""
227,"DRONEAU TP",unknown,,1,"govt_registry",65,medium,No,,,,"",2,"NAF_other:43.12A|generic_name|structured|emp:01|PME/micro",""
228,"DRONE TECHNOLOGY SERVICE",unknown,,1,"govt_registry",65,medium,No,,,,"",,"NAF_other:62.02A|provider_kw|structured|PME/micro",""
229,"IFAC REPA RDRONE-SHOP",unknown,,1,"govt_registry",65,medium,No,,,,"",2,"NAF_other:95.21Z|generic_name|structured|emp:01|PME/micro",""
230,"CARRIERE SAN PEDRONE",unknown,,1,"govt_registry",65,medium,No,,,,"",8,"NAF_other:08.11Z|generic_name|structured|emp:03|PME/micro",""
231,"HELICOANDRONE",unknown,,1,"govt_registry",65,medium,No,,,,"",8,"NAF_other:52.23Z|generic_name|structured|emp:03|PME/micro",""
232,"VERDRONE",unknown,,1,"govt_registry",65,medium,No,,,,"",4,"NAF_other:58.29C|generic_name|structured|emp:02|PME/micro",""
233,"ONE DRONE",unknown,,1,"govt_registry",65,medium,No,,,,"",2,"NAF_other:46.49Z|generic_name|structured|emp:01|PME/micro",""
234,"AUTO FINANCES MADRONET",unknown,,1,"govt_registry",65,medium,No,,,,"",2,"NAF_other:70.10Z|generic_name|structured|emp:01|PME/micro",""
235,"AZUR DRONES",unknown,,1,"govt_registry",65,medium,No,,,,"",75,"NAF_B:74.90B|generic_name|structured|emp:21|ETI",""
236,"DRONE ACT",unknown,,1,"govt_registry",65,medium,No,,,,"",15,"NAF_other:72.19Z|generic_name|structured|emp:11|PME/micro",""
237,"SARL BODRONE ET FILS",unknown,,1,"govt_registry",65,medium,No,,,,"",4,"NAF_other:96.03Z|generic_name|structured|emp:02|PME/micro",""
238,"DASSIEU MOTOCULTURE AIR DRONE SERVICE",unknown,,1,"govt_registry",65,medium,No,,,,"",,"NAF_other:33.12Z|provider_kw|structured|PME/micro",""
239,"DRONE PROTECT SYSTEM",unknown,,1,"govt_registry",65,medium,No,,,,"",,"NAF_other:80.20Z|provider_kw|structured|PME/micro",""
240,"AERO-DRONE-TECHNIC",unknown,,1,"govt_registry",65,medium,No,,,,"",,"NAF_other:82.99Z|provider_kw|structured|PME/micro",""
241,"ARTEDRONE",unknown,,1,"govt_registry",65,medium,No,,,,"",15,"NAF_other:72.19Z|generic_name|structured|emp:11|PME/micro",""
242,"DR ANDRONE",unknown,,1,"govt_registry",65,medium,No,,,,"",2,"NAF_other:86.23Z|generic_name|structured|emp:01|PME/micro",""
243,"ARTISAN MENUISIER DRONET STEPHANE",unknown,,1,"govt_registry",65,medium,No,,,,"",2,"NAF_other:43.32A|generic_name|structured|emp:01|PME/micro",""
244,"Skyvisor",unknown,,1,"google_search",63,medium,No,,,,"",,"dji dock",""
245,"DRONET PLATRERIE",unknown,,1,"govt_registry",60,medium,No,,,,"",,"NAF_other:43.31Z|generic_name|structured|PME/micro",""
246,"FORICHON DRONET",unknown,,1,"govt_registry",60,medium,No,,,,"",,"NAF_other:71.12A|generic_name|structured|PME/micro",""
247,"DRONE SARL",unknown,,1,"govt_registry",60,medium,No,,,,"",,"NAF_other:72.1Z|generic_name|structured|PME/micro",""
248,"TOITURE DRONE",unknown,,1,"govt_registry",60,medium,No,,,,"",,"NAF_other:35.11Z|generic_name|structured|PME/micro",""
249,"CIVIC DRONE",unknown,,1,"govt_registry",60,medium,No,,,,"",,"NAF_other:28.99B|generic_name|structured|PME/micro",""
250,"DRONET YANNICK",unknown,,1,"govt_registry",60,medium,No,,,,"",,"NAF_other:43.91A|generic_name|structured|PME/micro",""
251,"SARL PADRONETE TRADING LDA",unknown,,1,"govt_registry",60,medium,No,,,,"",,"NAF_B:70.22Z|generic_name|PME/micro",""
252,"RAEDEL SON ET LUMIERES                                      DRONE ZEAL PRODUCTION",unknown,,1,"govt_registry",60,medium,No,,,,"",,"NAF_other:90.02Z|generic_name|structured|PME/micro",""
253,"LE PIMPEC-DRONET",unknown,,1,"govt_registry",60,medium,No,,,,"",,"NAF_other:43.34Z|generic_name|structured|PME/micro",""
254,"BP DRONE",unknown,,1,"govt_registry",60,medium,No,,,,"",,"NAF_other:77.11A|generic_name|structured|PME/micro",""
255,"DRONEAU-GAUTHIER PEINTURE",unknown,,1,"govt_registry",60,medium,No,,,,"",,"NAF_other:43.34Z|generic_name|structured|PME/micro",""
256,"HYDRONEO",unknown,,1,"govt_registry",60,medium,No,,,,"",,"NAF_other:35.11Z|generic_name|structured|PME/micro",""
257,"SARL VDRONE CONCEPT",unknown,,1,"govt_registry",60,medium,No,,,,"",,"NAF_other:46.19B|generic_name|structured|PME/micro",""
258,"HYDRONEO OO",unknown,,1,"govt_registry",60,medium,No,,,,"",,"NAF_other:35.11Z|generic_name|structured|PME/micro",""
259,"SACERDRONE",unknown,,1,"govt_registry",60,medium,No,,,,"",,"NAF_other:74.10Z|generic_name|structured|PME/micro",""
260,"HYDRONEO SOLAR 1",unknown,,1,"govt_registry",60,medium,No,,,,"",,"NAF_other:35.11Z|generic_name|structured|PME/micro",""
261,"HYDRONEO SOLAR 2",unknown,,1,"govt_registry",60,medium,No,,,,"",,"NAF_other:35.11Z|generic_name|structured|PME/micro",""
262,"TONNER DRONES",unknown,,1,"govt_registry",60,medium,No,,,,"",,"NAF_other:46.52Z|generic_name|structured|PME/micro",""
263,"DRONE AGRI",unknown,,1,"govt_registry",60,medium,No,,,,"",,"NAF_other:46.69A|generic_name|structured|PME/micro",""
264,"INTELLIGENCE OF DRONE",unknown,,1,"govt_registry",60,medium,No,,,,"",,"NAF_other:80.20Z|generic_name|structured|PME/micro",""
265,"TOP DRONE 60",unknown,,1,"govt_registry",60,medium,No,,,,"",,"NAF_other:82.30Z|generic_name|structured|PME/micro",""
266,"SPLENDID DRONES",unknown,,1,"govt_registry",60,medium,No,,,,"",,"NAF_other:90.01Z|generic_name|structured|PME/micro",""
267,"D'AIR DRONE",unknown,,1,"govt_registry",60,medium,No,,,,"",,"NAF_other:43.34Z|generic_name|structured|PME/micro",""
268,"HYDRONET ASSAINISSEMENT",unknown,,1,"govt_registry",60,medium,No,,,,"",,"NAF_other:43.12A|generic_name|structured|PME/micro",""
269,"ARADRONE",unknown,,1,"govt_registry",60,medium,No,,,,"",,"NAF_other:45.11Z|generic_name|structured|PME/micro",""
270,"METHODRONE DEVELOPPEMENT",unknown,,1,"govt_registry",60,medium,No,,,,"",,"NAF_other:77.40Z|generic_name|structured|PME/micro",""
271,"DRONE PLEIN SUD",unknown,,1,"govt_registry",60,medium,No,,,,"",,"NAF_other:00.00Z|generic_name|structured|PME/micro",""
272,"DRONET",unknown,,1,"govt_registry",60,medium,No,,,,"",,"NAF_other:43.39Z|generic_name|structured|PME/micro",""
273,"TOPO DRONE SBH",unknown,,1,"govt_registry",60,medium,No,,,,"",,"NAF_other:71.12A|generic_name|structured|PME/micro",""
274,"AH DRONE",unknown,,1,"govt_registry",60,medium,No,,,,"",,"NAF_other:26.11Z|generic_name|structured|PME/micro",""
275,"IDEAL DRONE",unknown,,1,"govt_registry",60,medium,No,,,,"",,"NAF_other:01.61Z|generic_name|structured|PME/micro",""
276,"DRONE COM KARAIB",unknown,,1,"govt_registry",60,medium,No,,,,"",,"NAF_other:58.14Z|generic_name|structured|PME/micro",""
277,"DRONE PRECISION MAYENNAIS",unknown,,1,"govt_registry",60,medium,No,,,,"",,"NAF_other:01.61Z|generic_name|structured|PME/micro",""
278,"SONODRONE",unknown,,1,"govt_registry",60,medium,No,,,,"",,"NAF_other:90.02Z|generic_name|structured|PME/micro",""
279,"VISUDRONE",unknown,,1,"govt_registry",60,medium,No,,,,"",,"NAF_other:71.12A|generic_name|structured|PME/micro",""
280,"METHODRONE HOLDING",unknown,,1,"govt_registry",60,medium,No,,,,"",,"NAF_other:70.10Z|generic_name|structured|PME/micro",""
281,"METHODRONE DISTRIBUTION",unknown,,1,"govt_registry",60,medium,No,,,,"",,"NAF_other:47.91A|generic_name|structured|PME/micro",""
282,"DEPART DRONE 78",unknown,,1,"govt_registry",60,medium,No,,,,"",,"NAF_other:81.29A|generic_name|structured|PME/micro",""
283,"DRONE FRANCE",unknown,,1,"govt_registry",60,medium,No,,,,"",,"NAF_other:81.29A|generic_name|structured|PME/micro",""
284,"SIDRONE",unknown,,1,"govt_registry",60,medium,No,,,,"",,"NAF_other:82.11Z|generic_name|structured|PME/micro",""
285,"CIDRONEL",unknown,,1,"govt_registry",60,medium,No,,,,"",,"NAF_other:70.10Z|generic_name|structured|PME/micro",""
286,"DRONE DE DOME",unknown,,1,"govt_registry",60,medium,No,,,,"",,"NAF_other:82.99Z|generic_name|structured|PME/micro",""
287,"RTK DRONE",unknown,,1,"govt_registry",60,medium,No,,,,"",,"NAF_other:45.32Z|generic_name|structured|PME/micro",""
288,"ANTILLES GUYANE DRONE CONCEPT",unknown,,1,"govt_registry",60,medium,No,,,,"",,"NAF_other:00.00Z|generic_name|structured|PME/micro",""
289,"MA TOPO DRONE",unknown,,1,"govt_registry",60,medium,No,,,,"",,"NAF_other:71.12A|generic_name|structured|PME/micro",""
290,"TOPODRONE SOLUTION",unknown,,1,"govt_registry",60,medium,No,,,,"",,"NAF_other:71.12A|generic_name|structured|PME/micro",""
291,"TOWER DRONE",unknown,,1,"govt_registry",60,medium,No,,,,"",,"NAF_other:52.23Z|generic_name|structured|PME/micro",""
292,"SPACEDRONE-DATALINK",unknown,,1,"govt_registry",60,medium,No,,,,"",,"NAF_other:72.19Z|generic_name|structured|PME/micro",""
293,"ZONE DE DRONE",unknown,,1,"govt_registry",60,medium,No,,,,"",,"NAF_other:00.00Z|generic_name|structured|PME/micro",""
294,"DRONE BY NATURE",unknown,,1,"govt_registry",60,medium,No,,,,"",,"NAF_other:63.12Z|generic_name|structured|PME/micro",""
295,"DRONE AGRI CORSE",unknown,,1,"govt_registry",60,medium,No,,,,"",,"NAF_other:01.61Z|generic_name|structured|PME/micro",""
296,"BV-DRONE",unknown,,1,"govt_registry",60,medium,No,,,,"",,"NAF_other:01.61Z|generic_name|structured|PME/micro",""
297,"ALPHA DRONE OPERATION",unknown,,1,"govt_registry",60,medium,No,,,,"",,"NAF_other:00.00Z|generic_name|structured|PME/micro",""
298,"SKYDRONE INVEST",unknown,,1,"govt_registry",60,medium,No,,,,"",,"NAF_other:70.10Z|generic_name|structured|PME/micro",""
299,"BRUDRONE",unknown,,1,"govt_registry",60,medium,No,,,,"",,"NAF_other:74.10Z|generic_name|structured|PME/micro",""
300,"USINAGE-CHAUDRONERIE-SOUDURE",unknown,,1,"govt_registry",60,medium,No,,,,"",,"NAF_other:25.62B|generic_name|structured|PME/micro",""
301,"ECODRONE3D",unknown,,1,"govt_registry",60,medium,No,,,,"",,"NAF_other:43.99A|generic_name|structured|PME/micro",""
302,"SKYDRONE CAPITAL",unknown,,1,"govt_registry",60,medium,No,,,,"",,"NAF_other:70.10Z|generic_name|structured|PME/micro",""
303,"Takeoffformation",unknown,,1,"google_search",60,medium,No,,,,"",,"dji dock",""
304,"EFS DRONES",unknown,,1,"govt_registry",60,medium,No,,,,"",,"NAF_other:26.12Z|generic_name|structured|PME/micro",""
305,"QUADRONE ELECTRICITE",unknown,,1,"govt_registry",60,medium,No,,,,"",,"NAF_other:43.21A|generic_name|structured|PME/micro",""
306,"MAISON MADRONET",unknown,,1,"govt_registry",60,medium,No,,,,"",,"NAF_other:52.4J|generic_name|structured|PME/micro",""
307,"ABC DRONE",unknown,,1,"govt_registry",60,medium,No,,,,"",,"NAF_other:52.23Z|generic_name|structured|PME/micro",""
308,"DRONETAIR",unknown,,1,"govt_registry",60,medium,No,,,,"",,"NAF_other:58.29A|generic_name|structured|PME/micro",""
309,"TOUT LE DRONE",unknown,,1,"govt_registry",60,medium,No,,,,"",,"NAF_other:32.99Z|generic_name|structured|PME/micro",""
310,"SAS DRONEST",unknown,,1,"govt_registry",60,medium,No,,,,"",,"NAF_other:82.99Z|generic_name|structured|PME/micro",""
311,"CESA DRONES",unknown,,1,"govt_registry",60,medium,No,,,,"",,"NAF_other:72.19Z|generic_name|structured|PME/micro",""
312,"DRONE ALPILLES",unknown,,1,"govt_registry",60,medium,No,,,,"",,"NAF_other:00.00Z|generic_name|structured|PME/micro",""
313,"AVM DRONE 27",unknown,,1,"govt_registry",60,medium,No,,,,"",,"NAF_other:01.61Z|generic_name|structured|PME/micro",""
314,"EVODRONE",unknown,,1,"govt_registry",60,medium,No,,,,"",,"NAF_other:72.19Z|generic_name|structured|PME/micro",""
315,"SEE BY DRONE",unknown,,1,"govt_registry",60,medium,No,,,,"",,"NAF_other:70.21Z|generic_name|structured|PME/micro",""
316,"SPECDRONE",unknown,,1,"govt_registry",60,medium,No,,,,"",,"NAF_other:47.11B|generic_name|structured|PME/micro",""
317,"NATURA DRONE",unknown,,1,"govt_registry",60,medium,No,,,,"",,"NAF_other:71.12A|generic_name|structured|PME/micro",""
318,"ASTRATUS FILM & DRONE",unknown,,1,"govt_registry",60,medium,No,,,,"",,"NAF_other:59.11C|generic_name|structured|PME/micro",""
319,"RELAIS STATION DU SAN PEDRONE",unknown,,1,"govt_registry",60,medium,No,,,,"",,"NAF_other:00.00Z|generic_name|structured|PME/micro",""
320,"HDRONES",unknown,,1,"govt_registry",60,medium,No,,,,"",,"NAF_other:77.35Z|generic_name|structured|PME/micro",""
321,"NEW-R-DRONE",unknown,,1,"govt_registry",60,medium,No,,,,"",,"NAF_other:72.19Z|generic_name|structured|PME/micro",""
322,"DRONES ATILLA",unknown,,1,"govt_registry",60,medium,No,,,,"",,"NAF_other:46.49Z|generic_name|structured|PME/micro",""
323,"NAP DRONES",unknown,,1,"govt_registry",60,medium,No,,,,"",,"NAF_other:00.00Z|generic_name|structured|PME/micro",""
324,"GO RDRONE",unknown,,1,"govt_registry",60,medium,No,,,,"",,"NAF_other:43.32B|generic_name|structured|PME/micro",""
325,"SAS JURIS DRONE",unknown,,1,"govt_registry",60,medium,No,,,,"",,"NAF_other:62.03Z|generic_name|structured|PME/micro",""
326,"TD DRONE",unknown,,1,"govt_registry",60,medium,No,,,,"",,"NAF_other:81.29A|generic_name|structured|PME/micro",""
327,"DRONE EN SCENE",unknown,,1,"govt_registry",60,medium,No,,,,"",,"NAF_other:90.02Z|generic_name|structured|PME/micro",""
328,"TOURNAGE DRONE PARIS",unknown,,1,"govt_registry",60,medium,No,,,,"",,"NAF_other:77.39Z|generic_name|structured|PME/micro",""
329,"DRONEAU INVEST",unknown,,1,"govt_registry",60,medium,No,,,,"",,"NAF_other:70.10Z|generic_name|structured|PME/micro",""
330,"DRONE INOVE GEOMETRE",unknown,,1,"govt_registry",60,medium,No,,,,"",,"NAF_other:71.12A|generic_name|structured|PME/micro",""
331,"SPARNACUS DRONE",unknown,,1,"govt_registry",60,medium,No,,,,"",,"NAF_other:01.61Z|generic_name|structured|PME/micro",""
332,"CRYSTAL-DRONE",unknown,,1,"govt_registry",60,medium,No,,,,"",,"NAF_other:90.02Z|generic_name|structured|PME/micro",""
333,"HOLDING HYDRONET",unknown,,1,"govt_registry",60,medium,No,,,,"",,"NAF_other:70.10Z|generic_name|structured|PME/micro",""
334,"OA DRONE",unknown,,1,"govt_registry",60,medium,No,,,,"",,"NAF_other:71.12A|generic_name|structured|PME/micro",""
335,"DRONE VERT",unknown,,1,"govt_registry",60,medium,No,,,,"",,"NAF_other:01.61Z|generic_name|structured|PME/micro",""
336,"ASSOCIATION DRONE MY VIDEO",unknown,,1,"govt_registry",60,medium,No,,,,"",,"NAF_B:30.30Z|generic_name|PME/micro",""
337,"AGRIBIO DRONE",unknown,,1,"govt_registry",60,medium,No,,,,"",,"NAF_other:01.61Z|generic_name|structured|PME/micro",""
338,"DRONE BAT - ISERE NUISIBLES - GUEPES38",unknown,,1,"govt_registry",60,medium,No,,,,"",,"NAF_other:81.29A|generic_name|structured|PME/micro",""
339,"PLANETE DRONE 4G",unknown,,1,"govt_registry",60,medium,No,,,,"",,"NAF_other:53.20Z|generic_name|structured|PME/micro",""
340,"LIPS DRONE",unknown,,1,"govt_registry",60,medium,No,,,,"",,"NAF_other:77.39Z|generic_name|structured|PME/micro",""
341,"NORTH DRONES EQUIPEMENTS",unknown,,1,"govt_registry",60,medium,No,,,,"",,"NAF_other:28.99B|generic_name|structured|PME/micro",""
342,"L'ATOUT DU DRONE",unknown,,1,"govt_registry",60,medium,No,,,,"",,"NAF_other:71.12A|generic_name|structured|PME/micro",""
343,"DRONEMATCH FRANCE SAS",unknown,,1,"govt_registry",60,medium,No,,,,"",,"NAF_other:63.12Z|generic_name|structured|PME/micro",""
344,"VEGETAL DRONE",unknown,,1,"govt_registry",60,medium,No,,,,"",,"NAF_other:01.61Z|generic_name|structured|PME/micro",""
345,"RDRONE CONCEPT",unknown,,1,"govt_registry",60,medium,No,,,,"",,"NAF_other:81.29A|generic_name|structured|PME/micro",""
346,"ENVIDRONE",unknown,,1,"govt_registry",60,medium,No,,,,"",,"NAF_other:85.53Z|generic_name|structured|PME/micro",""
347,"LUCIOLE DRONE",unknown,,1,"govt_registry",60,medium,No,,,,"",,"NAF_other:90.03B|generic_name|structured|PME/micro",""
348,"DRONE AGRICULTURE ALPILLES",unknown,,1,"govt_registry",60,medium,No,,,,"",,"NAF_other:01.61Z|generic_name|structured|PME/micro",""
349,"LE CLOS ANDRONE",unknown,,1,"govt_registry",60,medium,No,,,,"",,"NAF_other:55.20Z|generic_name|structured|PME/micro",""
350,"ARTOIT  DRONE",unknown,,1,"govt_registry",60,medium,No,,,,"",,"NAF_other:46.49Z|generic_name|structured|PME/micro",""
351,"HYDRONETT SARL",unknown,,1,"govt_registry",60,medium,No,,,,"",,"NAF_other:93.0B|generic_name|structured|PME/micro",""
352,"SAN PEDRONE",unknown,,1,"govt_registry",60,medium,No,,,,"",,"NAF_other:26.7Z|generic_name|structured|PME/micro",""
353,"SARL IDRONEGOMINE",unknown,,1,"govt_registry",60,medium,No,,,,"",,"NAF_other:25.01|generic_name|structured|PME/micro",""
354,"EURL JP DRONET DECORATION",unknown,,1,"govt_registry",60,medium,No,,,,"",,"NAF_other:31.09B|generic_name|structured|PME/micro",""
355,"HYDRONET",unknown,,1,"govt_registry",60,medium,No,,,,"",,"NAF_other:74.7Z|generic_name|structured|PME/micro",""
356,"SARL L'ANDRONE",unknown,,1,"govt_registry",60,medium,No,,,,"",,"NAF_other:52.4Z|generic_name|structured|PME/micro",""
357,"COMMUNE DE SAINT PARDOUX DE DRONE",unknown,,1,"govt_registry",55,low,No,,,,"",8,"NAF_other:84.11Z|generic_name|emp:03|PME/micro",""
358,"CENTRE D'INNOVATION DRONES NORMANDIE",unknown,,1,"govt_registry",55,low,No,,,,"",,"NAF_other:72.19Z|provider_kw|PME/micro",""
359,"COMMUNE DE SAINT MEARD DE DRONE",unknown,,1,"govt_registry",55,low,No,,,,"",8,"NAF_other:84.11Z|generic_name|emp:03|PME/micro",""
360,"DRONES MUSIC ASSOCIATION",unknown,,1,"govt_registry",50,low,No,,,,"",,"NAF_other:90.01Z|generic_name|PME/micro",""
361,"UNION NATIONALE DES EXPLOITANTS ET DES PROFESSIONNELS DE L'AERONAUTIQUE TELEPILOTEE",unknown,,1,"govt_registry",50,low,No,,,,"",,"NAF_other:94.12Z|generic_name|PME/micro",""
362,"RECHERCHE, ASSISTANCE, INVESTIGATION PAR DRONES RAID",unknown,,1,"govt_registry",50,low,No,,,,"",,"NAF_other:84.25Z|generic_name|PME/micro",""
363,"MALANDRONE",unknown,,1,"govt_registry",50,low,No,,,,"",,"NAF_other:14.13Z|generic_name|PME/micro",""
364,"SC DES ANDRONES 2",unknown,,1,"govt_registry",50,low,No,,,,"",,"NAF_other:66.30Z|generic_name|PME/micro",""
365,"SC DES ANDRONES 3",unknown,,1,"govt_registry",50,low,No,,,,"",,"NAF_other:66.30Z|generic_name|PME/micro",""
366,"OTO DRONE & COM",unknown,,1,"govt_registry",50,low,No,,,,"",,"NAF_other:70.21Z|generic_name|PME/micro",""
367,"2 RUE CLAIRE DRONEAU",unknown,,1,"govt_registry",50,low,No,,,,"",,"NAF_other:55.20Z|generic_name|PME/micro",""
368,"FORENSIC DRONE RESEARCH",unknown,,1,"govt_registry",50,low,No,,,,"",,"NAF_other:72.19Z|generic_name|PME/micro",""
369,"GEODRONE57",unknown,,1,"govt_registry",50,low,No,,,,"",,"NAF_other:63.99Z|generic_name|PME/micro",""
370,"DRONE ACCES",unknown,,1,"govt_registry",50,low,No,,,,"",,"NAF_other:82.99Z|generic_name|PME/micro",""
371,"QR'DRONE",unknown,,1,"govt_registry",50,low,No,,,,"",,"NAF_other:52.24B|generic_name|PME/micro",""
372,"DRONE OVER",unknown,,1,"govt_registry",50,low,No,,,,"",,"NAF_other:90.01Z|generic_name|PME/micro",""
373,"SCI CLAIRE DRONEAU",unknown,,1,"govt_registry",50,low,No,,,,"",,"NAF_other:70.2C|generic_name|PME/micro",""
374,"GAEC DRONET",unknown,,1,"govt_registry",50,low,No,,,,"",,"NAF_other:01.42Z|generic_name|PME/micro",""
375,"SC DES ANDRONES",unknown,,1,"govt_registry",50,low,No,,,,"",,"NAF_other:66.30Z|generic_name|PME/micro",""
376,"DRONEAU",unknown,,1,"govt_registry",50,low,No,,,,"",,"NAF_other:01.2A|generic_name|PME/micro",""
377,"CEDRONE",unknown,,1,"govt_registry",50,low,No,,,,"",,"NAF_other:86.90E|generic_name|PME/micro",""
378,"SCI DES ANDRONES",unknown,,1,"govt_registry",50,low,No,,,,"",,"NAF_other:55.10Z|generic_name|PME/micro",""
379,"SYN-DRONE PRODUCTION",unknown,,1,"govt_registry",50,low,No,,,,"",,"NAF_other:90.01Z|generic_name|PME/micro",""
380,"DRONEAID COLLECTIVE",unknown,,1,"govt_registry",50,low,No,,,,"",,"NAF_other:94.12Z|generic_name|PME/micro",""
381,"CIE SANDRONE ET ARTIFICES",unknown,,1,"govt_registry",50,low,No,,,,"",,"NAF_other:90.01Z|generic_name|PME/micro",""
382,"ASSOCIATION DRONE SWEET DRONE",unknown,,1,"govt_registry",50,low,No,,,,"",,"NAF_other:59.20Z|generic_name|PME/micro",""
383,"POWELL BODRONE",unknown,,1,"govt_registry",50,low,No,,,,"",,"NAF_other:86.90D|generic_name|PME/micro",""
384,"DRONE TEMPLE",unknown,,1,"govt_registry",50,low,No,,,,"",,"NAF_other:90.01Z|generic_name|PME/micro",""
385,"FEDERATION PROFESSIONNELLE DU DRONE CIVIL U1/2 FPDC",unknown,,1,"govt_registry",50,low,No,,,,"",,"NAF_other:94.12Z|generic_name|PME/micro",""
386,"SQUADRONE VOLANTE",unknown,,1,"govt_registry",50,low,No,,,,"",,"NAF_other:82.30Z|generic_name|PME/micro",""
387,"DRUMS AND DRONES",unknown,,1,"govt_registry",50,low,No,,,,"",,"NAF_other:90.02Z|generic_name|PME/micro",""