Company Name,Location,Rating Score,Category,Resolved Website
HOVER UAV PTY LTD,"MUDGEERABA, Qld",240,Key Integrator / Innovator,https://hoveruav.com.au
UAVISUALS PTY LTD,"QUINNS ROCKS, Western Australia",240,Key Integrator / Innovator,https://uavisuals.com
SPHERE DRONES (SYDNEY) PTY LTD,"SEVEN HILLS, New South Wales",240,Key Integrator / Innovator,https://spheredrones.com.au
STEVTECH PTY LTD,"DUBBO, New South Wales",230,Key Integrator / Innovator,https://stevtech.com.au
C.R. KENNEDY & COMPANY PROPRIETARY LIMITED,"PORT MELBOURNE, Vic",220,Key Integrator / Innovator,https://crkennedy.com.au
AGL ENERGY LIMITED,"SYDNEY, NSW",220,Major Asset Owner / Tier 1,https://agl.com.au
WHITEHAVEN COAL MINING LIMITED,"GUNNEDAH, NSW",220,Major Asset Owner / Tier 1,https://whitehavencoal.com.au
ORIGIN ENERGY LIMITED,"BARANGAROO, NSW",220,Major Asset Owner / Tier 1,https://originenergy.com.au
ERGON ENERGY CORPORATION LIMITED,"NEWSTEAD, Qld",220,Major Asset Owner / Tier 1,https://ergon.com.au
WOODSIDE ENERGY LTD.,"PERTH, WA",215,Major Asset Owner / Tier 1,https://woodside.com.au
FULTON HOGAN CONSTRUCTION PTY LTD,"ALEXANDRIA, NSW",210,Major Asset Owner / Tier 1,https://fultonhogan.com
SENSOREM PTY LTD,"SUBIACO, Western Australia",210,Key Integrator / Innovator,https://sensorem.com.au
CARBONIX OPERATIONS PTY LTD,"ARTARMON, New South Wales",210,Key Integrator / Innovator,https://carbonix.com.au
RocketDNA (AU) Pty Ltd,"OSBORNE PARK, WA",210,Key Integrator / Innovator,https://rocketdna.com
STATE OF NEW SOUTH WALES REPRESENTED BY ESSENTIAL ENERGY,"PORT MACQUARIE, NSW",200,Major Asset Owner / Tier 1,https://essentialenergy.com.au
SYDNEY WATER CORPORATION,"PARRAMATTA, NSW",200,Major Asset Owner / Tier 1,https://sydneywater.com.au
ANGLO AMERICAN EXPLORATION (AUSTRALIA) PTY LIMITED,"BRISBANE CITY, Queensland",185,Major Asset Owner / Tier 1,https://australia.angloamerican.com
ENVIRONMENT & AGRICULTURAL MANAGEMENT SOLUTIONS PTY LTD,"NARRABRI, New South Wales",180,Industrial/Engineering Entity,https://www.google.com/search?q=ENVIRONMENT+and+AGRICULTURAL+MANAGEMENT+SOLUTIONS+official+website+Australia
DRONE AGRICULTURAL REMOTE TECHNOLOGY PTY LTD,"CUMBERLAND PARK, SA",180,Specialized Drone Service Provider,https://www.google.com/search?q=DRONE+AGRICULTURAL+REMOTE+TECHNOLOGY+official+website+Australia
BHP IRON ORE PTY LTD,"PERTH, WA",175,Major Asset Owner / Tier 1,https://bhp.com
GLENCORE AUSTRALIA HOLDINGS PTY LIMITED,"SYDNEY, NSW",170,Major Asset Owner / Tier 1,https://glencore.com.au
RIO TINTO EXPLORATION PTY LIMITED,"BELMONT, WA",170,Major Asset Owner / Tier 1,https://riotinto.com
RIO TINTO ALUMINIUM (BELL BAY) LIMITED,"BELL BAY, Tas",170,Major Asset Owner / Tier 1,https://riotinto.com
SMEC AUSTRALIA PTY. LIMITED,"NORTH SYDNEY, NSW",170,Major Asset Owner / Tier 1,https://smec.com
TELSTRA CORPORATION LIMITED,"NINGI, Qld",170,Major Asset Owner / Tier 1,https://telstra.com.au
FORTESCUE LTD,"PERTH, WA",165,Major Asset Owner / Tier 1,https://fortescue.com
NEWMONT BODDINGTON GOLD PTY LTD,"SUBIACO, Western Australia",160,Major Asset Owner / Tier 1,https://newmont.com
JOHN HOLLAND PTY LTD,"MELBOURNE, Vic",160,Major Asset Owner / Tier 1,https://johnholland.com.au
FULTON HOGAN INDUSTRIES PTY LTD,"DANDENONG SOUTH, Vic",160,Major Asset Owner / Tier 1,https://fultonhogan.com
AUSGRID MANAGEMENT PTY LTD,"HAYMARKET, NSW",160,Major Asset Owner / Tier 1,https://ausgrid.com.au
SOUTH32 WORSLEY ALUMINA PTY LTD,"BODDINGTON, WA",160,Major Asset Owner / Tier 1,https://south32.net
NORTHERN STAR (THUNDERBOX) PTY LTD,"LEONORA, WA",160,Major Asset Owner / Tier 1,https://nsrltd.com
JACOBS GROUP (AUSTRALIA) PTY LTD,"NORTH SYDNEY, NSW",160,Major Asset Owner / Tier 1,https://jacobs.com
EAGLE EYE VISION PTY LTD,"ARMIDALE, NSW",160,Major Asset Owner / Tier 1,https://eagleeyevision.com.au
X-DRONE AGRICULTURAL SERVICES PTY LTD,"GISBORNE, Victoria",160,Specialized Drone Service Provider,https://xdroneagriculturalservices.com.au
BHP OLYMPIC DAM CORPORATION PTY LTD,"Olympic Dam, SA",160,Major Asset Owner / Tier 1,https://bhp.com
GIPPSLAND AGRICULTURAL DRONE SPRAYING & CONTRACTING PTY LTD,"WARRAGUL, Victoria",140,Specialized Drone Service Provider,https://gippslandag.com.au
AUSTRALIAN AGRICULTURAL DRONES PTY LTD,"WINDSOR, Queensland",140,Specialized Drone Service Provider,https://australianagriculturaldrones.com.au
PEMBROKE RESOURCES MINING PTY LIMITED,"BRISBANE CITY, Queensland",135,Industrial/Engineering Entity,https://www.google.com/search?q=PEMBROKE+RESOURCES+MINING+PTY+official+website+Australia
WATER INFRASTRUCTURE SERVICES PTY LTD,"BURPENGARY EAST, Queensland",130,Industrial/Engineering Entity,https://waterinfrastructureservices.com.au
WASP AGRICULTURAL SERVICES PTY LTD,"BROOKVALE, New South Wales",130,Industrial/Engineering Entity,https://waspagriculturalservices.com.au
GROVELAND AGRICULTURAL SERVICES PTY LTD,"CURRABUBULA, New South Wales",130,Industrial/Engineering Entity,https://grovelandagriculturalservices.com.au
ROBINSON ENGINEERING SURVEYS PTY LTD,"GLADSTONE, Qld",125,Industrial/Engineering Entity,https://robinsonengineeringsurveys.com.au
INDIGENOUS MINING & ENERGY CONSULTANTS NT PTY LTD,"DARWIN, NT",125,Industrial/Engineering Entity,https://imecnt.com.au
AIE ENGINEERING AND CONSTRUCTION MANAGEMENT PTY LTD,"Port Hedland, WA",125,Industrial/Engineering Entity,https://www.google.com/search?q=AIE+ENGINEERING+AND+CONSTRUCTION+MANAGEMENT+official+website+Australia
BM ENGINEERING SURVEYS PTY LTD,"KARRATHA, Western Australia",125,Industrial/Engineering Entity,https://bmengineeringsurveys.com.au
DRONE & GEOSPATIAL SERVICES PTY LTD,"PARRAMATTA, New South Wales",110,Specialized Drone Service Provider,https://www.google.com/search?q=DRONE+and+GEOSPATIAL+SERVICES+official+website+Australia
BIO ENERGY RESOURCES PTY LTD,"COTTESLOE, WA",110,Industrial/Engineering Entity,https://bioenergyresources.com.au
ENVIRONMENTAL DRONE SOLUTIONS PTY LTD,"GUILDFORD SOUTH, WA",110,Specialized Drone Service Provider,https://environmentaldronesolutions.com.au
MENSURA ENGINEERING SURVEYS PTY LTD,"YALYALUP, Western Australia",110,Industrial/Engineering Entity,https://mensuraengineeringsurveys.com.au
ENERVEN ENERGY INFRASTRUCTURE PTY LTD,"HINDMARSH, SA",110,Industrial/Engineering Entity,https://enervenenergyinfrastructure.com.au
ENGINEERING SURVEYS PTY. LTD.,"HINDMARSH, SA",110,Industrial/Engineering Entity,https://engineeringsurveys.com.au
HUTCH ENGINEERING SURVEYS PTY LTD,"TALLEBUDGERA VALLEY, Qld",110,Industrial/Engineering Entity,https://hutchengineeringsurveys.com.au
VFT ENGINEERING SURVEYORS PTY LTD,"WEST GOSFORD, NSW",110,Industrial/Engineering Entity,https://vftengineeringsurveyors.com.au
ZONE 50 ENGINEERING SURVEYS PTY LTD,"BELMONT, WA",110,Industrial/Engineering Entity,https://www.google.com/search?q=ZONE+50+ENGINEERING+SURVEYS+official+website+Australia
FNQ ENGINEERING SURVEYING PTY LTD,"STRATFORD, Queensland",110,Industrial/Engineering Entity,https://fnqengineeringsurveying.com.au
M B M MINING SURVEYORS PTY LTD,"WOODVALE, WA",110,Industrial/Engineering Entity,https://www.google.com/search?q=M+B+M+MINING+SURVEYORS+official+website+Australia
OSPREY ENGINEERING SURVEYS PTY LTD,"BASSENDEAN, Western Australia",110,Industrial/Engineering Entity,https://ospreyengineeringsurveys.com.au
GM- CIVIL AND CONSTRUCTION SURVEYING PTY LTD,"BRENDALE, Qld",110,Industrial/Engineering Entity,https://www.google.com/search?q=GM+CIVIL+AND+CONSTRUCTION+SURVEYING+official+website+Australia
SURVEY AND DRAFTING RESOURCES PTY LTD,"SINGLETON, NSW",110,Industrial/Engineering Entity,https://www.google.com/search?q=SURVEY+AND+DRAFTING+RESOURCES+official+website+Australia
FASTRAK AGRICULTURE AIRBORNE SYSTEMS PTY LTD,"KORUMBURRA, Victoria",110,Specialized Drone Service Provider,https://www.google.com/search?q=FASTRAK+AGRICULTURE+AIRBORNE+SYSTEMS+official+website+Australia
CENTRAL HIGHLANDS ENGINEERING SURVEYS PTY LTD,"EMERALD, Qld",110,Industrial/Engineering Entity,https://www.google.com/search?q=CENTRAL+HIGHLANDS+ENGINEERING+SURVEYS+official+website+Australia
MID COAST AGRI DRONES PTY. LIMITED,"BUNDOOK, New South Wales",100,Specialized Drone Service Provider,https://www.google.com/search?q=MID+COAST+AGRI+DRONES+PTY+official+website+Australia
AUTONOMOUS FARMING SOLUTIONS PTY LTD.,"LYMWOOD, Tasmania",100,Industrial/Engineering Entity,https://autonomousfarmingsolutions.com.au
AUSTRALIA AGRITECH PTY LTD,"PERTH, WA",95,Industrial/Engineering Entity,https://australiaagritech.com.au
UNMANNED AERIAL VEHICLE SERVICES AUSTRALIA PTY LTD,"ST KILDA, Vic",90,Specialized Drone Service Provider,https://www.google.com/search?q=UNMANNED+AERIAL+VEHICLE+SERVICES+AUSTRALIA+official+website+Australia
TWO70 DEGREE DRONE SURVEY AND SERVICE PTY LTD,"GLENFIELD, New South Wales",90,Specialized Drone Service Provider,https://www.google.com/search?q=TWO70+DEGREE+DRONE+SURVEY+AND+SERVICE+official+website+Australia
AGRIAIR PTY LTD,"MOREE, New South Wales",90,Specialized Drone Service Provider,https://agriair.com.au
AGRIDRONE AU HOLDINGS PTY LTD,"HUMULA, New South Wales",90,Specialized Drone Service Provider,https://agridroneauholdings.com.au
DROPSAW UAV DRONE SERVICES PTY LTD,"YEPPOON, Queensland",90,Specialized Drone Service Provider,https://www.google.com/search?q=DROPSAW+UAV+DRONE+SERVICES+official+website+Australia
DRONE AGRICULTURE PTY LTD,"ROCKYVIEW, Qld",90,Specialized Drone Service Provider,https://droneagriculture.com.au
GREENSKY DRONE SERVICES PTY LTD,"MOUNT PLEASANT, Queensland",90,Specialized Drone Service Provider,https://greenskydroneservices.com.au
PJ DRONE SURVEY PTY LTD,"MORNINGTON, Vic",90,Specialized Drone Service Provider,https://pjdronesurvey.com.au
SKYHIGH DRONE SOLUTIONS PTY LTD,"CONDELL PARK, New South Wales",90,Specialized Drone Service Provider,https://skyhighdronesolutions.com.au
NEWTECH SURVEY PTY LIMITED,"BERESFIELD, New South Wales",90,Industrial/Engineering Entity,https://newtechsurveypty.com.au
AVIATION & MARINE AUSTRALIA PTY LTD,"KEWARRA BEACH, Queensland",90,Specialized Drone Service Provider,https://www.google.com/search?q=AVIATION+and+MARINE+AUSTRALIA+official+website+Australia
HELICOPTER RESOURCES PTY. LTD.,"TYABB, Vic",90,Specialized Drone Service Provider,https://helicopterresources.com.au
AGRICULTURE AIR PTY LTD,"UPPER STOWPORT, Tasmania",90,Specialized Drone Service Provider,https://agricultureair.com.au
AUSTRALIAN BOREHOLE IMAGERY & MAPPING SOLUTIONS PTY LTD,"KALGOORLIE, Western Australia",85,Other Operator,https://www.google.com/search?q=AUSTRALIAN+BOREHOLE+IMAGERY+and+MAPPING+SOLUTIONS+official+website+Australia
GROOTE EYLANDT MINING COMPANY PROPRIETARY LIMITED,"PERTH, WA",85,Industrial/Engineering Entity,https://www.google.com/search?q=GROOTE+EYLANDT+MINING+COMPANY+PROPRIETARY+official+website+Australia
SUNWATER LIMITED,"BRISBANE, Qld",85,Industrial/Engineering Entity,https://sunwater.com.au
SURVEYING SOLUTIONS AUSTRALIA PTY LTD,"BUSHLAND BEACH, Qld",80,Industrial/Engineering Entity,https://surveyingsolutionsaustralia.com.au
AVIATION & TECHNICAL SERVICES PTY LTD,"HAZELBROOK, NSW",80,Specialized Drone Service Provider,https://www.google.com/search?q=AVIATION+and+TECHNICAL+SERVICES+official+website+Australia
ASSET INTEGRITY SURVEY SERVICES PTY LTD,"WELLINGTON POINT, Queensland",80,Industrial/Engineering Entity,https://www.google.com/search?q=ASSET+INTEGRITY+SURVEY+SERVICES+official+website+Australia
PH SURVEY SOLUTIONS PTY LTD,"EMERALD, Queensland",80,Industrial/Engineering Entity,https://phsurveysolutions.com.au
DRONE TECH SOLUTIONS PTY LTD,"MARIAN, Qld",80,Specialized Drone Service Provider,https://dronetechsolutions.com.au
MAGTECH SURVEYS PTY LTD,"JINDALEE, Western Australia",80,Industrial/Engineering Entity,https://magtechsurveys.com.au
TSS TOTAL SURVEYING SOLUTIONS PTY LTD,"CAMDEN, NSW",80,Industrial/Engineering Entity,https://www.google.com/search?q=TSS+TOTAL+SURVEYING+SOLUTIONS+official+website+Australia
UTILITY DETECTION & MAPPING PTY LTD,"CAMBRIDGE, Tasmania",80,Industrial/Engineering Entity,https://www.google.com/search?q=UTILITY+DETECTION+and+MAPPING+official+website+Australia
DETECH ENGINEERING PTY LTD,"TINGALPA, Queensland",80,Industrial/Engineering Entity,https://detechengineering.com.au
CUSTOM MINING SOLUTIONS PTY LTD,"MURRAY BRIDGE SOUTH, South Australia",80,Industrial/Engineering Entity,https://customminingsolutions.com.au
SURVEY MANAGEMENT SOLUTIONS PTY. LTD.,"CAMPBELLFIELD, Vic",80,Industrial/Engineering Entity,https://surveymanagementsolutions.com.au
SPECIALISED ENVIRONMENTAL SERVICES GROUP PTY LTD,"CRONULLA, NSW",80,Industrial/Engineering Entity,https://www.google.com/search?q=SPECIALISED+ENVIRONMENTAL+SERVICES+GROUP+official+website+Australia
FNQ AGRI SERVICES PTY LTD,"MUNRO PLAINS, Queensland",80,Industrial/Engineering Entity,https://fnqagriservices.com.au
DRONEMAX TECHNOLOGY PTY LTD,"WILLETTON, Western Australia",80,Specialized Drone Service Provider,https://dronemaxtechnology.com.au
FORESIGHT ENGINEERING SERVICES PTY LTD,"BRIGHT, Vic",80,Industrial/Engineering Entity,https://foresightengineeringservices.com.au
CIVIL GEOSPATIAL SERVICES PTY LTD,"BROWNS PLAINS, Qld",80,Industrial/Engineering Entity,https://civilgeospatialservices.com.au
APPLIED DRONE TECHNOLOGY PTY LTD,"HOLLAND PARK, Qld",80,Specialized Drone Service Provider,https://applieddronetechnology.com.au
FP AGRISERVICES PTY LTD,"HINDMARSH VALLEY, South Australia",80,Industrial/Engineering Entity,https://fpagriservices.com.au
PENINSULA ENGINEERING MANAGEMENT SERVICES PTY LTD,"LAGUNA, New South Wales",80,Industrial/Engineering Entity,https://www.google.com/search?q=PENINSULA+ENGINEERING+MANAGEMENT+SERVICES+official+website+Australia
Evolve Environmental Solutions Pty Ltd,"KEDRON, Qld",80,Industrial/Engineering Entity,https://evolveenvironmentalsolutions.com.au
ENVIRONMENT RESTORATION SOLUTIONS PTY LTD,"WATERVIEW HEIGHTS, New South Wales",80,Industrial/Engineering Entity,https://environmentrestorationsolutions.com.au
MCDONALD SURVEYS INTERNATIONAL PTY LTD,"PERTH AIRPORT, WA",75,Industrial/Engineering Entity,https://mcdonaldsurveysinternational.com.au
OUTER LOOP ENGINEERING PTY LTD,"SOUTH BRISBANE, Queensland",75,Industrial/Engineering Entity,https://outerloopengineering.com.au
GREENMOUNT RESOURCES PTY LTD,"WEST PERTH, WA",75,Industrial/Engineering Entity,https://greenmountresources.com.au
CHECKED SURVEYS PTY LTD,"EAST PERTH, Western Australia",75,Industrial/Engineering Entity,https://checkedsurveys.com.au
BENCHMARK SURVEYS WA PTY LTD,"EAST PERTH, Western Australia",75,Industrial/Engineering Entity,https://benchmarksurveyswa.com.au
CITIC PACIFIC MINING MANAGEMENT PTY LTD,"KARRATHA, WA",75,Industrial/Engineering Entity,https://www.google.com/search?q=CITIC+PACIFIC+MINING+MANAGEMENT+official+website+Australia
SPECTRUM SURVEYS PTY LTD,"KALGOORLIE, Western Australia",75,Industrial/Engineering Entity,https://spectrumsurveys.com.au
PCH SURVEY PTY LTD,"PERTH, Western Australia",75,Industrial/Engineering Entity,https://pchsurvey.com.au
ARC INFRASTRUCTURE PTY LTD,"PERTH AIRPORT, WA",75,Industrial/Engineering Entity,https://arcinfrastructure.com.au
VERTERRA ECOLOGICAL ENGINEERING PTY LTD,"BRISBANE, Qld",75,Industrial/Engineering Entity,https://verterraecologicalengineering.com.au
VEOLIA WATER OPERATIONS PTY LTD,"BRISBANE CITY, Qld",75,Industrial/Engineering Entity,https://veoliawateroperations.com.au
EPIC ENVIRONMENTAL PTY LTD,"BRISBANE CITY, Qld",75,Industrial/Engineering Entity,https://epicenvironmental.com.au
PRIVATE ENERGY PARTNERS PTY LTD,"BRISBANE CITY, Queensland",75,Industrial/Engineering Entity,https://privateenergypartners.com.au
PACIFIC SURVEY PTY LIMITED,"PORT MACQUARIE, NSW",70,Industrial/Engineering Entity,https://pacificsurveypty.com.au
SANDPIPER ECOLOGICAL SURVEYS PTY. LIMITED,"BACKMEDE, New South Wales",70,Industrial/Engineering Entity,https://www.google.com/search?q=SANDPIPER+ECOLOGICAL+SURVEYS+PTY+official+website+Australia
SCOPE SURVEYING PTY LIMITED,"MAITLAND, NSW",70,Industrial/Engineering Entity,https://scopesurveyingpty.com.au
ICON WATER LIMITED,"MITCHELL, ACT",70,Industrial/Engineering Entity,https://iconwater.com.au
VAPCOM ENGINEERING PTY. LIMITED,"KURMOND, NSW",70,Industrial/Engineering Entity,https://vapcomengineeringpty.com.au
HILLGROVE RESOURCES LIMITED,"UNLEY, South Australia",70,Industrial/Engineering Entity,https://hillgroveresources.com.au
FLIGHTCRAFT UAV Pty Ltd,"FRANKSTON SOUTH, Vic",70,Specialized Drone Service Provider,https://flightcraftuav.com.au
PRECISION DRONE SOLUTIONS PTY LIMITED,"MUDGEE, New South Wales",70,Specialized Drone Service Provider,https://www.google.com/search?q=PRECISION+DRONE+SOLUTIONS+PTY+official+website+Australia
SPARK INFRASTRUCTURE SA (NO1) PTY LIMITED,"KESWICK, SA",70,Industrial/Engineering Entity,https://www.google.com/search?q=SPARK+INFRASTRUCTURE+SA+NO1+PTY+official+website+Australia
STANMORE RESOURCES LIMITED,"DIDDILLIBAH, Queensland",70,Industrial/Engineering Entity,https://stanmoreresources.com.au
HANDLEY SURVEYS PTY LIMITED,"KEWDALE, WA",70,Industrial/Engineering Entity,https://handleysurveyspty.com.au
KARARA MINING LIMITED,"Perenjori, WA",70,Industrial/Engineering Entity,https://kararamining.com.au
SILVA SKY DRONES PTY LTD,"MORANBAH, Queensland",70,Specialized Drone Service Provider,https://silvaskydrones.com.au
MINERAL RESOURCES LIMITED,"OSBORNE PARK, Western Australia",70,Industrial/Engineering Entity,https://mineralresources.com.au
BENGALLA MINING COMPANY PTY LIMITED,"MUSWELLBROOK, NSW",70,Industrial/Engineering Entity,https://www.google.com/search?q=BENGALLA+MINING+COMPANY+PTY+official+website+Australia
SKY DRONE PTY. LTD.,"BERWICK, Victoria",70,Specialized Drone Service Provider,https://skydrone.com.au
DIATREME RESOURCES LIMITED,"COORPAROO, Queensland",70,Industrial/Engineering Entity,https://diatremeresources.com.au
SKY SITE AVIATION PTY LTD,"TURNTABLE CREEK, NSW",70,Specialized Drone Service Provider,https://skysiteaviation.com.au
COLLIERS INTERNATIONAL ENGINEERING & DESIGN (NSW) PTY LIMITED,"RHODES, NSW",70,Industrial/Engineering Entity,https://www.google.com/search?q=COLLIERS+INTERNATIONAL+ENGINEERING+and+DESIGN+NSW+PTY+official+website+Australia
DELFS LASCELLES CONSULTING SURVEYORS PTY LIMITED,"MAYFIELD, NSW",70,Industrial/Engineering Entity,https://www.google.com/search?q=DELFS+LASCELLES+CONSULTING+SURVEYORS+PTY+official+website+Australia
AIRCAIR AVIATION OPERATIONS PTY LTD,"MOREE, NSW",70,Specialized Drone Service Provider,https://aircairaviationoperations.com.au
DRONE MAKE DREAM SKY PTY LTD,"APPLECROSS, Western Australia",70,Specialized Drone Service Provider,https://www.google.com/search?q=DRONE+MAKE+DREAM+SKY+official+website+Australia
C.M.S. SURVEYORS PTY LIMITED,"DEE WHY, NSW",70,Industrial/Engineering Entity,https://cmssurveyorspty.com.au
REGIS RESOURCES LIMITED,"SUBIACO, WA",70,Industrial/Engineering Entity,https://regisresources.com.au
EFFECTIVE DRONE SERVICES PTY LIMITED,"WOLLONGONG, New South Wales",70,Specialized Drone Service Provider,https://www.google.com/search?q=EFFECTIVE+DRONE+SERVICES+PTY+official+website+Australia
ENERGY QUEENSLAND LIMITED,"NEWSTEAD, Queensland",70,Industrial/Engineering Entity,https://energyqueensland.com.au
Angle Air UAV Pty. Ltd.,"LONGREACH, Queensland",70,Specialized Drone Service Provider,https://angleairuav.com.au
BRISBANE AIRPORT CORPORATION PTY LIMITED,"BRISBANE AIRPORT, Qld",65,Specialized Drone Service Provider,https://www.google.com/search?q=BRISBANE+AIRPORT+CORPORATION+PTY+official+website+Australia
WULGURU TECHNICAL SERVICES PTY LTD,"TOWNSVILLE CITY, Queensland",65,Other Operator,https://wulgurutechnicalservices.com.au
GLOBAL UNMANNED SYSTEMS PTY LTD,"Hamilton Hill, WA",60,Specialized Drone Service Provider,https://globalunmannedsystems.com.au
RUGBY FARMING GROUP PTY LTD,"GATTON, Queensland",60,Industrial/Engineering Entity,https://rugbyfarminggroup.com.au
SACYR WATER AUSTRALIA PTY LTD,"BINNINGUP, WA",60,Industrial/Engineering Entity,https://sacyrwateraustralia.com.au
SAVAGE AG DRONE SERVICES PTY LTD,"Manchester Square, NSW",60,Specialized Drone Service Provider,https://www.google.com/search?q=SAVAGE+AG+DRONE+SERVICES+official+website+Australia
SCOPE SURVEY MANAGEMENT PTY LTD,"ILUKA, WA",60,Industrial/Engineering Entity,https://scopesurveymanagement.com.au
RSGX ENGINEERING PTY LTD,"RYDALMERE, New South Wales",60,Industrial/Engineering Entity,https://rsgxengineering.com.au
EP DRONE SOLUTIONS PTY LTD,"CUMMINS, South Australia",60,Specialized Drone Service Provider,https://epdronesolutions.com.au
QUANTUM SURVEYS PTY LTD,"Geraldton, WA",60,Industrial/Engineering Entity,https://quantumsurveys.com.au
ERNEST HENRY MINING PTY LTD,"CLONCURRY, Qld",60,Industrial/Engineering Entity,https://ernesthenrymining.com.au
PILEX ENERGY PTY LTD,"DALWOOD, NSW",60,Industrial/Engineering Entity,https://pilexenergy.com.au
ORESCOPE SURVEYING PTY LTD,"KLEINTON, Queensland",60,Industrial/Engineering Entity,https://orescopesurveying.com.au
PEGASUS AIRBORNE TECHNOLOGIES PTY LTD,"MORLEY, WA",60,Specialized Drone Service Provider,https://pegasusairbornetechnologies.com.au
OUTRIGHT SURVEYING PTY LTD,"CLAYTON, Victoria",60,Industrial/Engineering Entity,https://outrightsurveying.com.au
OVERWATCH DRONE SERVICES PTY LTD,"KAMERUNGA, Queensland",60,Specialized Drone Service Provider,https://overwatchdroneservices.com.au
PARAMOUNT DRONE SERVICES PTY LTD,"TRAFALGAR SOUTH, Vic",60,Specialized Drone Service Provider,https://paramountdroneservices.com.au
PATCHING ASSOCIATES ACOUSTICAL ENGINEERING AUSTRALIA PTY LTD,"EAGLE FARM, Qld",60,Industrial/Engineering Entity,https://www.google.com/search?q=PATCHING+ASSOCIATES+ACOUSTICAL+ENGINEERING+AUSTRALIA+official+website+Australia
PEAK SURVEY & DEVELOPMENTS PTY LTD,"BEECHWORTH, Vic",60,Industrial/Engineering Entity,https://www.google.com/search?q=PEAK+SURVEY+and+DEVELOPMENTS+official+website+Australia
PEGASUS AIRBORNE SYSTEMS PTY LTD,"MORLEY, WA",60,Specialized Drone Service Provider,https://pegasusairbornesystems.com.au
ROAD AND CIVIL SURVEYS PTY LTD,"GREGORY HILLS, New South Wales",60,Industrial/Engineering Entity,https://www.google.com/search?q=ROAD+AND+CIVIL+SURVEYS+official+website+Australia
GARRATT CONSTRUCTION PTY LTD,"Banyo, Qld",60,Industrial/Engineering Entity,https://garrattconstruction.com.au
Platinum Surveys Pty Ltd,"EXMOUTH, WA",60,Industrial/Engineering Entity,https://platinumsurveys.com.au
PSAH DRONE SERVICES PTY LTD,"CLONTARF, Queensland",60,Specialized Drone Service Provider,https://psahdroneservices.com.au
POTENTIA ENERGY HOLDCO PTY LTD,"BARANGAROO, New South Wales",60,Industrial/Engineering Entity,https://potentiaenergyholdco.com.au
DE NADA SURVEYS PTY LTD,"OSBORNE PARK, WA",60,Industrial/Engineering Entity,https://denadasurveys.com.au
DRONESAFE SOLUTIONS PTY LTD,"BRANDON, Queensland",60,Specialized Drone Service Provider,https://dronesafesolutions.com.au
RM SURVEYS PTY LTD,"WILLETTON, WA",60,Industrial/Engineering Entity,https://rmsurveys.com.au
ELITE DRONE SERVICES AUSTRALIA PTY LTD,"CARWOOLA, NSW",60,Specialized Drone Service Provider,https://www.google.com/search?q=ELITE+DRONE+SERVICES+AUSTRALIA+official+website+Australia
MINCKA ENGINEERING PTY LTD,"MUNDARING, Western Australia",60,Industrial/Engineering Entity,https://minckaengineering.com.au
JDS DRONE PASTURE SOLUTIONS PTY LTD,"CULMARAN CREEK, NSW",60,Specialized Drone Service Provider,https://www.google.com/search?q=JDS+DRONE+PASTURE+SOLUTIONS+official+website+Australia
MINSTAFF SURVEY PTY LTD,"TOOWOOMBA, Qld",60,Industrial/Engineering Entity,https://minstaffsurvey.com.au
MOTION SURVEYS PTY LTD,"PAYNEHAM, South Australia",60,Industrial/Engineering Entity,https://motionsurveys.com.au
GSL SURVEY PTY LTD,"TORQUAY, Vic",60,Industrial/Engineering Entity,https://gslsurvey.com.au
GROUNDWORK SURVEYS PTY LTD,"PEGS CREEK, Western Australia",60,Industrial/Engineering Entity,https://groundworksurveys.com.au
GREENWICH SURVEYING PTY LTD,"BIRTINYA, Qld",60,Industrial/Engineering Entity,https://greenwichsurveying.com.au
GRANGE RESOURCES (TASMANIA) PTY LTD,"BURNIE, Tas",60,Industrial/Engineering Entity,https://grangeresourcestasmania.com.au
ENVIRONMENTAL INDUSTRIES PTY LTD,"CANNING VALE, WA",60,Industrial/Engineering Entity,https://environmentalindustries.com.au
ENERGY DYNAMICS PTY LTD,"BIRKDALE, Qld",60,Industrial/Engineering Entity,https://energydynamics.com.au
ELEVATE UAV SOLUTIONS PTY LTD,"CHARTERS TOWERS, Queensland",60,Specialized Drone Service Provider,https://elevateuavsolutions.com.au
DIXON SURVEYING PTY LTD,"PORT MACQUARIE, New South Wales",60,Industrial/Engineering Entity,https://dixonsurveying.com.au
REIGNSCOTT DRONE IMAGERY PTY LTD,"NEWBOROUGH, Vic",60,Specialized Drone Service Provider,https://reignscottdroneimagery.com.au
EAST COAST SURVEYS (Aust) Pty Ltd,"CAPALABA, Qld",60,Industrial/Engineering Entity,https://www.google.com/search?q=EAST+COAST+SURVEYS+AUST+official+website+Australia
REMOTE HELI SURVEYS PTY LTD,"MOONBAH, NSW",60,Industrial/Engineering Entity,https://remotehelisurveys.com.au
DRONEWORK TECHNOLOGIES AUSTRALIA PTY LTD,"GREENBANK, Queensland",60,Specialized Drone Service Provider,https://droneworktechnologiesaustralia.com.au
DRONETECH PTY LTD,"CONISTON, NSW",60,Specialized Drone Service Provider,https://dronetech.com.au
PRECISE SURVEYS PTY LTD,"MERRIWA, WA",60,Industrial/Engineering Entity,https://precisesurveys.com.au
DRONE TECH AUSTRALIA PTY LTD,"GOLDEN GROVE, South Australia",60,Specialized Drone Service Provider,https://dronetechaustralia.com.au
DRONE SERVICES WA PTY LTD,"ROLEYSTONE, WA",60,Specialized Drone Service Provider,https://droneserviceswa.com.au
DRONE SERVICES TASMANIA PTY LTD,"WEST LAUNCESTON, Tasmania",60,Specialized Drone Service Provider,https://droneservicestasmania.com.au
DJX DRONE SERVICES PTY LTD,"MUSWELLBROOK, NSW",60,Specialized Drone Service Provider,https://djxdroneservices.com.au
POWERALL PTY LTD,"Lambton, NSW",60,Industrial/Engineering Entity,https://powerall.com.au
PROFESSIONAL DRONE IMAGERY PTY LTD,"CORRIMAL, New South Wales",60,Specialized Drone Service Provider,https://professionaldroneimagery.com.au
PRECISION AERIAL SOLUTIONS PTY. LTD.,"DONCASTER, Victoria",60,Specialized Drone Service Provider,https://precisionaerialsolutions.com.au
AA DRONE SERVICES PTY LTD,"MARSHDALE, New South Wales",60,Specialized Drone Service Provider,https://aadroneservices.com.au
TRAVERSE SURVEYING PTY LTD,"ORANGE, New South Wales",60,Industrial/Engineering Entity,https://traversesurveying.com.au
ASIA PACIFIC UAV SYSTEMS PTY LTD,"ORMEAU, Qld",60,Specialized Drone Service Provider,https://www.google.com/search?q=ASIA+PACIFIC+UAV+SYSTEMS+official+website+Australia
AGVANTAGE DRONE SERVICES PTY LTD,"RETRO, Queensland",60,Specialized Drone Service Provider,https://agvantagedroneservices.com.au
WA PLANTATION RESOURCES PTY LTD,"BUNBURY, WA",60,Industrial/Engineering Entity,https://waplantationresources.com.au
BEARD ENGINEERING GROUP PTY LTD,"WEST FOOTSCRAY, Victoria",60,Industrial/Engineering Entity,https://beardengineeringgroup.com.au
VISION SURVEYS (QLD) PTY LTD,"CANNONVALE, Qld",60,Industrial/Engineering Entity,https://visionsurveysqld.com.au
3020 SURVEYS PTY LTD,"SOUTHPORT, Queensland",60,Industrial/Engineering Entity,https://3020surveys.com.au
UNCREWED AERIAL SYSTEMS AUSTRALIA PTY LTD,"HEATHRIDGE, Western Australia",60,Specialized Drone Service Provider,https://www.google.com/search?q=UNCREWED+AERIAL+SYSTEMS+AUSTRALIA+official+website+Australia
ACCIONA CONSTRUCTION AUSTRALIA PTY LTD,"The Rocks, NSW",60,Industrial/Engineering Entity,https://accionaconstructionaustralia.com.au
AERIAL AG SOLUTIONS PTY LTD,"WELLINGTON, NSW",60,Specialized Drone Service Provider,https://aerialagsolutions.com.au
AIRSHIP SOLUTIONS PTY LTD,"ASPENDALE GARDENS, Vic",60,Specialized Drone Service Provider,https://airshipsolutions.com.au
PRESTON & SONS CONSTRUCTION PTY LTD,"NORTH NOWRA, NSW",60,Industrial/Engineering Entity,https://www.google.com/search?q=PRESTON+and+SONS+CONSTRUCTION+official+website+Australia
AUSTRALIAN AERIAL IMAGERY PTY. LTD.,"BLAKEHURST, NSW",60,Specialized Drone Service Provider,https://australianaerialimagery.com.au
ABSOLUTE SURVEYING PTY LTD,"PORT MELBOURNE, Vic",60,Industrial/Engineering Entity,https://absolutesurveying.com.au
AUSTRALIAN DRONE SOLUTIONS PTY LTD,"MERMAID Beach, Queensland",60,Specialized Drone Service Provider,https://australiandronesolutions.com.au
AUSPAT LAND SURVEY PTY LTD,"PORT MELBOURNE, Vic",60,Industrial/Engineering Entity,https://auspatlandsurvey.com.au
VESTAS - AUSTRALIAN WIND TECHNOLOGY PTY. LIMITED,"MELBOURNE, Victoria",60,Other Operator,https://www.google.com/search?q=VESTAS+AUSTRALIAN+WIND+TECHNOLOGY+PTY+official+website+Australia
WHEATBELT DRONE SERVICES PTY LTD,"DARLINGTON, Western Australia",60,Specialized Drone Service Provider,https://wheatbeltdroneservices.com.au
A2 SURVEYS PTY LTD,"PELICAN POINT, Western Australia",60,Industrial/Engineering Entity,https://a2surveys.com.au
BEYOND MEASURE SURVEYING PTY LTD,"NEW AUCKLAND, Queensland",60,Industrial/Engineering Entity,https://beyondmeasuresurveying.com.au
BERRY & WHYTE SURVEYORS PTY. LTD.,"PORTLAND, Vic",60,Industrial/Engineering Entity,https://www.google.com/search?q=BERRY+and+WHYTE+SURVEYORS+official+website+Australia
MCCAMLEY AVIATION SERVICES PTY LTD,"DULULU, Qld",60,Specialized Drone Service Provider,https://mccamleyaviationservices.com.au
AGRISTRY PTY LTD,"KENSINGTON, Queensland",60,Industrial/Engineering Entity,https://agristry.com.au
AERIAL MAPPING PTY LTD,"Coolum Beach, Qld",60,Specialized Drone Service Provider,https://aerialmapping.com.au
BAE SYSTEMS DIGITAL INTELLIGENCE PTY LIMITED,"Canberra, Australian Capital Territory",60,Other Operator,https://www.google.com/search?q=BAE+SYSTEMS+DIGITAL+INTELLIGENCE+PTY+official+website+Australia
UP IN THE AIR SERVICES PTY LTD,"WILSON, WA",60,Specialized Drone Service Provider,https://www.google.com/search?q=UP+IN+THE+AIR+SERVICES+official+website+Australia
FLAT OUT SURVEYING PTY LTD,"FOOTSCRAY, Victoria",60,Industrial/Engineering Entity,https://flatoutsurveying.com.au
FIRST NATIONS DRONE SERVICES PTY LTD,"BUNDABERG SOUTH, Qld",60,Specialized Drone Service Provider,https://www.google.com/search?q=FIRST+NATIONS+DRONE+SERVICES+official+website+Australia
FIRETAIL ENVIRONMENTS PTY LTD,"CASTLEMAINE, Victoria",60,Industrial/Engineering Entity,https://firetailenvironments.com.au
FIREFLY AERIAL SOLUTIONS PTY LTD,"BERRIMAH, Northern Territory",60,Specialized Drone Service Provider,https://fireflyaerialsolutions.com.au
RED EARTH ENGINEERING PTY LTD,"SPRING HILL, Queensland",60,Industrial/Engineering Entity,https://redearthengineering.com.au
LEIGH SURVEYORS PTY LTD,"ASHGROVE, Queensland",60,Industrial/Engineering Entity,https://leighsurveyors.com.au
USHER AIRBORNE SERVICES PTY LTD,"ORANGE, NSW",60,Specialized Drone Service Provider,https://usherairborneservices.com.au
ADVANCED DRONE SERVICES PTY LTD,"COFFS HARBOUR, NSW",60,Specialized Drone Service Provider,https://advanceddroneservices.com.au
AEROTECH HELICOPTERS PTY LTD,"PARAFIELD AIRPORT, SA",60,Specialized Drone Service Provider,https://aerotechhelicopters.com.au
AVI8 DRONE SOLUTIONS PTY LTD,"GLENELLA, Queensland",60,Specialized Drone Service Provider,https://avi8dronesolutions.com.au
AGRI SQUADRON PTY LTD,"SYDNEY, NSW",60,Industrial/Engineering Entity,https://agrisquadron.com.au
BCE SURVEYING PTY LTD,"BUNBURY, WA",60,Industrial/Engineering Entity,https://bcesurveying.com.au
AGRIDOME CONSULTANCY PTY LTD,"BOOROLITE, Victoria",60,Industrial/Engineering Entity,https://agridomeconsultancy.com.au
AEROSPRAY DRONE SOLUTIONS PTY LTD,"KINCUMBER, New South Wales",60,Specialized Drone Service Provider,https://aerospraydronesolutions.com.au
ABERGELDIE COMPLEX INFRASTRUCTURE PTY LTD,"AUBURN, New South Wales",60,Industrial/Engineering Entity,https://abergeldiecomplexinfrastructure.com.au
ASTUTE SURVEYING PTY LTD,"KING CREEK, New South Wales",60,Industrial/Engineering Entity,https://astutesurveying.com.au
AXIS GEOSPATIAL PTY LTD,"AUBIN GROVE, Western Australia",60,Industrial/Engineering Entity,https://axisgeospatial.com.au
A & G DRONE SOLUTIONS PTY LTD,"LANNERCOST, Queensland",60,Specialized Drone Service Provider,https://www.google.com/search?q=A+and+G+DRONE+SOLUTIONS+official+website+Australia
ALLIANCE SURVEYING PTY LTD,"BAYSWATER, WA",60,Industrial/Engineering Entity,https://alliancesurveying.com.au
WILDLIFE RESOURCES AUSTRALIA PTY LTD,"WANGARATTA, Vic",60,Industrial/Engineering Entity,https://wildliferesourcesaustralia.com.au
5D SURVEYING PTY LTD,"EAST BENDIGO, Victoria",60,Industrial/Engineering Entity,https://5dsurveying.com.au
MIDSTATE DRONE SERVICES PTY LTD,"WIRRBARA, SA",60,Specialized Drone Service Provider,https://midstatedroneservices.com.au
STRUCTURAL INTEGRITY ENGINEERING PTY LTD,"KEDRON, Qld",60,Industrial/Engineering Entity,https://structuralintegrityengineering.com.au
McCallum Surveys Pty Ltd,"HILLARYS, WA",60,Industrial/Engineering Entity,https://mccallumsurveys.com.au
SOUTH WEST ENVIRONMENTAL PTY LTD,"BARONGAROOK, Victoria",60,Industrial/Engineering Entity,https://southwestenvironmental.com.au
BIODIVERSE ENVIRONMENTAL PTY LTD,"BARINGA, Queensland",60,Industrial/Engineering Entity,https://biodiverseenvironmental.com.au
SKY HIGH ANALYTICS PTY LTD,"CASTLE HILL, NSW",60,Specialized Drone Service Provider,https://skyhighanalytics.com.au
CLEAR VIEW DRONE SOLUTIONS PTY LTD,"KELMSCOTT, WA",60,Specialized Drone Service Provider,https://www.google.com/search?q=CLEAR+VIEW+DRONE+SOLUTIONS+official+website+Australia
SURVEYORS AT WORK PTY LTD,"PIALBA, Qld",60,Industrial/Engineering Entity,https://surveyorsatwork.com.au
CANOPUS AVIATION SERVICES PTY LTD,"MALDON, Victoria",60,Specialized Drone Service Provider,https://canopusaviationservices.com.au
CONSTRUCTION GEOMATICS PTY LTD,"ROBINA, Qld",60,Industrial/Engineering Entity,https://constructiongeomatics.com.au
MBE SURVEYS PTY LTD,"MORANBAH, Qld",60,Industrial/Engineering Entity,https://mbesurveys.com.au
SUNRISE SURVEYING PTY LTD,"HAMILTON, Queensland",60,Industrial/Engineering Entity,https://sunrisesurveying.com.au
CERTERO SURVEYS PTY LTD,"COMO, Western Australia",60,Industrial/Engineering Entity,https://certerosurveys.com.au
STATE SURVEYS PTY LTD,"MARLESTON, South Australia",60,Industrial/Engineering Entity,https://statesurveys.com.au
BYRON BAY SURVEYING PTY LTD,"BYRON BAY, New South Wales",60,Industrial/Engineering Entity,https://byronbaysurveying.com.au
CAPRICORN SURVEYS GLADSTONE PTY. LTD.,"KIRKWOOD, Queensland",60,Industrial/Engineering Entity,https://capricornsurveysgladstone.com.au
BURTON RESOURCES PTY LTD,"Homebush, NSW",60,Industrial/Engineering Entity,https://burtonresources.com.au
BURRAWANG ECOLOGY AND FLYING SURVEYS PTY LTD,"SUMMER HILL, New South Wales",60,Industrial/Engineering Entity,https://www.google.com/search?q=BURRAWANG+ECOLOGY+AND+FLYING+SURVEYS+official+website+Australia
CALCO SURVEYORS PTY LTD,"GLOUCESTER, NSW",60,Industrial/Engineering Entity,https://calcosurveyors.com.au
SKYLINK SYSTEMS PTY LTD,"MOUNT PLEASANT, WA",60,Specialized Drone Service Provider,https://skylinksystems.com.au
COTTRELL CAMERON & STEEN SURVEYS PTY. LTD.,"DALBY, Qld",60,Industrial/Engineering Entity,https://www.google.com/search?q=COTTRELL+CAMERON+and+STEEN+SURVEYS+official+website+Australia
STEWART SURVEYS PTY. LTD.,"GUNNEDAH, NSW",60,Industrial/Engineering Entity,https://stewartsurveys.com.au
BUILDING AND CONSTRUCTION RESEARCH AND CONSULTING (BCRC) PTY LTD,"LANE COVE WEST, New South Wales",60,Industrial/Engineering Entity,https://www.google.com/search?q=BUILDING+AND+CONSTRUCTION+RESEARCH+AND+CONSULTING+BCRC+official+website+Australia
COUNTRY & COASTAL DRONE SOLUTIONS PTY LTD,"KINGS BEACH, Qld",60,Specialized Drone Service Provider,https://www.google.com/search?q=COUNTRY+and+COASTAL+DRONE+SOLUTIONS+official+website+Australia
SUREX SURVEYORS PTY. LTD.,"MIRANDA, NSW",60,Industrial/Engineering Entity,https://surexsurveyors.com.au
SKYBORNE TECHNOLOGIES PTY. LTD.,"Murarrie, Queensland",60,Specialized Drone Service Provider,https://skybornetechnologies.com.au
BIOSPHERE ENVIRONMENTAL CONSULTANTS PTY LTD,"FRESHWATER, Qld",60,Industrial/Engineering Entity,https://biosphereenvironmentalconsultants.com.au
DAISH SURVEYORS PTY LTD,"Gifford Hill, SA",60,Industrial/Engineering Entity,https://daishsurveyors.com.au
BIRD AERIAL SOLUTIONS PTY LTD,"LANE COVE NORTH, NSW",60,Specialized Drone Service Provider,https://birdaerialsolutions.com.au
SPENCER SURVEYS PTY LTD,"BULIMBA, Qld",60,Industrial/Engineering Entity,https://spencersurveys.com.au
CADENCE CONSULTING SURVEYORS PTY LTD,"NSW, Qld",60,Industrial/Engineering Entity,https://cadenceconsultingsurveyors.com.au
SINGLE AGRICULTURE TRADING PTY LTD,"GUNNEDAH, New South Wales",60,Industrial/Engineering Entity,https://singleagriculturetrading.com.au
COMMERCIAL DRONE SERVICES PTY LTD,"BURWOOD EAST, Victoria",60,Specialized Drone Service Provider,https://commercialdroneservices.com.au
SWIRE RENEWABLE ENERGY (AUSTRALIA) PTY LTD,"HAWTHORN, Vic",60,Industrial/Engineering Entity,https://www.google.com/search?q=SWIRE+RENEWABLE+ENERGY+AUSTRALIA+official+website+Australia
SPECTRUM MINING CONSULTANTS PTY LTD,"CHERRY GARDENS, South Australia",60,Industrial/Engineering Entity,https://spectrumminingconsultants.com.au
SYMAL INFRASTRUCTURE PTY LTD,"SPOTSWOOD, Vic",60,Industrial/Engineering Entity,https://symalinfrastructure.com.au
SYNERGY SURVEYS PTY LTD,"BULGARRA, Western Australia",60,Industrial/Engineering Entity,https://synergysurveys.com.au
SITE POSITION SURVEY MAP PTY LTD,"HIGHLAND PARK, Qld",60,Industrial/Engineering Entity,https://www.google.com/search?q=SITE+POSITION+SURVEY+MAP+official+website+Australia
CAPITAL DRONE SOLUTIONS PTY LTD.,"CURTIN, Australian Capital Territory",60,Specialized Drone Service Provider,https://capitaldronesolutions.com.au
SRG GLOBAL INFRASTRUCTURE PTY LTD,"NAVAL BASE, WA",60,Industrial/Engineering Entity,https://srgglobalinfrastructure.com.au
CLARE CONSTRUCTION & CIVIL PTY LTD,"WINNELLIE, NT",60,Industrial/Engineering Entity,https://www.google.com/search?q=CLARE+CONSTRUCTION+and+CIVIL+official+website+Australia
CIRCULUS LIFE CYCLE ENGINEERING PTY LTD,"NORMANHURST, NSW",60,Industrial/Engineering Entity,https://www.google.com/search?q=CIRCULUS+LIFE+CYCLE+ENGINEERING+official+website+Australia
TAZ DRONE SOLUTIONS PTY LTD,"SHEFFIELD, Tas",60,Specialized Drone Service Provider,https://tazdronesolutions.com.au
BOXALL SURVEYORS PTY LTD,"Sutherland, NSW",60,Industrial/Engineering Entity,https://boxallsurveyors.com.au
CONSOLIDATED POWER PROJECTS AUSTRALIA PTY LTD,"ADELAIDE, South Australia",60,Industrial/Engineering Entity,https://www.google.com/search?q=CONSOLIDATED+POWER+PROJECTS+AUSTRALIA+official+website+Australia
SILVERSTONE ENERGY PTY LTD,"SUBIACO, WA",60,Industrial/Engineering Entity,https://silverstoneenergy.com.au
SEYMOUR WHYTE CONSTRUCTIONS PTY LTD,"EIGHT MILE PLAINS, Qld",60,Industrial/Engineering Entity,https://seymourwhyteconstructions.com.au
BOLAND SURVEY & DESIGN PTY LTD,"KEARNEYS SPRING, Qld",60,Industrial/Engineering Entity,https://www.google.com/search?q=BOLAND+SURVEY+and+DESIGN+official+website+Australia
CK MALONEY SURVEYING PTY LTD,"CARABOODA, WA",60,Industrial/Engineering Entity,https://ckmaloneysurveying.com.au
BLUEHORIZON DRONE SERVICES PTY LTD,"ZETLAND, New South Wales",60,Specialized Drone Service Provider,https://bluehorizondroneservices.com.au
BLUE EARTH ENVIRONMENTAL PTY LTD,"NINDERRY, Qld",60,Industrial/Engineering Entity,https://blueearthenvironmental.com.au
SUBLIME SURVEYS PTY LTD,"MOUNT KEMBLA, New South Wales",60,Industrial/Engineering Entity,https://sublimesurveys.com.au
CENTURY MINING PTY LTD,"SUBIACO, WA",60,Industrial/Engineering Entity,https://centurymining.com.au
SURVEY DYNAMICS PTY LTD,"BELMONT, Western Australia",60,Industrial/Engineering Entity,https://surveydynamics.com.au
LAING O'ROURKE AUSTRALIA CONSTRUCTION PTY LTD,"SYDNEY, NSW",60,Industrial/Engineering Entity,https://www.google.com/search?q=LAING+O'ROURKE+AUSTRALIA+CONSTRUCTION+official+website+Australia
HDE ENGINEERING DESIGN PROFESSIONALS PTY LTD,"EMERALD, Qld",60,Industrial/Engineering Entity,https://www.google.com/search?q=HDE+ENGINEERING+DESIGN+PROFESSIONALS+official+website+Australia
OBERON AVIATION SERVICES PTY LTD,"THURGOONA, NSW",60,Specialized Drone Service Provider,https://oberonaviationservices.com.au
HARRISON INFRASTRUCTURE GROUP PTY LTD,"TOOWOOMBA, Qld",60,Industrial/Engineering Entity,https://harrisoninfrastructuregroup.com.au
OMNI AVIATION SERVICES PTY LTD,"JANDAKOT, WA",60,Specialized Drone Service Provider,https://omniaviationservices.com.au
MULTIPLEX CONSTRUCTIONS PTY LTD,"SYDNEY, NSW",60,Industrial/Engineering Entity,https://multiplexconstructions.com.au
MULTI ACCESS DRONE SOLUTIONS PTY LTD,"TAMAREE, Queensland",60,Specialized Drone Service Provider,https://www.google.com/search?q=MULTI+ACCESS+DRONE+SOLUTIONS+official+website+Australia
SCSURVEYS PTY LTD,"NAMBOUR, Queensland",60,Industrial/Engineering Entity,https://scsurveys.com.au
JACK ATKINSON SURVEYING PTY LTD,"COOMA, New South Wales",60,Industrial/Engineering Entity,https://jackatkinsonsurveying.com.au
LANDFORM SURVEYS PTY LTD,"STRATHDALE, Vic",60,Industrial/Engineering Entity,https://landformsurveys.com.au
Land Surveying Dynamics (LSD) Pty Ltd,"MAROOCHYDORE, Queensland",60,Industrial/Engineering Entity,https://www.google.com/search?q=LAND+SURVEYING+DYNAMICS+LSD+official+website+Australia
KR SURVEYS PTY LTD,"MULLALOO, WA",60,Industrial/Engineering Entity,https://krsurveys.com.au
HITACHI CONSTRUCTION MACHINERY (AUSTRALIA) PTY LTD,"GREYSTANES, NSW",60,Industrial/Engineering Entity,https://www.google.com/search?q=HITACHI+CONSTRUCTION+MACHINERY+AUSTRALIA+official+website+Australia
KORELLA AERIAL SOLUTIONS PTY LTD,"O'SULLIVAN BEACH, South Australia",60,Specialized Drone Service Provider,https://korellaaerialsolutions.com.au
Logistics Engineering and Design Pty Ltd,"TEA TREE GULLY, South Australia",60,Industrial/Engineering Entity,https://www.google.com/search?q=LOGISTICS+ENGINEERING+AND+DESIGN+official+website+Australia
LONE STAR SURVEYS PTY LTD,"HANNANS, WA",60,Industrial/Engineering Entity,https://lonestarsurveys.com.au
LUND SURVEY & CIVIL PTY LTD,"BURLEIGH HEADS, Queensland",60,Industrial/Engineering Entity,https://www.google.com/search?q=LUND+SURVEY+and+CIVIL+official+website+Australia
MACA MINING PTY LTD,"WELSHPOOL, WA",60,Industrial/Engineering Entity,https://macamining.com.au
MACRO CONSULTING SURVEYORS PTY LTD,"ARRAWARRA HEADLAND, NSW",60,Industrial/Engineering Entity,https://macroconsultingsurveyors.com.au
MARINE & EARTH SCIENCES PTY LTD,"MORNINGSIDE, Qld",60,Industrial/Engineering Entity,https://www.google.com/search?q=MARINE+and+EARTH+SCIENCES+official+website+Australia
MARTEC AERIAL SERVICES PTY LTD,"SULKY, Vic",60,Specialized Drone Service Provider,https://martecaerialservices.com.au
JUROVICH SURVEYING PTY LTD,"COMO, Western Australia",60,Industrial/Engineering Entity,https://jurovichsurveying.com.au
MASTERS SURVEYING PTY LTD,"CHERMSIDE CENTRE, Qld",60,Industrial/Engineering Entity,https://masterssurveying.com.au
North East Survey Design Pty Ltd,"WANGARATTA, Vic",60,Industrial/Engineering Entity,https://www.google.com/search?q=NORTH+EAST+SURVEY+DESIGN+official+website+Australia
MACKELLAR MINING PTY LTD,"NAMBOUR, Qld",60,Industrial/Engineering Entity,https://mackellarmining.com.au
NOBLE CONSULTING SURVEYORS PTY LTD,"EAST BUNBURY, WA",60,Industrial/Engineering Entity,https://nobleconsultingsurveyors.com.au
INSIGHT SURVEY PTY LTD,"YANDINA CREEK, Qld",60,Industrial/Engineering Entity,https://insightsurvey.com.au
HOWE FARMING ENTERPRISES PTY. LTD.,"Walkamin, Queensland",60,Industrial/Engineering Entity,https://howefarmingenterprises.com.au
COLLARD BUSHFIRE & ENVIRONMENTAL PTY LTD,"STEELS CREEK, Victoria",60,Industrial/Engineering Entity,https://www.google.com/search?q=COLLARD+BUSHFIRE+and+ENVIRONMENTAL+official+website+Australia
O'RYAN GEOSPATIAL PTY LTD,"MUDGEE, NSW",60,Industrial/Engineering Entity,https://o'ryangeospatial.com.au
SEQ AG DRONE SERVICES PTY LTD,"ROSEVALE, Queensland",60,Specialized Drone Service Provider,https://www.google.com/search?q=SEQ+AG+DRONE+SERVICES+official+website+Australia
CAMPBELL FORESTRY PTY LTD,"HEYWOOD, Victoria",60,Industrial/Engineering Entity,https://campbellforestry.com.au
J & T DRONE SERVICES PTY LTD,"Toobanna, Queensland",60,Specialized Drone Service Provider,https://www.google.com/search?q=J+and+T+DRONE+SERVICES+official+website+Australia
INTERSPACIAL AVIATION SERVICES PTY LTD,"JANDAKOT AIRPORT, WA",60,Specialized Drone Service Provider,https://interspacialaviationservices.com.au
INTEGRATED AVIATION SOLUTIONS PTY LTD,"PALMVIEW, Queensland",60,Specialized Drone Service Provider,https://integratedaviationsolutions.com.au
INTEGRAL SURVEYS PTY LTD,"ANNA BAY, New South Wales",60,Industrial/Engineering Entity,https://integralsurveys.com.au
INTEGRAL ENGINEERING PTY LTD,"Paget, Qld",60,Industrial/Engineering Entity,https://integralengineering.com.au
SURVEY LOGISTICS PTY LTD,"LESCHENAULT, WA",60,Industrial/Engineering Entity,https://surveylogistics.com.au
INNOVATIVE DRONE SOLUTIONS PTY. LTD.,"BURLEIGH HEADS, Queensland",60,Specialized Drone Service Provider,https://innovativedronesolutions.com.au
INDUSTRIAL DRONE SERVICES AUSTRALIA PTY LTD,"Upper Tooloom, NSW",60,Specialized Drone Service Provider,https://www.google.com/search?q=INDUSTRIAL+DRONE+SERVICES+AUSTRALIA+official+website+Australia
HVPOWER MOUNT ISA PTY LTD,"BREAKAWAY, Qld",60,Industrial/Engineering Entity,https://hvpowermountisa.com.au
NEXT STEP SURVEYING PTY LTD,"AROONA, Queensland",60,Industrial/Engineering Entity,https://nextstepsurveying.com.au
HUNTER VALLEY ENERGY COAL PTY LTD,"MUSWELLBROOK, NSW",60,Industrial/Engineering Entity,https://www.google.com/search?q=HUNTER+VALLEY+ENERGY+COAL+official+website+Australia
HUNTER DRONE SERVICES PTY LTD,"Bolwarra Heights, New South Wales",60,Specialized Drone Service Provider,https://hunterdroneservices.com.au
Niche Environment and Heritage Pty Ltd,"PARRAMATTA, NSW",60,Industrial/Engineering Entity,https://www.google.com/search?q=NICHE+ENVIRONMENT+AND+HERITAGE+official+website+Australia
HR SURVEYORS PTY LTD,"CLAYTON, Vic",60,Industrial/Engineering Entity,https://hrsurveyors.com.au
HP SURVEYS PTY LTD,"DUNCRAIG, WA",60,Industrial/Engineering Entity,https://hpsurveys.com.au
INNOVATIVE DRONE SERVICES PTY LTD,"EMERALD, Queensland",60,Specialized Drone Service Provider,https://innovativedroneservices.com.au
DRONAMICS AIRLINES AUSTRALIA PTY LTD,"BRISBANE, Qld",55,Specialized Drone Service Provider,https://dronamicsairlinesaustralia.com.au
DRONEIT GROUP PTY LTD,"BRISBANE CITY, Queensland",55,Specialized Drone Service Provider,https://droneitgroup.com.au
NATIONAL INSTITUTE OF DRONES PTY LTD,"EAST PERTH, WA",55,Specialized Drone Service Provider,https://www.google.com/search?q=NATIONAL+INSTITUTE+OF+DRONES+official+website+Australia
NOVA SKY STORIES AUS PTY LTD,"BRISBANE, Qld",55,Specialized Drone Service Provider,https://www.google.com/search?q=NOVA+SKY+STORIES+AUS+official+website+Australia
SURF LIFE SAVING QUEENSLAND UAV PTY LTD,"SOUTH BRISBANE, Queensland",55,Specialized Drone Service Provider,https://www.google.com/search?q=SURF+LIFE+SAVING+QUEENSLAND+UAV+official+website+Australia
DRONE INSPECTIONS WA PTY LTD,"PERTH, WA",55,Specialized Drone Service Provider,https://droneinspectionswa.com.au
DARTER TECHNOLOGY PTY LTD,"BEECHWORTH, Victoria",50,Other Operator,https://dartertechnology.com.au
ARGENTECH SOLUTIONS PTY LTD,"MOORABBIN, Victoria",50,Other Operator,https://argentechsolutions.com.au
IMPACT AERIALS PTY LIMITED,"WOY WOY, NSW",50,Specialized Drone Service Provider,https://impactaerialspty.com.au
WASHDRONES VIC PTY LIMITED,"PALM BEACH, Queensland",50,Specialized Drone Service Provider,https://washdronesvicpty.com.au
WATERGUM COMMUNITY INC,"BURLEIGH HEADS, Queensland",50,Industrial/Engineering Entity,https://watergumcommunityinc.com.au
WATER CORPORATION,"SHENTON PARK, WA",50,Industrial/Engineering Entity,https://watercorporation.com.au
TAUNGURUNG LAND AND WATERS COUNCIL (ABORIGINAL CORPORATION),"BROADFORD, Vic",50,Industrial/Engineering Entity,https://www.google.com/search?q=TAUNGURUNG+LAND+AND+WATERS+COUNCIL+ABORIGINAL+CORPORATION+official+website+Australia
SCIENTIFIC RESEARCH DEVELOPMENT INSTITUTE OF TECHNOLOGY AUSTRALIA PTY LTD,"MEADOWBROOK, Queensland",50,Other Operator,https://www.google.com/search?q=SCIENTIFIC+RESEARCH+DEVELOPMENT+INSTITUTE+OF+TECHNOLOGY+AUSTRALIA+official+website+Australia
MILINGIMBI & OUTSTATIONS PROGRESS RESOURCES ABORIGINAL CORPORATION,"MILINGIMBI, NT",50,Industrial/Engineering Entity,https://www.google.com/search?q=MILINGIMBI+and+OUTSTATIONS+PROGRESS+RESOURCES+ABORIGINAL+CORPORATION+official+website+Australia
BGL TECHNICAL SERVICES PTY LTD,"GISBORNE, Vic",50,Other Operator,https://bgltechnicalservices.com.au
MUST TECHNOLOGY PTY LTD,"WISHART, Qld",50,Other Operator,https://musttechnology.com.au
WASHDRONES NSW PTY LIMITED,"PALM BEACH, Queensland",50,Specialized Drone Service Provider,https://washdronesnswpty.com.au
WALKER AIR PTY LIMITED,"SYDNEY, NSW",50,Specialized Drone Service Provider,https://walkerairpty.com.au
SBL SOLUTIONS SERVICES PTY LTD,"CRONULLA, NSW",50,Other Operator,https://sblsolutionsservices.com.au
HIGHCOM TECHNOLOGY PTY LTD,"SYMONSTON, Australian Capital Territory",50,Other Operator,https://highcomtechnology.com.au
DRONE FORGE LIMITED,"LANDSDALE, Western Australia",50,Specialized Drone Service Provider,https://droneforge.com.au
ZENTECH SYSTEMS PTY LTD,"REDWOOD PARK, South Australia",50,Other Operator,https://zentechsystems.com.au
GOLDLINE TECHNOLOGIES SYSTEMS PTY LTD,"BALWYN, Vic",50,Other Operator,https://goldlinetechnologiessystems.com.au
South East Water Corporation,"FRANKSTON, Vic",50,Industrial/Engineering Entity,https://www.google.com/search?q=SOUTH+EAST+WATER+CORPORATION+official+website+Australia
Gunaikurnai Land & Waters Aboriginal Corporation RNTBC,"KALIMNA WEST, Victoria",50,Industrial/Engineering Entity,https://www.google.com/search?q=GUNAIKURNAI+LAND+and+WATERS+ABORIGINAL+CORPORATION+RNTBC+official+website+Australia
DALTECH COMPUTER SERVICES PTY. LTD.,"TWEED HEADS SOUTH, NSW",50,Other Operator,https://daltechcomputerservices.com.au
SOUTH AUSTRALIAN WATER CORPORATION,"ADELAIDE, SA",50,Industrial/Engineering Entity,https://www.google.com/search?q=SOUTH+AUSTRALIAN+WATER+CORPORATION+official+website+Australia
ZIPCODE TECHNOLOGY PTY. LTD.,"TWEED HEADS SOUTH, NSW",50,Other Operator,https://zipcodetechnology.com.au
GOULBURN-MURRAY RURAL WATER CORPORATION,"TATURA, Vic",50,Industrial/Engineering Entity,https://www.google.com/search?q=GOULBURNMURRAY+RURAL+WATER+CORPORATION+official+website+Australia
NEXXIS TECHNOLOGY PTY LTD,"O'CONNOR, WA",50,Other Operator,https://nexxistechnology.com.au
VOLUNTEER MARINE RESCUE BRIBIE ISLANDINC,"BELLARA, Qld",50,Industrial/Engineering Entity,https://www.google.com/search?q=VOLUNTEER+MARINE+RESCUE+BRIBIE+ISLANDINC+official+website+Australia
POWERCOR AUSTRALIA LTD,"MELBOURNE, Vic",50,Industrial/Engineering Entity,https://powercoraustralia.com.au
RESPONSE TECHNOLOGY AUSTRALIA PTY LTD,"THRUMSTER, New South Wales",50,Other Operator,https://responsetechnologyaustralia.com.au
AXIS AERIAL WORKS PTY LIMITED,"FRESHWATER, NSW",50,Specialized Drone Service Provider,https://www.google.com/search?q=AXIS+AERIAL+WORKS+PTY+official+website+Australia
MORRISON AERIAL ROBOTICS PTY LIMITED,"NEWPORT, NSW",50,Specialized Drone Service Provider,https://www.google.com/search?q=MORRISON+AERIAL+ROBOTICS+PTY+official+website+Australia
ORA BANDA MINING LTD,"SUBIACO, WA",50,Industrial/Engineering Entity,https://orabandamining.com.au
SURF LIFE SAVING SERVICES (QUEENSLAND) PTY. LTD.,"SOUTH BRISBANE, Qld",45,Other Operator,https://www.google.com/search?q=SURF+LIFE+SAVING+SERVICES+QUEENSLAND+official+website+Australia
