siren,name,naf,headcount,siteWeb,creationDate,Country Code
200100717,INSTITUT REGIONAL DE SOMMELLERIE SUD DE FRANCE - CAMPUS DE BANYULS-SUR-MER,85.59A,1,,2023-03-22,FR
531350668,CREATIPLAN,71.12B,1,,2024-09-02,FR
790839955,ARVP,82.99Z,2,,2024-06-10,FR
899369672,LES NOUVEAUX FORMATEURS,85.59A,1,,2024-05-31,FR
901657775,DESTINUS SAS,71.12B,3,,2024-06-12,FR
904460581,ADDINGWELL,58.29C,3,,2024-07-05,FR
920247855,NAGELS DRUCK GMBH,82.99Z,1,,2023-01-01,FR
920694874,DENED,82.99Z,1,,2023-01-02,FR
921687109,INTTEK,71.12B,11,,2023-01-01,FR
921847885,ICARE FLIGHT ACADEMY,85.59A,1,,2023-01-01,FR
921899373,DN ACADEMY,85.32Z,1,,2023-01-02,FR
922014329,COLLIBRA BELGIUM,58.29C,11,,2023-01-01,FR
922020557,GIE DE VILLABE,82.99Z,11,,2023-01-02,FR
922038880,UBIQUISTE,71.12B,1,,2023-01-01,FR
922052758,MEOW PRODUCTIONS,59.11B,1,,2023-01-01,FR
922076724,HERIA,82.99Z,1,,2023-04-01,FR
922077987,DENEH,71.12B,1,,2023-01-02,FR
922089545,ENGINEEROO,71.12B,1,,2023-01-02,FR
922092705,QG DE LA PAIE,82.99Z,2,,2023-01-01,FR
922097076,ELOY INGENIERIE,71.12B,1,,2023-01-01,FR
922097811,EBR CONSULTANT,71.12B,1,,2023-01-02,FR
922102298,JBF,71.12B,1,,2023-01-02,FR
922103544,GROUPE LES FLAMBOYANTS,82.99Z,12,,2023-01-01,FR
922113873,PYMO,71.12B,1,,2023-01-01,FR
922116322,PH4M,62.02A,1,,2023-01-01,FR
922205109,DELTABLOT,71.12B,1,,2023-01-02,FR
922277959,CACIAU,71.12B,1,,2023-01-02,FR
922278338,EPMS,71.12B,2,,2023-01-02,FR
922356027,LR-IMMO,71.12B,1,,2023-01-01,FR
922369038,NATURE NICHOIRS,71.12B,1,,2023-01-01,FR
922378294,GONA PRODUCTION,59.11B,1,,2023-01-01,FR
922386842,BLUEFIX,71.12B,11,,2023-01-02,FR
922404389,DIGIOTOUCH,71.12B,1,,2023-01-01,FR
922468582,LEASE CAR COURTAGE,66.19B,1,,2023-01-01,FR
922476395,EASY MULTI DISPLAY,58.29C,1,,2023-01-01,FR
922490065,KORUS CONSULTING,71.12B,3,,2023-01-01,FR
922494505,AD ASTRA,82.99Z,12,,2023-01-01,FR
922623285,PETRA,71.12B,3,,2023-01-01,FR
922630132,TERRA-CONSULTING,71.12B,2,,2023-01-01,FR
922632302,AZ GLOBALE FORMATION,85.59A,1,,2023-01-02,FR
922637277,DIAGNET 78,71.12B,1,,2023-01-09,FR
922644026,NETMETIC,71.12B,1,,2023-01-01,FR
922648910,JNS ACADEMY,85.59A,1,,2023-01-01,FR
922665906,THE ELEPHANT'S CHILDREN,58.29C,1,,2023-01-02,FR
922692512,LM CONSULTING,71.12B,1,,2023-01-01,FR
922698931,MOZAIKO,71.12B,1,,2023-01-02,FR
922703194,ONOKMA,58.29C,1,,2023-01-02,FR
922749296,USAVE,58.29C,2,,2023-01-09,FR
922860333,ART ET SENS,85.59A,1,,2023-01-02,FR
922900873,INNA FORMATION,85.59A,1,,2023-01-17,FR
922959887,BESI,71.12B,1,,2023-01-04,FR
922981741,LUSEO GRAND OUEST,71.12B,1,,2023-01-01,FR
922999198,VENCOREX THAILAND COMPANY LIMITED,82.99Z,1,,2023-01-16,FR
923096747,NORD POOL AS,82.99Z,1,,2023-02-01,FR
923124085,L'ALLIANCE,82.99Z,1,,2023-03-01,FR
923128110,LIC FORMATION,85.59A,3,,2023-01-01,FR
923153241,DTS MERM FIT NDSF,85.59A,11,,2023-01-25,FR
923159289,,,1,,2023-01-02,FR
923175939,STEEF,71.12B,3,,2023-02-06,FR
923186050,FAYA PEKEN,85.59A,1,,2023-02-17,FR
923242630,DST GERMANY GMBH,85.59A,2,,2023-03-06,FR
923247894,"ECOLE FLAMME, ECOLE DE PRODUCTION EST-SOMME - AISNE",85.59A,2,,2023-02-02,FR
923261002,ECOLE DE PRODUCTION DE BELFORT,85.32Z,2,,2023-04-01,FR
923285688,GIE DE CASTELNAU LE LEZ,82.99Z,11,,2023-01-12,FR
923291488,DIPLOME UNIVERSITAIRE D'INJECTION A VISEE ESTHETIQUE,85.59A,1,,2023-02-22,FR
923322168,BLMA OF,85.59A,1,,2023-03-15,FR
923323505,AB DETECTION,71.12B,1,,2023-01-06,FR
923338065,ASSOCIATION DE GESTION DU CFA MTA,85.59A,2,,2023-05-03,FR
923358683,ACADEMY OF MANAGEMENT AND INTELLIGENCE TECHNOLOGY,85.59A,2,,2023-04-10,FR
923359558,NEPTUNELEK,71.12B,1,,2023-03-23,FR
923361257,A LA SERRURE DE TES REVES,59.11B,1,,2023-05-02,FR
923395909,FONDATION OPEN-C,71.12B,12,,2023-03-13,FR
923451777,BE.SOLUTION,71.12B,1,,2023-04-03,FR
923469654,ATELIER ASSOCIATIF SPI,85.59A,1,,2023-04-27,FR
923501696,ECOLE SUPERIEURE DE MARKETING,85.59A,1,,2023-04-26,FR
923511943,AUBERGE DES ARENES,55.10Z,1,,2023-05-01,FR
923516298,HS TECHNIK GMBH HIGH SYSTEM TECHNIK,82.99Z,1,,2023-06-01,FR
923565519,135 BPM LE CAMPUS DU SPORT,85.59A,2,,2023-05-26,FR
923664247,CA PRODUCTIONS,59.11C,1,,2023-05-10,FR
923670897,"TOUT BOUGE, MOUVEMENT ET CREATION",85.52Z,3,,2023-06-13,FR
923683882,BAGATELLE FORMATION,85.59A,1,,2023-06-01,FR
923709794,MUTUALISATION POUR L'ACCOMPAGNEMENT A LA GESTION DANS L'ENFANCE,82.99Z,3,,2023-05-30,FR
923744221,VD FINANCES,82.99Z,1,,2023-07-04,FR
923770374,SCAN GLOBAL LOGISTICS,82.99Z,1,,2023-01-09,FR
923809537,ELEKTROTECHNICKY USTAV SAV,71.12B,1,,2023-07-01,FR
923902787,NODES,59.11B,1,,2023-08-08,FR
923967913,DIOGENE FILMS,59.11B,1,,2023-09-01,FR
923979546,HERE I AM PRODUCTION,59.11B,1,,2023-08-07,FR
923986103,TERRIBLA DRAMA,59.11B,1,,2023-08-25,FR
924041411,OCHEA,59.11B,1,,2023-09-22,FR
924326960,LE POISSON JAUNE,59.11B,1,,2023-11-24,FR
924331820,HER,85.59A,1,,2023-11-21,FR
947513529,GEOCADRE,71.12B,2,,2023-01-01,FR
947643904,THE ONE STUDIO,71.12B,1,,2023-01-01,FR
947756102,JARVI TECH,58.29C,1,,2023-01-09,FR
947757167,EMARQUET CONSULTING,82.99Z,1,,2023-01-03,FR
947772851,,,1,,2023-01-01,FR
947812145,AYANA FORMATION,85.59A,1,,2023-01-01,FR
947832580,KAPLI,58.29C,1,,2023-01-02,FR
947843942,DURO DAKOVIC MONTAZA FRANCE,71.12B,11,,2023-01-01,FR
947845590,ARCHIMED PERFORMANCE,71.12B,1,,2023-01-02,FR
947848503,JUST FORMATION,85.59A,1,,2023-01-03,FR
947852760,HYDROSITE,71.12B,1,,2023-01-03,FR
947853594,ALTERNANCE BASSE NORMANDIE,85.59A,2,,2023-01-03,FR
947855110,HEXADUS,71.12B,1,,2023-01-02,FR
947862066,ECOAXO,74.90A,2,,2023-01-01,FR
947862884,FACILITY BUSINESS OUTSOURCING,82.99Z,1,,2023-01-02,FR
947872834,330 AUDIO,71.12B,1,,2023-01-01,FR
947881637,PROJECT & PROGRAM MANAGEMENT CONSULTING,71.12B,1,,2023-01-04,FR
947892055,SKILLZFORMATION,85.59A,1,,2023-01-02,FR
947895009,VALORSITES,71.12B,1,,2023-01-01,FR
947895199,SECRA,82.99Z,1,,2023-01-02,FR
947901468,ADVICE SERVICE RPI,71.12B,1,,2023-01-03,FR
947903894,BUREAU D'ETUDES NDIAYE NDONGO,71.12B,1,,2023-01-03,FR
947913497,SOVDEVI,85.59A,1,,2023-01-02,FR
947915757,MYCUBE TRANSPORT,82.99Z,12,,2023-01-05,FR
947916425,ES BROADCAST HIRE,47.43Z,2,,2023-01-01,FR
947922183,GROUPE INFORMATIQUE ENVIRONNEMENTALE ET SOLIDAIRE (GROUPE IES),58.29C,12,,2023-01-05,FR
947923728,PROPAC FORMATION,85.59A,1,,2023-01-02,FR
947927075,PYRAMID-GEOTEC,71.12B,1,,2023-01-02,FR
947932513,SIGHT EXPLORE,71.12B,2,,2023-01-04,FR
947937025,ZJTECH,71.12B,1,,2023-01-01,FR
947963039,AURIGE INGENIERIE,71.12B,1,,2023-02-01,FR
947966602,ALMA CONSULTING - PRECISION ENGINEERING SERVICES,71.12B,1,,2023-01-09,FR
947967162,SFC,82.99Z,1,,2023-01-03,FR
947979423,TALCACORPORATION,59.11B,1,,2023-01-01,FR
947985081,LES BABADINES DE MEUNG-SUR-LOIRE,68.20B,2,,2023-01-09,FR
947987830,EAS'IA,58.29C,3,,2023-01-05,FR
948005020,,,1,,2023-01-10,FR
948032743,NEROUS,58.29C,1,,2023-01-06,FR
948034657,CRX AGENCEMENT,71.12B,1,,2023-01-03,FR
948034970,IKKI LEAGUE,58.29C,3,,2023-01-10,FR
948035860,ENERGESIA POSE,71.12B,2,,2023-01-12,FR
948037932,SER CONSULTING,82.99Z,1,,2023-01-05,FR
948040407,RECOMMANDE,58.29C,1,,2023-01-03,FR
948064480,STEEL DOCTOR,71.12B,1,,2023-01-02,FR
948070271,C.E.T.P. BL23,82.99Z,1,,2023-01-09,FR
948073168,QUALI'FORMATION,85.59A,2,,2023-01-12,FR
948079470,MAAT,71.12B,1,,2023-01-10,FR
948095211,FYO 67,85.59A,1,,2023-01-09,FR
948097951,NEOSITE,71.12B,12,,2023-01-12,FR
948105846,HELLO-HOTEL,82.99Z,1,,2023-01-14,FR
948119383,L'ŒIL JANVIER,58.29C,1,,2023-01-13,FR
948120480,CYRA,59.11B,1,,2023-01-05,FR
948128624,ACBAT,71.12B,1,,2023-01-11,FR
948130232,J&G SAS,71.12B,1,,2023-01-05,FR
948130240,TDB CREATION,58.29C,1,,2023-01-09,FR
948131032,GD INGENIEUR CONSEIL,71.12B,1,,2023-01-16,FR
948137047,THJA3D,71.12B,1,,2023-01-23,FR
948138128,OV OPC,71.12B,1,,2023-01-16,FR
948139613,GMT CONSEIL,71.12B,1,,2023-01-03,FR
948143185,N.P.C SAS,71.12B,1,,2023-01-16,FR
948149562,ESWIT,58.29C,2,,2023-01-16,FR
948157268,STUDIO CAPUCHE,59.11B,1,,2023-01-14,FR
948166004,HPTD CONSULTING,82.99Z,1,,2023-01-13,FR
948186721,AIX'PRESS,82.99Z,2,,2023-01-11,FR
948199401,HUMRIG,58.29C,1,,2023-01-02,FR
948201041,CONSUL-T,71.12B,2,,2023-01-14,FR
948201371,SCHEMALPELEC,71.12B,1,,2023-01-11,FR
948203179,INN'PULSE,71.12B,1,,2023-01-01,FR
948203708,THE BENCH INCUBATEUR,70.22Z,1,,2023-01-03,FR
948205794,"RECRUTEMENT,FORMATION,CONSULTING ET INGENIERIE",85.59A,2,,2023-01-11,FR
948211560,MANTES SCHOOL OF BUSINESS,85.59A,11,,2023-01-16,FR
948215991,MISSIONS D'ACCOMPAGNEMENT CONSEIL TECHNIQUE,71.12B,1,,2023-01-03,FR
948219167,UNIVERS SOL,71.12B,1,,2023-02-01,FR
948221239,8.125,59.11B,1,,2023-01-02,FR
948222575,BAROMAN INDUSTRIES,46.37Z,1,,2023-01-12,FR
948224506,EVICOM,85.59A,1,,2023-01-11,FR
948225438,SGOPC,71.12B,1,,2023-01-19,FR
948226436,GTR FORMATION,85.59A,1,,2023-01-17,FR
948230974,VIATECHNICA,71.12B,1,,2023-01-17,FR
948238134,B3 VILLAGE  BY CA VIERZON,82.99Z,1,,2023-01-01,FR
948244801,SNATCH,85.59A,2,,2023-01-13,FR
948248307,AUDIT ET DIAG,71.12B,2,,2023-01-19,FR
948249073,ATELIER SENEMIA,14.13Z,1,,2023-01-14,FR
948251665,D.B,71.12B,1,,2023-01-17,FR
948252242,,,2,,2023-01-19,FR
948255484,PHEBUS ENERGIE,71.12B,1,,2023-01-12,FR
948258017,G2V,71.12B,12,,2023-01-18,FR
948259486,MB AUDIT,71.12B,1,,2023-01-17,FR
948262126,HYPRLABS,71.12B,2,,2023-01-18,FR
948263645,MAEQUEN CONSEILS,58.29C,1,,2023-01-13,FR
948264023,SASU IDEALIS,71.12B,1,,2023-01-02,FR
948266010,GREGOIRE DURIEZ EXPERT,71.12B,1,,2023-01-06,FR
948266044,PRUNE,62.01Z,1,,2023-01-23,FR
948267166,CETHYA,71.12B,1,,2023-02-01,FR
948267745,OFEN ENGINEERING,71.12B,2,,2023-01-07,FR
948277058,BLUE SMOKE,59.11B,1,,2023-01-19,FR
948278833,TECH,71.12B,1,,2023-01-19,FR
948285945,C2A INFRA,71.12B,1,,2023-01-12,FR
948287057,UPCOFREE PORTAGE,82.99Z,3,,2023-01-01,FR
948296983,OIM FRANCE,71.12B,2,,2023-01-19,FR
948297841,ILS'INVEST,82.99Z,1,,2023-01-12,FR
948309497,PDMG,82.99Z,1,,2023-01-17,FR
948318712,CERTIS SOFTWARE,58.29C,1,,2023-01-01,FR
948328133,YVES ANDRE CONSULT,71.12B,1,,2023-01-20,FR
948329016,SAJ CONSULTING,82.99Z,1,,2023-01-16,FR
948345038,F2M74,41.20A,2,,2023-01-16,FR
948356480,CHRISTOPHE CHUDY STUDIO,59.11B,1,,2023-01-18,FR
948358544,PETRA IKHOR,71.11Z,1,,2023-01-16,FR
948377635,MORGAN & MALLET SCHOOL,85.59A,1,,2023-01-04,FR
948395447,HYDROTECHNIA,71.12B,1,,2023-02-01,FR
948399167,ENNEMANE DEVELOPPEMENT,71.12B,1,,2023-01-19,FR
948406418,REZO PARCOURS LANGUES,85.59A,1,,2023-01-02,FR
948408554,AEXECO,71.12B,1,,2023-01-01,FR
948410477,ECOSTORM,71.12B,2,,2023-01-18,FR
948411475,JC-INGENIERIE BSE,71.12B,2,,2023-01-20,FR
948420963,APRILYOS,58.29C,1,,2023-01-23,FR
948421680,ARPAGE,71.12B,1,,2023-01-25,FR
948421755,NATIVE TECHNOLOGIES FRANCE,58.29C,11,,2023-01-24,FR
948422829,SEIMA FORMATION BTP,85.59A,1,,2023-01-17,FR
948426440,BD FLUIDES,71.12B,1,,2023-01-12,FR
948433065,VM SOLUTIONS,82.99Z,1,,2023-01-16,FR
948434402,ATELIER REALISATION RENOVATION,71.12B,1,,2023-02-01,FR
948435854,BK CONSULTING OUEST,71.12B,3,,2023-01-25,FR
948438783,SI'FER EXPERT,71.12B,1,,2023-01-26,FR
948447032,AUTOMATIKA ROBOTICS,71.12B,1,,2023-01-26,FR
948447321,MPS LAKE GENEVA,82.99Z,1,,2023-01-24,FR
948449665,LES PRODUCTIONS DU SALON,59.11B,1,,2023-01-25,FR
948449921,MAASC,85.59A,1,,2023-01-16,FR
948462072,MADECA,71.12B,12,,2023-01-23,FR
948463971,DRONEX16,71.12B,1,,2023-01-20,FR
948464599,FORMATION PROFESSIONNELLE 42,85.59A,1,,2023-02-01,FR
948465208,GCCC,82.99Z,1,,2023-01-01,FR
948465604,START FORMA,85.59A,1,,2023-01-26,FR
948472733,DG SERVICES,71.12B,2,,2023-01-19,FR
948472857,A2K PREMIUM CONSEILS,71.12B,1,,2023-01-27,FR
948494950,CENTRE DE FORMATION DE LA POINTE,85.59A,2,,2023-01-19,FR
948502166,E2S FORMATION PETITE ENFANCE,85.59A,2,,2023-01-26,FR
948512041,DNS INGENIERIE,71.12B,1,,2023-01-04,FR
948518097,HEA,85.59A,1,,2023-01-30,FR
948523998,DESTINATIONS OFF ROAD,93.29Z,1,,2023-01-25,FR
948524491,LC INDUSTRIES,71.12B,1,,2023-01-10,FR
948525902,ENOTEA,71.12B,1,,2023-01-01,FR
948527965,YONOMY LIEL,82.99Z,1,,2023-01-19,FR
948533831,XTIK,71.12B,1,,2023-01-30,FR
948551742,PRODUCTIONS SAINT SAUVEUR,59.11B,2,,2023-02-01,FR
948554837,SETUP RENOV,71.12B,2,,2023-01-31,FR
948562533,HAAL MEDIA SAS,59.11B,1,,2023-01-27,FR
948565759,REGEN SCHOOL,85.59A,2,,2023-01-26,FR
948567292,LE BASSIN BLEU CONSTRUCTION,71.12B,1,,2023-01-27,FR
948574173,COSMOPOLIS,90.01Z,12,,2023-01-18,FR
948588561,VUILLET BUREAU D'ETUDES,71.12B,1,,2023-02-20,FR
948589213,ENDGO,71.12B,1,,2023-01-09,FR
948590229,ITC4D,71.12B,1,,2023-01-26,FR
948598164,JEROME HOESSLER CONSEIL,85.59A,1,,2023-01-01,FR
948610555,PF INGENIERIE,71.12B,1,,2023-01-27,FR
948612239,REACT MOTION TECHNOLOGIES,58.29C,1,,2023-01-25,FR
948636246,LDR EXPERTISE ET FORMATION IMMO,85.59A,1,,2023-02-01,FR
948657804,MOON&CO,71.12B,1,,2023-02-01,FR
948668637,VERT EAULIVIER,71.12B,1,,2023-02-01,FR
948669015,CCOURNAULT,85.59A,1,,2023-02-01,FR
948676895,ATEO,71.12B,1,,2023-02-02,FR
948681309,SANANGA,71.12B,2,,2023-01-19,FR
948682745,ECOCONSULT,71.12B,1,,2023-01-01,FR
948694328,DENERGIUM,58.29C,1,,2023-02-03,FR
948724398,COLLECTI-SOFT,58.29C,2,,2023-02-04,FR
948740741,DARWEEN,71.12B,1,,2023-01-16,FR
948745385,GIE LE MUY,82.99Z,11,,2023-01-05,FR
948746995,HOMENUM,82.99Z,1,,2023-01-20,FR
948758008,MADIZY INSTITUTE,85.59A,1,,2023-02-01,FR
948759717,MILLOREM,85.59A,1,,2023-01-03,FR
948765060,EXAS,71.12B,11,,2023-02-03,FR
948774872,ALPHA CONSULTING,71.12B,3,,2023-02-01,FR
948785308,SATURN,71.12B,2,,2023-01-30,FR
948789284,MAHIEU DIAGNOSTIC IMMOBILIER,71.20B,1,,2023-03-01,FR
948809777,TOP FORMA SOLUTIONS,85.59A,1,,2023-01-24,FR
948812581,VALESCURE DOM,82.99Z,1,,2023-01-16,FR
948814603,FYGO LABS,58.29C,1,,2023-01-12,FR
948815691,CMR CONSTRUCTION,71.12B,1,,2023-02-06,FR
948816947,FLIPPIT,58.29C,1,,2023-01-26,FR
948820204,JN.IMAGES,59.11B,1,,2023-02-06,FR
948831367,ONYX,59.11B,1,,2023-02-08,FR
948839329,MD MULTISERVICES,82.99Z,1,,2023-01-20,FR
948857131,ACTOON,58.29C,1,,2023-02-08,FR
948858238,SUP' COURS PERET,85.59B,1,,2023-02-09,FR
948862149,KARST MICROPRECISION,71.12B,2,,2023-01-16,FR
948868633,SAMEA CONSULTING,82.99Z,1,,2023-02-08,FR
948878293,KOMEA,71.12B,2,,2023-01-17,FR
948878624,SHOP PERFORMANCE,85.59A,1,,2023-01-30,FR
948881529,ACOMAS STRUCTURES,71.12B,1,,2023-02-07,FR
948884705,RETAILLEAU RENOVATIONS 44,71.12B,1,,2023-02-09,FR
948893334,AVENIRTOITS 76,43.91B,2,,2023-02-09,FR
948900675,LOGIADAPT,71.12B,3,,2023-01-01,FR
948902895,IDJ INGENIERIE,71.12B,2,,2023-02-10,FR
948903489,KAZA,82.99Z,1,,2023-01-09,FR
948905369,URBAFONCIER,71.12B,1,,2023-02-10,FR
948907035,PMG,71.12B,2,,2024-06-07,FR
948921853,DOM & GES,82.99Z,1,,2023-01-03,FR
948947148,GALAXIES CLOUD,58.29C,1,,2023-02-08,FR
948957303,AIRKRAFT AVIATION SAS,85.59A,1,,2023-02-01,FR
948963384,BD INFLUENCE,59.11A,1,,2023-02-07,FR
948964705,AFORIANS,85.59A,1,,2023-02-13,FR
948980610,MICE AND HUMANS,58.29C,1,,2023-02-09,FR
948992052,ENVOL ENVIRONNEMENT ALSACE,71.12B,2,,2023-01-31,FR
949003404,CAP SOLUTION,85.59A,1,,2023-02-03,FR
949013346,STUDY RAIL,71.12B,3,,2023-02-14,FR
949014591,INSTITUT DE COACHING INTERNATIONAL FRANCE,85.59A,1,,2023-01-31,FR
949022719,NOYA,82.99Z,1,,2023-02-15,FR
949023790,,,3,,2023-03-02,FR
949025647,BET DOM EXPERTS,71.12B,1,,2023-02-07,FR
949029524,GRESIDOC,71.12B,1,,2023-02-15,FR
949030548,INGUN PRUFMITTELBAU GMBH,71.12B,1,,2023-01-01,FR
949031033,EURL PIERRE FROGER,59.11B,1,,2023-02-09,FR
949033302,TALENT FORMATION DEVELOPMENT,85.59A,1,,2023-02-01,FR
949046015,PISPA,71.12B,1,,2023-02-15,FR
949052013,AM TRADING INTERNATIONAL SERVICE,71.12B,1,,2023-02-13,FR
949062178,ACTENERGY,71.12B,1,,2023-02-01,FR
949067649,PROLYSE,71.12B,2,,2023-01-30,FR
949083737,META-BUILD,71.12B,2,,2023-01-02,FR
949087084,SADITEC NC,71.12B,11,,2023-02-14,FR
949093686,IEFAB,85.59A,1,,2023-02-15,FR
949105639,THECAMP TRAINING,85.59A,1,,2023-02-14,FR
949108955,ARCOE2,71.12B,2,,2023-02-06,FR
949111280,WAU DESIGN,82.99Z,1,,2023-02-14,FR
949115117,APOGEE,68.20B,2,,2023-02-17,FR
949116735,NITREXO FRANCE,71.12B,1,,2023-02-17,FR
949136469,O2M,71.12B,2,,2023-02-16,FR
949143721,MIMECAST FRANCE SARL,58.29C,3,,2023-02-15,FR
949144935,TAMTSE TECHNOLOGY,70.10Z,1,,2023-05-01,FR
949146450,GREEN PORTAGE,82.99Z,3,,2023-01-03,FR
949152276,AI SWITCH,58.29C,1,,2023-02-08,FR
949152334,INDUSTRIAL SOLUTIONS & APPLICATIONS,82.99Z,1,,2023-02-16,FR
949158422,ECB31 - EXPERTISE CONSEIL BATIMENT,71.12B,1,,2023-02-20,FR
949165211,PIXILONE,59.11B,1,,2023-02-13,FR
949166474,BMR CONCEPT,71.12B,1,,2023-02-10,FR
949169635,ELLIPSE FRANCE,71.12B,2,,2023-02-01,FR
949180426,IREXIA,71.12B,1,,2023-02-17,FR
949182737,C-CLERC,58.29C,1,,2023-02-14,FR
949184766,ACCOMPAGNEMENT COMPETENCES DEVELOPPEMENT METIERS DE LA SOLIDARITE,85.59A,1,,2023-03-01,FR
949187504,HEXAGONE INGENIERIE,71.12B,1,,2023-02-15,FR
949189880,SOBAL ENERGY,71.12B,1,,2023-02-13,FR
949202634,SRG DECO,71.12B,2,,2023-02-01,FR
949203376,OFFICE SB,85.59A,1,,2023-02-17,FR
949203426,WE ARE ATHLETIC,85.51Z,1,,2023-02-09,FR
949203970,ANJOU TOITURES PROFESSIONNELLES,43.91B,1,,2023-02-17,FR
949215768,2I PORTAGE IDF,82.99Z,12,,2023-02-01,FR
949219588,AUDDICE SEINE NORMANDIE,71.12B,11,,2023-02-22,FR
949226468,FORMATION.SOCIAL,85.59A,1,,2023-02-23,FR
949239321,BILL SOLUTIONS,58.29C,1,,2023-02-16,FR
949270136,REAL ESTATE TECHNICAL ADVISORY,71.12B,1,,2023-02-20,FR
949270870,HAPPY ASSUR,58.29C,1,,2023-01-31,FR
949271811,HD CONSEIL,71.12B,1,,2023-02-15,FR
949273429,AMP CONCEPT 42,71.12B,1,,2023-03-01,FR
949274096,BP CONCEPTION,71.12B,1,,2023-02-22,FR
949274666,SKYGLIDE PRODUCTIONS SARL,59.11B,1,,2023-02-21,FR
949283196,NOMAD CONCEPT,71.12B,1,,2023-01-09,FR
949285209,CHAAK,71.12B,1,,2023-01-25,FR
949288724,STUD'I STRUCTURES,71.12B,1,,2023-02-16,FR
949297790,STARFISH,82.99Z,1,,2023-02-15,FR
949306245,CHARLATHAN CLUB,58.29C,12,,2023-02-13,FR
949309496,TDMR,85.59A,1,,2023-02-09,FR
949310643,MULTI-SERVICES94,43.21A,3,,2023-02-24,FR
949312607,F CORSE,71.12B,1,,2023-01-02,FR
949318307,KASADENN PARIS,71.12B,3,,2023-02-22,FR
949319685,P.R.C.C.,45.20B,2,,2023-02-23,FR
949334726,NOTHE STRUCTURES,71.12B,1,,2023-02-23,FR
949347363,MHC FACILITIES,82.99Z,1,,2023-02-09,FR
949348395,INSERVAL,78.20Z,1,,2023-02-20,FR
949351399,ENERGY SCOUT,71.12B,1,,2023-02-23,FR
949353270,OPPENT FRANCE,71.12B,2,,2023-02-23,FR
949355846,ALPHASCAN,71.12B,1,,2023-02-15,FR
949356836,VYDRA,71.12B,1,,2023-03-01,FR
949358709,HARVY,62.01Z,1,,2023-02-24,FR
949359525,CLIPPER LEARNING & DEVELOPMENT SERVICES,85.59A,1,,2023-02-23,FR
949365829,UP MATER CONSEIL ET FORMATION,85.59A,1,,2023-02-15,FR
949377824,PARIS NORD BUSINESS SCHOOL,85.59A,1,,2023-02-06,FR
949381362,GOTODRIVE,85.59A,1,,2023-02-22,FR
949382311,MILENCE FRANCE SAS,71.12B,3,,2023-02-22,FR
949383814,E-FORMA CAMPUS,85.59A,1,,2023-02-20,FR
949384325,RHREFLEX 83,85.59A,1,,2023-02-13,FR
949398465,ISIM 83,85.59A,11,,2023-02-15,FR
949404479,PROTECTETE INCENDIE 45,80.20Z,1,,2023-02-23,FR
949404628,KEY CONTRACT,70.22Z,12,,2023-02-16,FR
949412399,F&GPP,85.59A,1,,2023-02-01,FR
949419907,STUDIO LAFFITTE,59.11C,1,,2023-02-24,FR
949420533,ODONTALL,85.59A,1,,2023-02-28,FR
949420707,THESEUS,58.29C,2,,2023-02-16,FR
949425706,MOB,71.12B,1,,2023-02-22,FR
949438055,ING'IEC,71.12B,1,,2023-02-28,FR
949444095,BEA-BA,71.12B,1,,2023-02-17,FR
949451132,DROP ACADEMY PARIS,85.59A,1,,2023-01-09,FR
949451322,BET SALADINO STRUCTURE,71.12B,1,,2023-02-06,FR
949451637,RJY PREVENTION,47.78C,1,,2023-03-01,FR
949455638,DATA & DECISIONS,58.29A,1,,2023-02-22,FR
949463756,BSA TECH SOLUTIONS,71.12B,3,,2023-03-01,FR
949467773,NOZ LENEUVE,47.19B,3,,2023-03-01,FR
949483705,E-BUSINESS SCHOOL,85.59A,1,,2023-02-14,FR
949484836,FOCALE FIXE,59.11B,2,,2023-01-01,FR
949485411,XELL,71.12B,1,,2023-03-01,FR
949488480,THE COLIVING COMPANY,82.99Z,2,,2023-02-22,FR
949490676,MED INGENIERIE & EXPERTISE,71.12B,1,,2023-03-01,FR
949496996,LCTEC,71.12B,1,,2023-01-08,FR
949511786,GAYA,71.12B,1,,2023-02-15,FR
949519409,VIPO FRANCE SAS,71.12B,11,,2023-02-01,FR
949526461,HAWLSSEN PRODUCTION,59.11B,1,,2023-03-01,FR
949529143,SAS MODIMMO,71.20B,1,,2023-03-03,FR
949533400,NEOCONCEPT VRD PARIS SUD,71.12B,1,,2023-02-01,FR
949534861,ODK,58.29C,2,,2023-02-27,FR
949538862,COMPETENTIS,85.59A,1,,2023-02-28,FR
949542013,ODYSAI,58.29C,1,,2023-01-27,FR
949557581,RENALTO,58.29C,1,,2023-02-22,FR
949572234,INGV AZUR,71.12B,1,,2023-02-24,FR
949616049,INSTITUT REN,82.99Z,1,,2023-03-02,FR
949618821,ONDO ENERGIES,71.12B,1,,2023-03-06,FR
949633341,MULTI.MADELEINE,47.43Z,3,,2023-03-07,FR
949635379,EASYINOX,85.59A,1,,2023-04-01,FR
949638308,JC-INGENIERIE GROUPE,71.12B,1,,2023-03-03,FR
949645600,CELEST SCIENCE,62.01Z,2,,2023-03-03,FR
949645923,ORGALY MARSEILLE,85.59A,1,,2023-02-01,FR
949649776,C2G PORTAGE,82.99Z,1,,2023-03-07,FR
949653067,ASMR KALI,59.11B,1,,2023-02-27,FR
949654842,GAMMA REFRIGERATION,71.12B,2,,2023-03-07,FR
949654958,IMA BUSINESS SCHOOL,85.59A,12,,2023-03-02,FR
949661250,AUTO-ECOLE TOUT & PERMIS,85.59A,1,,2023-03-07,FR
949663637,ZOLFO PROJECT MANAGEMENT OFFICE,71.12B,1,,2023-03-06,FR
949673289,HC FORMATION,85.59A,1,,2023-03-01,FR
949677884,OVER7SEAS,82.99Z,1,,2023-03-02,FR
949681415,EMDC,82.99Z,1,,2023-03-01,FR
949689186,KOLVERR,58.29C,1,,2023-03-03,FR
949698716,MFG TCE,43.34Z,1,,2023-02-23,FR
949698872,MAISON MARIE,58.13Z,1,,2023-03-06,FR
949713598,SANZ CONSTRUCTIONS GENERAL DU BTP,71.12B,2,,2023-01-01,FR
949724298,ICAD,71.12B,1,,2023-03-13,FR
949735062,AUDIO BASTILLE,47.43Z,1,,2023-03-10,FR
949743041,DARWIN PARTNERS,71.12B,11,,2023-02-28,FR
949743678,SNOWGRID SOLUTIONS,71.12B,1,,2023-02-24,FR
949746374,ITA INGENIERIE,71.12B,3,,2023-03-09,FR
949747133,YOOZ PDP,58.29C,2,,2023-03-09,FR
949747851,ETS DELOUVET,71.12B,1,,2023-03-01,FR
949750012,PRO MAX BAT,43.31Z,2,,2023-03-07,FR
949752075,ANJOY SOLUTION,71.12B,1,,2023-03-10,FR
949752463,AUDENSIEL SERVICES,71.12B,11,,2023-03-15,FR
949758510,CROQUS,71.12B,1,,2023-03-02,FR
949762033,REPAIR INGENIERIE,71.12B,1,,2023-03-13,FR
949767198,WALILI,71.12B,1,,2023-03-10,FR
949775217,CHANEAC SPORT,71.12B,1,,2023-03-12,FR
949780852,EARLYS,71.12B,2,,2023-02-08,FR
949789259,ALL GREEN RECORDING,71.12B,2,,2023-04-01,FR
949797732,INNOVATION CONCEPT CONSTRUCTION,71.12B,1,,2023-04-01,FR
949798201,SECRET,71.12B,1,,2023-02-13,FR
949806277,B2M INGENIERIE,71.12B,1,,2023-02-14,FR
949810402,AZZOUNI CONSULTING,58.29C,1,,2023-03-03,FR
949816029,ECOLE SUPERIEURE D'INFORMATIQUE ET D'INTELLIGENCE ARTIFICIELLE-ESIIA,85.59A,3,,2023-03-13,FR
949825285,HUMMING,82.99Z,1,,2023-03-12,FR
949825343,SEVEN OF NINE,82.99Z,1,,2023-03-08,FR
949831051,CAP ENERGIES SOLUTIONS,71.12B,1,,2023-03-13,FR
949831457,A.D.O MAITRISE D'OEUVRE,71.12B,2,,2023-03-08,FR
949833305,FLEX ENGINEERING,71.12B,1,,2023-02-27,FR
949834725,HEPTA STRUCTURE,71.12B,1,,2023-03-10,FR
949837199,BET NORMANDIE,71.12B,1,,2023-03-14,FR
949840847,HOME 'AIR,71.12B,2,,2023-03-11,FR
949850648,VIT'OPTI,82.99Z,1,,2023-02-03,FR
949852339,CABINET CARLOTTI URBANISME,71.12B,2,,2023-03-13,FR
949855654,KAS FORMATIONS,85.59A,1,,2023-03-15,FR
949856934,BLOOM BEAUTY ACADEMY,85.59A,1,,2023-02-22,FR
949864433,TIMOE,71.12B,1,,2023-03-13,FR
949875702,JB AUDIT,71.12B,1,,2023-03-07,FR
949877112,BUSINESS TRUST,82.99Z,1,,2023-03-14,FR
949883532,SANAK,82.99Z,11,,2023-03-13,FR
949889711,CAP HYDROGENE,85.59A,1,,2023-03-14,FR
949902779,H2N GEOTECHNIQUE,71.12B,1,,2023-04-01,FR
949913610,CAPMOD 3D,71.12B,1,,2023-03-09,FR
949913982,BUREAU FR,71.12B,1,,2023-03-07,FR
949916126,GENERATION LEARNING,85.59A,1,,2023-03-16,FR
949916704,SE2I,71.12B,1,,2023-03-14,FR
949931851,SYSFORM,85.59A,1,,2023-03-07,FR
949947493,FRET EXPRESS MJ,82.99Z,2,,2023-03-05,FR
949953889,ELIOSFAIR,71.12B,1,,2023-03-10,FR
949958813,WEFLEX,58.29C,1,,2023-03-14,FR
949962005,LE GANG DES TAVERNIERS,82.99Z,1,,2023-03-16,FR
949964241,OHMPIROKA,58.29C,2,,2023-04-01,FR
949967491,JLD INGENIERIE CONSULT,71.12B,1,,2023-03-13,FR
949969356,LIBERTAT,82.99Z,2,,2023-03-17,FR
949971022,MG ACADEMIE,85.59A,1,,2023-03-01,FR
949973093,SMOOZ VENTURES,58.29C,1,,2023-02-16,FR
949977540,TGM TECH,71.12B,1,,2023-03-17,FR
949983472,INSTITUT DES LANGUES ET DU MANAGEMENT INTERCULTUREL ET STRATEGIQUE,85.59A,3,,2023-03-17,FR
950707273,BMI,71.12B,1,,2023-03-07,FR
950716993,TER'2EAUX,71.12B,1,,2023-03-14,FR
950723668,LAMIJO,82.99Z,1,,2023-03-20,FR
950736504,HC FORMA,85.59A,1,,2023-03-14,FR
950741991,STERN ENERGY,71.12B,2,,2023-04-01,FR
950746032,MC CONSULTING,71.12B,1,,2023-02-15,FR
950746693,RAS PRORENOV BET,71.12B,1,,2023-01-19,FR
950749069,ISOCONSEIL PARIS,71.12B,1,,2023-03-14,FR
950758862,WE PERFORM ! CONSULTING ET FORMATION,85.59A,1,,2023-03-17,FR
950759100,ECOLE DE MANAGEMENT DE CRETEIL,85.59A,3,,2023-03-21,FR
950766535,ANC BE,71.12B,1,,2023-03-09,FR
950773325,IT2E (INGENIERIE THERMIQUE ENVIRONNEMENTALE ET ECONOMIQUE),71.12B,1,,2023-03-17,FR
950777649,AGRODRONE,71.12B,1,,2023-03-20,FR
950783340,MASYLOISIRS,47.43Z,11,,2023-03-21,FR
950784454,STENGELIN PORTAGE,82.99Z,2,,2023-03-21,FR
950786020,TETMET SAS,71.12B,2,,2023-04-01,FR
950789495,EXTESER,82.99Z,2,,2023-03-17,FR
950793786,LIMOGES BUSINESS SCHOOL,85.59A,2,,2023-03-20,FR
950797217,ELION CONSULTING,71.12B,1,,2023-03-13,FR
950806109,SAS EMIS WORLD,71.12B,1,,2023-03-07,FR
950815589,MONHA,82.99Z,2,,2023-03-15,FR
950825166,VINCENT DARFEUILLE,47.43Z,1,,2023-03-22,FR
950825844,AUDIT ENERGETIQUE CONSEIL,71.20B,1,,2023-03-18,FR
950833962,BRGC SOLUTIONS,82.99Z,1,,2023-03-16,FR
950841510,ODESS,59.11B,1,,2023-03-01,FR
950854661,TECHNIPLUS INDUSTRIE,71.12B,1,,2023-03-22,FR
950857698,FORMATION PREMIUM,85.59A,1,,2023-06-01,FR
950858050,DAR,85.59A,1,,2023-03-08,FR
950858571,OMEGA CONSULTING & FORMATION,85.59A,1,,2023-03-21,FR
950862805,GIE D'AGEN BARBUSSE,82.99Z,11,,2023-01-30,FR
950863373,"ASCENDI IGI, INOVACAO E GESTAO DE INFRA-ESTRUTURAS S.A",71.12B,1,,2023-03-01,FR
950875427,GB ELEC NORD,71.12B,3,,2023-03-27,FR
950881821,P4ALL,82.99Z,1,,2023-04-01,FR
950885632,P-LAYER,71.12B,1,,2023-04-01,FR
950895151,GICON -  GROBMANN INGENIEUR CONSULT GMBH,71.12B,1,,2023-01-01,FR
950896472,RD PARTNERS,85.59A,2,,2023-02-23,FR
950896654,SERVICES BAT'INDUSTRIES,82.99Z,1,,2023-03-24,FR
950901660,BATIR INNOVANT RESPONSABLE ET DURABLE,71.12B,1,,2023-03-23,FR
950902742,BSI,43.21A,3,,2023-03-20,FR
950903500,ACT PHARMACIE,82.99Z,11,,2023-04-03,FR
950909762,ABA IT CONSULTING,71.12B,1,,2023-03-24,FR
950916718,JHUMANJ,58.29C,1,,2023-03-01,FR
950916932,HURA PORTAGE INNOVATION,82.99Z,11,,2023-03-23,FR
950925370,FREEZCO,71.12B,1,,2023-03-22,FR
950930263,ERA ENGINEERING,71.12B,1,,2023-03-07,FR
950941971,COORDILIE,71.12B,1,,2023-04-01,FR
950952945,SBENGINEERING,71.12B,1,,2023-05-01,FR
950959643,OCORDO,71.12B,1,,2023-03-24,FR
950960500,2F COM,71.12B,1,,2023-03-26,FR
950965285,FLUXENCE,58.29C,1,,2023-03-05,FR
950966994,CLEF OPERATING COMPANY,71.12B,1,,2023-04-01,FR
950969667,LSG ACADEMIE,85.59A,1,,2023-03-19,FR
950978569,BN ENERGIE,71.12B,1,,2023-03-22,FR
950980631,KEO ROBOTICS,71.12B,3,,2023-03-27,FR
950989707,JAVANNIE,82.99Z,1,,2023-03-06,FR
950998716,4C ENGINEERING,71.12B,1,,2023-03-27,FR
951002559,COLA INNOVATION,71.12B,3,,2023-03-24,FR
951006154,ORRON ENERGY DEVELOPPEMENT FRANCE,71.12B,1,,2023-03-27,FR
951007434,RECYCLAGE SOLUTIONS MINERAL,43.99B,1,,2023-03-15,FR
951008523,B.B.E - BISIAUX BUREAU D'ETUDES,71.12B,1,,2023-03-27,FR
951010503,BATEG,71.12B,11,,2023-03-03,FR
951010586,MAISONS DE LUNE,71.12B,1,,2023-01-01,FR
951013804,EGS,85.59A,11,,2023-03-21,FR
951018720,IDR ENGINEERING,71.12B,1,,2023-03-23,FR
951023183,EPINAY MANAGEMENT SCHOOL,85.59A,11,,2023-03-27,FR
951026442,UMAN IMMOBILIER,71.12B,3,,2023-04-01,FR
951036177,EXAGRID FRANCE,82.99Z,11,,2023-03-01,FR
951051044,MILES GROUP,71.12B,2,,2023-03-21,FR
951060946,HOME EXPERT & CO,71.12B,2,,2023-03-27,FR
951065754,AGENCE ZEBRELLE,59.11B,1,,2023-03-17,FR
951066638,COLI,82.99Z,1,,2023-03-23,FR
951075027,CONTRACTANT GENERAL EN BATIMENTS INDUSTRIELS,71.12B,1,,2023-03-28,FR
951083393,TEKNI,71.20B,1,,2023-03-16,FR
951087238,HOLOPHONIX,90.02Z,3,,2023-03-21,FR
951097302,TSB CONSULTING,71.12B,2,,2023-03-07,FR
951104777,GEGB,41.20A,3,,2023-04-01,FR
951109677,ECOR / ECAR,85.59A,11,,2023-03-10,FR
951114693,CLEO RENOV,71.12B,1,,2023-04-01,FR
951123264,DRAVIR,71.12B,1,,2023-04-01,FR
951142686,CHRIS SERVICES,82.99Z,1,,2023-04-15,FR
951144922,B2G,71.12B,1,,2023-04-03,FR
951145416,P.S.R,43.39Z,2,,2023-03-21,FR
951147602,FOCUS TERRA,71.12B,1,,2023-03-29,FR
951156413,OCCINOVA,43.21A,1,,2023-03-29,FR
951159466,MB CREATION,71.12B,1,,2023-01-30,FR
951160126,EETIC FR,82.99Z,1,,2023-03-01,FR
951171065,KS-LEARN,85.59A,1,,2023-02-25,FR
951182419,ALVAREZ ARLABOSSE FORMATION,85.59A,1,,2023-04-01,FR
951191485,ONE-PICTURE,59.11B,1,,2023-04-01,FR
951193556,DANS LA RUCHE,82.99Z,11,,2023-04-03,FR
951209188,CODALIS,71.12B,3,,2023-04-01,FR
951213651,SOLVHEAT,71.12B,1,,2023-04-03,FR
951217116,GHP ENVIRONNEMENT,71.12B,1,,2023-03-29,FR
951217728,SMART BOOSTERS,58.29C,1,,2023-04-01,FR
951230218,SAKER B.A. CONSEILS,71.12B,1,,2023-04-03,FR
951232354,GOGLOBAL GEO FRANCE,82.99Z,11,,2023-04-15,FR
951235860,IRIS INTUITION,85.59A,1,,2023-03-12,FR
951242825,AUDIT ET DISTRIBUTION,71.12B,1,,2023-04-02,FR
951252600,FIGEAC TRANSITION,71.12B,1,,2023-03-30,FR
951257310,L'ESCAPADE VOSGIENNE,85.59A,1,,2023-04-03,FR
951273242,S.A.G.A.,82.99Z,2,,2023-03-27,FR
951287101,SC GLOBAL,70.22Z,1,,2023-01-01,FR
951292648,AVEC CECI CONCIERGERIE,82.99Z,1,,2023-04-04,FR
951293943,AUDIT INTER ET COPRO,71.12B,1,,2023-03-03,FR
951298314,HTB CONCEPT,71.12B,2,,2023-01-14,FR
951299890,RB KONSULTING,71.12B,1,,2023-03-17,FR
951302140,FIBREXPRESS,71.12B,1,,2023-04-04,FR
951306091,GEFIPROM,71.12B,1,,2023-03-25,FR
951318526,TEMPTED,58.29C,1,,2023-03-31,FR
951327766,SKOOL N'JOB,85.59A,12,,2023-05-01,FR
951328962,BE EXCELYS,71.12B,1,,2023-04-05,FR
951340801,MSLIVE,59.11B,1,,2023-03-24,FR
951342724,RATP SECURITE EXPERTISES,85.59A,1,,2023-03-29,FR
951357771,SPARKSEED,85.59A,1,,2023-04-06,FR
951359751,TECHNIC G LOGISTIC,82.99Z,3,,2023-03-05,FR
951360890,SEMENTO,81.30Z,1,,2023-04-06,FR
951361807,ORPY INGENIERIE,71.12B,1,,2023-05-01,FR
951366798,GTVS OCCITANIE,43.22B,3,,2023-04-01,FR
951395953,ATIC INGENIERIE,71.12B,2,,2023-04-06,FR
951398338,EXPERT CONSEIL 71,71.12B,1,,2023-04-04,FR
951401694,KF CONSULTING,43.21A,1,,2023-04-07,FR
951405513,LIFELIDAR,71.12B,1,,2023-03-20,FR
951407659,BET RUIZ GROUPE,71.12B,1,,2023-01-30,FR
951454289,ARTDIGIT,58.29C,2,,2023-04-10,FR
951457019,ICM AZUR,74.90A,1,,2023-04-04,FR
951465442,KTEBOUL,82.99Z,1,,2023-04-11,FR
951469634,TDA PROD,59.11B,1,,2023-04-06,FR
951489863,ALTER FORM REUNION,85.59A,1,,2023-04-11,FR
951494210,WADADAVERSE,59.11B,1,,2023-04-07,FR
951495308,W3E,71.12B,1,,2023-04-11,FR
951498203,SMI,82.99Z,1,,2023-05-01,FR
951509165,BSYS,71.12B,1,,2023-03-29,FR
951509447,CONSEIL HABITAT ENERGIE,82.99Z,1,,2023-04-01,FR
951510486,OUTTATIME,59.11B,1,,2023-04-10,FR
951512508,AG MAITRINOVE,71.12B,1,,2023-04-07,FR
951513936,PRIM'CONCEPT,71.12B,1,,2023-04-03,FR
951521178,2:00 AM,58.29C,2,,2023-03-24,FR
951541101,ACADEMIE REVOLTE,85.59A,1,,2023-01-12,FR
951542240,TRANSPORTS DE L'EST,82.99Z,12,,2023-05-01,FR
951542489,LEARNEXA,58.29C,2,,2023-04-11,FR
951546209,SPS COMPANY,85.59A,1,,2023-04-12,FR
951550425,ALEO INNOVATION,85.59A,2,,2023-03-16,FR
951552272,INSTITUT MEDICAL DE LA PEAU,82.11Z,2,,2023-04-11,FR
951563196,DYNAMIC INSERTION SERVICES,82.99Z,2,,2023-01-19,FR
951594175,EXPERTISIA SOLUTIONS,85.59A,1,,2023-04-12,FR
951595875,1PLACE,58.29C,1,,2023-04-12,FR
951595917,DAYLEAD,70.21Z,1,,2023-04-05,FR
951598978,ZENCITY,71.12B,1,,2023-04-14,FR
951628346,COM-TECHS,71.12B,2,,2023-04-13,FR
951629179,CAMPUS125,85.59A,3,,2023-04-30,FR
951643527,DAPHANTHIS,71.12B,1,,2023-04-11,FR
951646074,BF INGENIERIE CONSEILS,71.12B,1,,2023-04-13,FR
951658525,ALPES ACTIV BUREAUX EN ABREGE AAB,82.99Z,1,,2023-04-17,FR
951667419,NEURAL SYSTEMS,58.29C,1,,2023-04-13,FR
951667682,CTRL,82.99Z,12,,2023-03-08,FR
951670322,OAZYS,82.99Z,1,,2023-04-14,FR
951672997,ECCEL ENVIRONNEMENT ARA,71.12B,1,,2023-04-17,FR
951675990,BR CONCEPT,71.12B,1,,2023-04-07,FR
951683028,FACILITY SERVICES,82.99Z,12,,2023-04-12,FR
951696343,MCMILLEN SAS,71.12B,1,,2023-04-12,FR
951696913,CHENG XIN,71.12B,1,,2023-04-13,FR
951706746,LE COMPTOIR DES FRANCAIS DE L'ETRANGER - CFE,82.99Z,2,,2023-04-17,FR
951706852,HNC ETUDES CONCEPTIONS TECHNIQUES,71.12B,1,,2023-04-01,FR
951730613,WONDER WOMEN CONSULTING,82.99Z,1,,2023-03-09,FR
951737493,GRN EXPERTISES,85.59A,2,,2023-04-18,FR
951738046,TRADE IN COMPLIANCE,85.59A,1,,2023-04-10,FR
951739218,RENOVIE,43.21A,3,,2023-04-13,FR
951751635,AMAO - BACON,71.12B,1,,2023-04-12,FR
951753151,EPIO,71.12B,1,,2023-05-02,FR
951754837,LSR AUDIO,58.29C,1,,2023-04-01,FR
951755883,INEO CONSULT,71.12B,2,,2023-05-10,FR
951758804,M2C MOBILITE,71.12B,1,,2023-03-31,FR
951761840,LIFE ACADEMY,85.59A,2,,2023-04-19,FR
951763481,MARINE ARIA,71.12B,1,,2023-04-17,FR
951770270,CABINET KGS,85.59A,1,,2023-04-14,FR
951777606,CODYSEUM,58.29C,2,,2023-04-10,FR
951783836,RIPPLE DIGITAL,58.29C,2,,2023-04-14,FR
951788579,PARTNER +,85.59A,1,,2023-04-13,FR
951791045,GIE DE CHATEAU THIERRY,82.99Z,11,,2023-03-17,FR
951791185,GIE LG IMMO,82.99Z,1,,2023-01-23,FR
951792381,KHL RESEAUX,71.12B,2,,2023-04-24,FR
951799477,EXTRAJOOL,71.12B,1,,2023-04-11,FR
951800606,AC BASSIN CONSEIL,71.12B,1,,2023-04-14,FR
951804624,OTEIS PARTNERS,71.12B,12,,2023-04-17,FR
951808203,CIDEL+,71.12B,2,,2023-04-17,FR
951810118,KOG,58.29C,1,,2023-04-14,FR
951820018,PROGRAMME SKATEPARK,71.12B,1,,2023-04-19,FR
951827682,BET DEMIRCI,71.12B,1,,2023-04-20,FR
951829571,GROUPE FCA,85.59A,1,,2023-04-17,FR
951835024,EQUATION TRAVAUX,82.11Z,1,,2023-04-19,FR
951842749,CHAINLIT,58.29C,1,,2023-04-14,FR
951846195,LES BUREAUX DE GOUSSAINVILLE,82.99Z,1,,2023-04-01,FR
951846971,FUTURAIL,42.12Z,1,,2023-04-19,FR
951850593,QUANTFOX,58.29C,1,,2023-04-21,FR
951871730,HIVE SYSTEM,58.29C,1,,2023-03-30,FR
951876622,PIVOT PANDA PARIS,71.12B,1,,2023-04-18,FR
951884139,AMRIBEAU,71.12B,1,,2023-04-13,FR
951885938,LE FACADIER FRANCAIS,71.12B,1,,2023-03-28,FR
951888080,FLOWARE,58.29C,1,,2023-04-17,FR
951888320,SOCIETE REUNIONNAISE FORMATION,85.59A,2,,2023-05-01,FR
951892082,AIGLE SERVICES,82.99Z,2,,2023-02-01,FR
951892116,AP INTERNATIONAL TRAINING,85.59A,1,,2023-05-01,FR
951895416,MAJA RENOV-SERVICES,71.12B,1,,2023-04-14,FR
951896414,AFFORPAH,85.59A,1,,2023-03-31,FR
951899996,BENAC  & BRUNSARD,71.12B,1,,2023-03-30,FR
951907948,BATETUDES,71.12B,1,,2023-03-01,FR
951928704,EQUIP'HABITAT,82.99Z,2,,2023-04-14,FR
951930064,ARTEK,71.12B,11,,2023-04-25,FR
951941202,COLMAR GROUP RESEAUX,71.12B,1,,2023-04-24,FR
951942176,SYNERGIE BOIS BORDEAUX,71.12B,1,,2023-04-07,FR
951945765,EMOTION STUDIO,58.29C,1,,2023-04-20,FR
951947118,SUF FORMATION NORD,85.59A,2,,2023-04-06,FR
951974047,STELLAR QUANTUM,58.29C,1,,2023-04-25,FR
951979798,ENEFFIC,35.11Z,1,,2023-04-25,FR
951984475,ETUDE CONCEPT TRAVAUX,71.12B,2,,2023-04-11,FR
951989219,NONANTE HUIT,59.11B,2,,2023-04-20,FR
952005437,HOLISTIK,74.90A,1,,2023-03-16,FR
952019776,LAB'SCIENCE NORMANDIE,71.12B,2,,2023-04-21,FR
952020386,AXESS NORMANDIE,71.12B,1,,2023-04-26,FR
952022853,COLLECTIF ENERGIE SUD EST,82.99Z,2,,2023-04-27,FR
952024156,CVCP ENERGIES,71.12B,1,,2023-04-18,FR
952029668,EASY TALENT,70.22Z,2,,2023-04-25,FR
952038503,OYILI STUDIO,59.11B,1,,2023-04-25,FR
952042729,EVER PARIS,59.11B,2,,2023-04-18,FR
952051910,GREENWITS,71.12B,3,,2023-05-01,FR
952052074,,,2,,2023-04-29,FR
952054831,NLT HOLDING,71.12B,1,,2023-03-29,FR
952058378,SITAT FLBO,71.12B,1,,2023-04-28,FR
952059178,MOONKY,59.11B,1,,2023-04-27,FR
952064228,PAUPIETTE GROUP,82.99Z,3,,2023-05-02,FR
952083822,NEUROTEC,71.12B,3,,2023-04-27,FR
952094993,ECOMAITRISE AMO,71.12B,1,,2023-04-30,FR
952100451,ASKING FRANCE,71.12B,1,,2023-04-21,FR
952102622,MOSAICMAKER,58.29C,1,,2023-04-24,FR
952103877,IW MARKETING FRANCE,82.99Z,1,,2023-04-06,FR
952109916,JOVA ENERGIE,71.12B,1,,2023-04-14,FR
952127025,VALORALIM,82.99Z,1,,2023-03-29,FR
952150043,CANAL AIR CVC,71.12B,2,,2023-04-27,FR
952154987,ABRF,71.20B,1,,2023-05-02,FR
952158731,GAUCHER FANNY,59.11C,1,,2023-03-17,FR
952160711,KNM,85.59A,1,,2023-05-02,FR
952160869,EKA SERVICES,71.12B,1,,2023-05-02,FR
952173805,LES SPECIALISTES DU BIEN ETRES,82.99Z,1,,2023-05-01,FR
952179406,PRETTYVILLA,41.20A,2,,2023-04-04,FR
952191146,EDA GROUPE,85.59A,1,,2023-05-04,FR
952199941,AU PLAISIR DES MOTS,85.59A,1,,2023-05-02,FR
952231033,OBJECTWAY,58.29C,1,,2023-05-05,FR
952256048,C2F CONCEPT,58.29C,1,,2023-04-06,FR
952256139,PANGAIA,71.12B,11,,2023-05-02,FR
952256196,BE ALU CARAIBES,71.12B,3,,2023-04-01,FR
952319770,I-ONE  TECHNOPREST & SALES,45.11Z,1,,2023-05-05,FR
952320612,SLOPE,85.59A,2,,2023-05-03,FR
952353464,,,1,,2023-04-01,FR
952367639,ABA  NETWORKS,71.12B,2,,2023-06-01,FR
952395226,ECOLE DES COMPETENCES,85.59A,1,,2023-05-09,FR
952397370,GREENING INGENIERIE,71.12B,3,,2023-05-09,FR
952407153,AGELIO,71.12B,2,,2023-05-05,FR
952414688,ZELLIPS DESIGN,71.12B,2,,2023-05-03,FR
952421949,SNC R2MI,71.12B,1,,2023-05-04,FR
952430809,SOUL INGENIERIE,71.12B,1,,2023-05-06,FR
952435188,ROGEC,74.90A,1,,2023-05-02,FR
952439289,INTUITION ROBOTIQUE & TECHNOLOGIES,71.12B,1,,2023-05-09,FR
952457463,I.VRD,71.12B,1,,2023-06-01,FR
952459535,INOVELEC INNES,71.12B,11,,2023-05-10,FR
952469666,J.G.,82.99Z,1,,2023-04-26,FR
952470656,TEAMTECH,58.29C,1,,2023-05-11,FR
952479418,ALPITECH,71.12B,1,,2023-05-12,FR
952484459,SASU VALE,71.12B,2,,2023-05-10,FR
952485753,LL,85.59A,2,,2023-05-12,FR
952507200,AGENCE URBA 37,71.12B,1,,2023-06-01,FR
952511236,JDI CONSULTING,70.22Z,1,,2023-05-01,FR
952536514,SCAR INGENIERIE,71.12B,1,,2023-05-03,FR
952553410,EVOL AGENCY,85.59A,1,,2023-05-15,FR
952556652,C&P 37,71.12B,2,,2023-05-15,FR
952573012,VOXDUB,58.29C,1,,2023-05-01,FR
952573087,PULP STUDIO,59.11B,1,,2023-05-11,FR
952578441,MIND,71.12B,2,,2023-05-15,FR
952579555,JFP FORMATION,85.59A,1,,2023-05-16,FR
952594398,NH STRUCTURE,71.12B,2,,2023-05-05,FR
952597979,AIDE CENTRE SERVICES,82.99Z,1,,2023-05-12,FR
952600302,CENI,71.12B,1,,2023-05-09,FR
952601847,REPAIRE,71.12B,1,,2023-05-16,FR
952605350,BATI CONSEIL&FORMATION OUEST,85.59A,3,,2023-05-16,FR
952607570,BETURBO (BY CM),58.29C,1,,2023-04-28,FR
952612919,F.B.M,52.29B,2,,2023-05-01,FR
952637684,AD & N CONCEPT,71.12B,1,,2023-05-15,FR
952641132,FIR ENERGIES & SERVICES,71.12B,1,,2023-05-04,FR
952643336,PORTIXY,82.99Z,2,,2023-05-11,FR
952644953,LIBREAIR,58.29C,2,,2023-05-17,FR
952654663,TRANSAK GLOBAL,45.11Z,1,,2023-05-20,FR
952692440,EXPANSION 93 NOISY LE SEC,81.21Z,2,,2023-05-16,FR
952696698,RGD EVOLUTION,71.12B,3,,2023-05-17,FR
952703510,HADY SERVICES,43.22B,1,,2023-04-04,FR
952714483,AOD ENERGY,71.12B,1,,2023-05-16,FR
952731545,STUDYLANCE,82.99Z,1,,2023-05-17,FR
952738102,SUNDGAU CONSEILS,82.99Z,1,,2023-05-20,FR
952754919,PAŌ,59.11B,1,,2023-07-01,FR
952756641,AMM FIBRE,43.21A,1,,2023-05-24,FR
952784171,FIPS ACADEMY,85.59A,1,,2023-04-15,FR
952799583,QARAT CONSULTING,71.12B,2,,2023-05-05,FR
952804037,BT SERVICES,96.09Z,1,,2023-05-22,FR
952807907,MARS,71.12B,1,,2023-05-17,FR
952809697,5ASEC BUSINESS,82.99Z,11,,2023-05-23,FR
952813947,MULT-ID 2,85.59A,1,,2023-05-22,FR
952819407,CE. BATI. ETUDES. CONCEPTION.,71.12B,1,,2023-05-24,FR
952823656,DALLAMANO ROBERT CONSULTANT,71.12B,1,,2023-06-01,FR
952825834,AMBULANCES GRAND MOULINS,82.99Z,3,,2023-05-15,FR
952827152,NATURAL FORCES FRANCE,71.12B,2,,2023-05-24,FR
952834653,ECOLE JULIETTE DUBOIS COUTURE ET PARFUMERIE,85.59A,1,,2023-05-24,FR
952846723,ATB-MAITRISE D'OEUVRE,71.12B,1,,2023-06-01,FR
952849115,QEVLAR AI,58.29C,3,,2023-05-19,FR
952858595,TRAVAUX AMELIORATION HABITAT FRANCAIS (TAHF),71.12B,1,,2023-04-25,FR
952869212,TASTY VIDEO,59.11B,1,,2023-05-29,FR
952872372,ARC ASSISTANCE,71.12B,2,,2023-06-01,FR
952889103,LE BOUCHE A OREILLE,59.11B,11,,2023-05-09,FR
952892180,A LA POINTE,71.12B,1,,2023-05-25,FR
952898765,ETHER ENERGY FRANCE,71.12B,1,,2023-05-10,FR
952907715,LE 4 MAINS,82.99Z,1,,2023-06-01,FR
952911170,FACILI-SENS,85.59A,1,,2023-06-01,FR
952920007,MACK-ARTHUR,71.12B,1,,2023-05-01,FR
952943918,CAT AVIATION,85.59A,1,,2023-05-02,FR
952944825,BEAUTY EUROPA,85.59A,1,,2023-05-27,FR
952957108,EV CREATION IMMO,71.12B,1,,2023-05-23,FR
952972263,CIVIS INGENIERIE,71.12B,1,,2023-06-15,FR
952988764,ACCORD FRANCE SAS,82.99Z,2,,2023-06-01,FR
952990893,PERF' SANTE FORMATION,85.59A,1,,2023-05-25,FR
953004694,TWENTY ONE ACADEMY,85.59A,1,,2023-06-01,FR
953029931,AJ PRESTA,71.12B,1,,2023-05-29,FR
953044609,KAIROS VIDEOGRAPHIE,59.11B,1,,2023-05-25,FR
953049996,VISCO,59.11B,1,,2023-06-01,FR
953055654,SAV.PRO.BAT,71.12B,2,,2023-06-02,FR
953057601,NOVAGOUV,58.29C,1,,2023-05-17,FR
953065059,FORMAQUALI,85.59A,1,,2023-05-17,FR
953066859,ASC,71.12B,1,,2023-05-26,FR
953073798,KWAN-TEK,72.19Z,12,,2023-06-01,FR
953094638,AEXTIS,82.99Z,11,,2023-05-26,FR
953101276,WILLIM,71.12B,2,,2023-05-23,FR
953104395,LEA ACADEMIE,85.59A,1,,2023-06-01,FR
953105905,BETTERSCAN CO.,58.29C,1,,2023-06-01,FR
953106580,ACTI4CLIMATE,71.12B,1,,2023-05-17,FR
953120961,ALIXIR,58.29C,1,,2023-05-29,FR
953136181,RCAJD,82.99Z,1,,2023-06-03,FR
953142858,2T INGENIERIE,71.12B,1,,2023-07-01,FR
953152352,WITAMY,58.29C,1,,2023-06-01,FR
953156213,VERGIE,82.99Z,11,,2023-06-01,FR
953156635,AG INGENIERIE,71.12B,1,,2023-06-12,FR
953181427,FLEX'N BOARD,85.59A,1,,2023-06-05,FR
953188877,ASTROSCALE FRANCE,71.12B,1,,2023-05-31,FR
953197076,AS CONSULTIS,71.12B,3,,2023-06-05,FR
953200425,AVRD CONSEILS,71.12B,1,,2023-06-05,FR
953210051,MS PARTNER,71.12B,1,,2023-05-30,FR
953216496,BETAK INGENIERIE BUREAU D'ETUDES TECHNIQUES ANTHONY KINCHE,71.12B,3,,2023-05-27,FR
953217247,ND-SOLUTION,71.12B,1,,2023-05-26,FR
953218815,SETOXIK,71.12B,1,,2023-06-01,FR
953224748,KEYME,59.11B,1,,2023-05-31,FR
953227014,LIVE VENDOR,58.29C,1,,2023-06-06,FR
953237377,ELECTRO.BALAGNE,47.43Z,3,,2023-05-16,FR
953250156,BTP SCHOOL,85.59A,1,,2023-05-16,FR
953262516,MAYDAY,71.12B,1,,2023-05-30,FR
953286127,BE SAFETY,71.12B,2,,2023-06-01,FR
953290939,KEY CONSULTING,71.12B,1,,2023-06-07,FR
953294113,KN JEUX,71.12B,1,,2023-06-07,FR
953299781,IOKE CONSULTING,82.99Z,1,,2023-04-26,FR
953304714,NOXIA INGENIERIE,71.12B,3,,2023-05-30,FR
953307907,ELD EN LIGNE DIRECTE,82.99Z,2,,2023-06-08,FR
953316213,SELENE TECH,71.12B,11,,2023-06-01,FR
953319282,BLOBCHAIN,71.12B,1,,2023-05-16,FR
953326055,PROMETHYS ENGINEERING,71.12B,2,,2023-06-08,FR
953334455,LEMBAS,71.12B,1,,2023-06-08,FR
953365848,SDB COACHING CONSULTING FORMATION,85.59A,1,,2023-06-05,FR
953371903,TECHMA NV,33.20B,11,,2023-06-07,FR
953376290,MASSON BORDER ASSISTANCE,82.99Z,11,,2023-06-12,FR
953385176,VENTERRA FRANCE SAS,71.12B,1,,2023-06-09,FR
953396264,BE.EC,71.12B,1,,2023-06-02,FR
953396355,TAO PERFORMANCE,71.12B,1,,2023-05-23,FR
953403474,BATILYOS,71.12B,1,,2023-06-05,FR
953417599,ART&CAD,71.12B,1,,2023-06-01,FR
953425261,MFC TRAVAUX,71.12B,1,,2023-06-01,FR
953436607,HEPHALP,71.12B,1,,2023-05-31,FR
953447984,SOUND PARADISE PRODUCTION,59.11B,1,,2023-05-27,FR
953448768,FEEL EUROPE,47.75Z,2,,2023-05-12,FR
953454030,SIMON,59.11B,1,,2023-06-13,FR
953456456,CD TECH,47.43Z,11,,2023-06-13,FR
953458064,M BUSINESS,85.59A,2,,2023-04-13,FR
953460417,KARTENNCO,71.12B,1,,2023-06-08,FR
953473519,DG SCHOOL,85.59B,1,,2023-06-07,FR
953477890,INEN ROBOTICS,71.12B,1,,2023-06-14,FR
953489028,TO THE MOON,85.59A,1,,2023-05-19,FR
953491388,DUB SCHOOL,85.59A,1,,2023-05-17,FR
953497211,MW GROUP,82.99Z,1,,2023-05-01,FR
953505021,AMG TRAINING,85.59A,1,,2023-06-11,FR
953511755,ENFANT TERRIBLE,59.11A,1,,2023-06-15,FR
953514163,MGF CONSULTING,71.12B,1,,2023-06-14,FR
953518065,ELCA,71.12B,1,,2023-06-12,FR
953520178,LE PRONTO,58.29C,2,,2023-07-01,FR
953520301,EQUATION,71.12B,1,,2023-06-13,FR
953522349,CARRE COTE,71.12B,2,,2023-06-15,FR
953522463,VSTONE SANTE,71.12B,1,,2023-06-13,FR
953522604,LIKSI NANTES,58.29C,2,,2023-06-15,FR
953523271,CORMA,58.29C,1,,2023-06-01,FR
953539236,FLOWR PROCESS,71.12B,1,,2023-06-15,FR
953547916,MTP,82.99Z,2,,2023-04-13,FR
953557766,ENERGY LEDGER,71.12B,1,,2023-06-08,FR
953570744,GLOBAL ADMIN SOLUTIONS,82.99Z,1,,2023-04-01,FR
953576451,LIBWORK ASTELWAN,71.12B,3,,2023-01-02,FR
953587797,TOPIBAT,71.12B,1,,2023-06-16,FR
953596236,TCE CHARENTE MARITIME,71.12B,1,,2023-06-14,FR
953618428,MP CONSEIL BRETAGNE PAYS DE LA LOIRE,71.12B,1,,2023-06-16,FR
953618634,CMA TRAVAUX SERVICES,71.12B,1,,2023-06-12,FR
953626744,HENARENOV,71.12B,1,,2023-06-15,FR
953633559,MADE BY GERMANY,71.12B,1,,2023-06-10,FR
953637493,MATAMI,58.29C,2,,2023-06-16,FR
953653664,S.D EL,82.99Z,1,,2023-06-05,FR
953671120,NRG CONSEILS,71.12B,1,,2023-07-01,FR
953672235,KAELIA,85.59A,1,,2023-06-15,FR
953677473,SECULIB,58.29C,1,,2023-06-12,FR
953679396,ENVOL ENVIRONNEMENT NOUVELLE-AQUITAINE,71.12B,1,,2023-06-01,FR
953695673,GIE SAUMUR VAL DE LOIRE,82.99Z,3,,2023-05-31,FR
953699790,FANCEE FRANCE,58.29C,2,,2023-06-07,FR
953700010,ALLWIN,71.12B,2,,2023-06-08,FR
953701737,RELEASE FRANCE,71.12B,1,,2023-06-20,FR
953712403,A2E AUTOMATISME ETUDE ELECTRICITE,71.12B,1,,2023-05-24,FR
953729977,ESSENSIUM FRANCE,71.12B,1,,2023-06-12,FR
953738200,EDUC-UP OF,85.59A,2,,2023-05-23,FR
953745478,ENERGIA CONSULTING,71.12B,1,,2023-06-09,FR
953752375,3CEI,71.12B,1,,2023-07-03,FR
953753803,MOMY FORMATION,85.59A,1,,2023-06-17,FR
953755410,SOFA CONSEILS,82.99Z,3,,2023-06-22,FR
953770906,SIGEO,71.12B,2,,2023-07-03,FR
953771409,ETCM CABARROU,71.12B,1,,2023-06-08,FR
953772100,ALEXYA IDF,71.12B,1,,2023-06-20,FR
953776143,BET MACOUIN,71.12B,2,,2023-06-23,FR
953778792,ARTEGIA INGENIERIE,71.12B,2,,2023-06-23,FR
953788593,AE INGENIERIE,71.12B,1,,2023-06-07,FR
953790367,ECOLE EUROPEENNE DU NUMERIQUE,85.59A,1,,2023-06-22,FR
953791894,SKILZ FORMATION,85.59A,1,,2023-05-07,FR
953804556,NDDLGNMQP,85.59A,1,,2023-06-14,FR
953811296,AEROSOLUTION,71.12B,1,,2023-06-20,FR
953811346,ECO RENOVE,71.12B,1,,2023-06-16,FR
953814431,BET PIERRE GAUTHIER,71.12B,1,,2023-06-01,FR
953823382,CENTRE DE FORMATION D'APPRENTIS DE LA MOBILITE,85.59A,3,,2023-06-09,FR
953825494,AVASK GLOBAL COMPLIANCE,82.99Z,2,,2023-06-23,FR
953831690,RESILIS,85.59A,1,,2023-07-01,FR
953834611,CONSEILLEMENT VOTRE,82.99Z,1,,2023-06-17,FR
953835915,SPUMA,71.12B,1,,2023-06-21,FR
953842275,ISSEHO,71.12B,1,,2023-06-16,FR
953846722,ARCADIA AUDIT,71.12B,1,,2023-06-30,FR
953852282,INFRAFRANCE SERVICES,66.19B,3,,2023-06-15,FR
953865581,PERDELLE,71.12B,1,,2023-06-22,FR
953875226,FIIT,82.99Z,1,,2023-06-22,FR
953875762,TECH AND MOTION,71.12B,1,,2023-06-27,FR
953880838,HISSEZ-HAUT,85.59A,2,,2023-06-12,FR
953890522,TIME 3.0 FRANCE,58.29C,2,,2023-06-07,FR
953911419,GENESIS GROUP CENTRE,71.12B,1,,2023-06-26,FR
953939527,INFINEIS,71.12B,1,,2023-06-08,FR
953945987,ART'HABITAT 44,71.12B,1,,2023-06-28,FR
953974052,PINC FRANCE SAS,82.99Z,2,,2023-06-26,FR
953984358,GEODECRION ATLANTIQUE,71.12B,2,,2023-06-29,FR
953988870,PLASTIC ENERGY FRANCE SERVICES SAS,71.12B,2,,2023-06-29,FR
953989464,AUDIT GREEN,71.12B,1,,2023-06-24,FR
953996501,SAFETY ORGANISATION,85.59A,1,,2023-06-30,FR
953999463,TRAJECTSANTE,58.29C,2,,2023-06-29,FR
954015087,DISTRICTLAB,58.29C,1,,2023-06-27,FR
954015418,HUMAIN'ART,82.99Z,1,,2023-05-01,FR
954038915,EO CONCEPT,71.12B,1,,2023-06-12,FR
954057659,MONTH'IMMO,71.12B,1,,2023-07-01,FR
954060893,MECALINK,71.12B,1,,2023-07-03,FR
954062576,MYCSP,82.99Z,2,,2023-06-29,FR
954063525,BAE SYSTEMS ONEARC FRANCE SAS,58.29C,1,,2023-04-18,FR
954073557,YAMAS PROD,59.11B,1,,2023-07-01,FR
954083010,CLG DOCTORING,71.12B,1,,2023-06-21,FR
954097598,OSMOZEO BREST,71.12B,1,,2023-07-03,FR
977450402,VIDEOSPHERE 360,59.11B,1,,2023-06-08,FR
977455104,TOIT 9,74.90A,3,,2023-07-01,FR
977463603,BIOESOL ENERGY,71.12B,1,,2023-07-04,FR
977470657,LT,85.59A,1,,2023-06-29,FR
977471051,NOUVEO,58.29C,1,,2023-07-01,FR
977479195,COAT-ING,71.12B,1,,2023-07-03,FR
977484245,AU BONHEUR D'APPRENDRE,85.59A,1,,2023-06-24,FR
977486778,VARO FRANCE,82.99Z,1,,2023-06-14,FR
977493501,RPC INGENIERIE,71.12B,2,,2023-07-01,FR
977495167,TERRE D'EAU,71.12B,1,,2023-07-04,FR
977496488,JOUE-LA COMME,58.29C,1,,2023-06-21,FR
977497551,CENTER BUSINESS SCHOOL BY SELFORME,85.59A,1,,2023-07-01,FR
977507409,AG CONSULTING,82.99Z,1,,2023-06-02,FR
977515113,DENIS OLLIVIER CONSEIL,71.12B,1,,2023-07-05,FR
977516319,E.S.B ELEC,71.12B,2,,2023-07-05,FR
977524743,SOLUGRYN,71.12B,3,,2023-07-01,FR
977527928,S.E.M.L. SEM ICY,71.12B,1,,2023-06-05,FR
977534981,CORETEC ENERGY MANAGEMENT FRANCE,71.12B,1,,2023-06-27,FR
977542463,ARKIN VRD,71.12B,1,,2023-06-29,FR
977548106,ME PORTAGE,82.99Z,1,,2023-06-23,FR
977548833,WEO EUROPE,71.12B,1,,2023-06-30,FR
977555143,GOASSEREN,70.22Z,1,,2023-08-01,FR
977558360,J M H CONSEIL NEGOCE,74.90B,1,,2023-07-03,FR
977569953,BFLEX TECHNO,71.12B,3,,2023-07-01,FR
977574292,L'ETAPE FORMATION,85.59A,1,,2023-07-01,FR
977579531,ARM ENGINEERING,71.12B,1,,2023-06-28,FR
977587526,BASTION,71.12B,1,,2023-07-01,FR
977617653,BELLA CONSTRUCTIONS,71.12B,1,,2023-06-28,FR
977623768,KNOWLEDGE CONSULTING INTERNATIONAL,71.12B,1,,2023-07-01,FR
977640390,SWAX FORMATION,85.59A,1,,2023-07-07,FR
977644806,BEDEM,71.12B,1,,2023-03-16,FR
977647296,LASER VISION DES GRANDS LACS,82.99Z,1,,2023-07-01,FR
977669498,BOUSQUETUDE CONCEPT,71.12B,3,,2023-07-01,FR
977674134,ICET,71.12B,2,,2023-07-13,FR
977675420,LGX CAMPUS,85.59A,2,,2023-07-06,FR
977680628,CFORMCAD3D,85.59A,1,,2023-07-05,FR
977683242,OPERYS,58.29C,1,,2023-07-10,FR
977684315,EVOCIME MANA,85.59A,1,,2023-07-06,FR
977693936,EDN-TECH,71.12B,11,,2023-07-03,FR
977694637,VERT'IM CONSEILS ET DIAGNOSTICS,71.12B,11,,2023-06-20,FR
977697796,EXAEQUO INGENIERIE,71.12B,2,,2023-07-05,FR
977706621,BACHELET EXPERT FORESTIER,71.12B,2,,2023-07-01,FR
977716109,LT SERVICE,82.99Z,1,,2023-07-07,FR
977726330,LFA,85.59A,2,,2023-07-12,FR
977728328,BIOLEVATE SAS,58.29C,1,,2023-07-04,FR
977730332,ARCHE & CIEL,82.99Z,11,,2023-07-03,FR
977736347,ETUDES & PROJETS,71.12B,1,,2023-07-15,FR
977759356,AEDES DEVELOPPEMENT,71.12B,2,,2023-01-01,FR
977820604,ADC SERVICES,71.12B,1,,2023-07-06,FR
977830108,SMARTALY PRD,71.12B,1,,2023-08-01,FR
977833474,11H16,59.11B,1,,2023-06-29,FR
977834928,MISTER IA,85.59A,1,,2023-07-10,FR
977842590,STAGIOS,82.99Z,1,,2023-07-05,FR
977844489,EKLEPSIS,59.11B,1,,2023-07-12,FR
977861905,QOLIBRIS,71.12B,1,,2023-07-13,FR
977874114,ARITEX ATLANTIC,71.12B,1,,2023-08-01,FR
977877232,DIGIZED,58.29C,1,,2023-07-04,FR
977892488,EVEYO,85.59A,1,,2023-05-14,FR
977914175,IPOLITE,47.43Z,11,,2023-07-19,FR
977921295,DYNAMIC MAKERS SALES,82.99Z,2,,2023-07-01,FR
977924737,4ALL ENERGY,71.12B,1,,2023-07-08,FR
977926047,BDCN,82.99Z,1,,2023-07-19,FR
977926096,PHYSIOBOTIC,62.01Z,2,,2023-07-13,FR
977929504,KARINE ATROCHE - ILYAKA FORMATION,85.59A,1,,2023-08-01,FR
977936384,DELTA FIELD CONSULTANTS,71.12B,1,,2023-07-20,FR
977938604,ORSA INGIENERIE,71.12B,1,,2023-07-14,FR
977941426,DELTA VRD INGENIERIE,71.12B,1,,2023-07-20,FR
977941723,TRAONIENN,82.30Z,1,,2023-06-30,FR
977942069,SISTO ARMATUREN S.A.,71.12B,1,,2023-04-01,FR
977953264,FORM.ECARE,85.59A,1,,2023-07-04,FR
977957638,TEAM,71.12B,1,,2023-07-19,FR
977959444,ALL MANAGER,58.29C,1,,2023-07-20,FR
977964311,MBMC,58.29C,2,,2023-07-17,FR
977971159,AZ SERVICES,43.34Z,1,,2023-07-19,FR
977971308,MR SOLUTIONS AND CONSULTING,71.12B,1,,2023-07-05,FR
977972025,INGENIERIE FLUIDES ENERGIE CONSEILS (IFEC),71.12B,1,,2023-07-05,FR
977986512,UNALOM CONNEXION,85.59A,1,,2023-08-01,FR
977992403,FERROMODAL CONSEILS,71.12B,1,,2023-07-13,FR
977992635,PICASSEO,58.29C,1,,2023-08-01,FR
978018588,EXCELLO,71.12B,1,,2023-08-18,FR
978020758,MYELIN COLLECTIVITES,85.59A,1,,2023-07-19,FR
978020915,MYEL'IN LOT,85.59A,1,,2023-07-19,FR
978024651,INSTITUT DE FORMATION AUX METIERS DU SPORT 13,85.59A,1,,2023-07-04,FR
978054062,SJG,59.11B,1,,2023-08-01,FR
978058642,IKN FORMATION,85.59A,3,,2023-07-24,FR
978066264,NCR COMMERCE FRANCE,62.01Z,12,,2023-07-21,FR
978068724,SUPPLY DROP,58.29C,1,,2023-07-24,FR
978072627,ZEFIR CONSULTING,85.59A,1,,2023-07-20,FR
978080349,LBLR,71.12B,1,,2023-07-20,FR
978081776,CREA-PROCESS,71.12B,2,,2023-08-01,FR
978086890,COFAB TECH. ASSISTANCE,71.12B,1,,2023-08-01,FR
978100303,ELECTEKA,43.21A,1,,2023-07-25,FR
978101020,ADAXIAL INGENIERIE,71.12B,1,,2023-07-12,FR
978116531,GEOLUCIE,71.12B,1,,2023-08-01,FR
978120947,RECHERCHE RESEAUX CORSE,71.12B,1,,2023-06-01,FR
978123255,DELTATEC INGENIERIE,71.12B,1,,2023-07-26,FR
978142131,ZIBACOM,71.12B,1,,2023-07-27,FR
978163731,TOITURES GIRONDE SERVICES TGS,43.91B,1,,2023-07-26,FR
978165652,WOUSPEL,82.99Z,1,,2023-06-01,FR
978174027,HDIM,71.12B,2,,2023-07-26,FR
978179570,APJB,58.29C,1,,2023-07-26,FR
978189587,PROVENCE HYDRO ENERGIE,71.12B,2,,2023-07-27,FR
978191013,BEFREE,82.99Z,1,,2023-07-28,FR
978198323,TVES ID,71.12B,2,,2023-08-01,FR
978224608,PHARM'ARTOIS,82.99Z,1,,2023-07-21,FR
978234615,FL CONSEILS,82.99Z,1,,2023-07-31,FR
978238830,NPI ACADEMIE,85.59A,1,,2023-07-06,FR
978251999,ECO-WATT-LUX,43.91B,1,,2023-08-21,FR
978268217,DVMET,71.12B,1,,2023-07-27,FR
978273787,STYLES GROUP EUROPE,71.12B,1,,2023-08-01,FR
978299097,L'ACADEMIE DES COMPETENCES FORMATION,85.59A,1,,2023-08-01,FR
978315323,RENCO ENERGIES,74.90B,3,,2023-07-27,FR
978331254,MONSIEUR ALEX PRODUCTIONS,59.11B,1,,2023-08-01,FR
978335396,ENEDIS -D/IG,71.12B,1,,2023-06-21,FR
978336949,AA RESULTATS,70.22Z,1,,2023-09-01,FR
978344182,WEEPORT,82.99Z,1,,2023-08-03,FR
978345510,AE CONSEIL,71.12B,1,,2023-09-01,FR
978348316,PROMOTIV,85.59A,1,,2023-08-02,FR
978348639,AD PROCESS,70.22Z,1,,2023-09-01,FR
978356087,ROBOTSPE MEALET,71.12B,1,,2023-09-01,FR
978363273,OXYDIO,71.12B,1,,2023-08-02,FR
978365757,CAMPUS PRIVE MARSEILLE,85.59A,2,,2023-07-31,FR
978370013,SKYLAST,85.59A,1,,2023-08-03,FR
978391761,CAMPUS PRIVE RENNES,85.59A,2,,2023-07-31,FR
978411114,MX ENGINEERING,71.12B,1,,2023-08-04,FR
978411833,L.M.V CONSULT,71.12B,1,,2023-07-21,FR
978422491,THAI-DEVELOPPEMENT,82.99Z,1,,2023-08-02,FR
978428951,SR INVEST,71.12B,1,,2023-08-01,FR
978440642,FREE CITY ENERGY,71.12B,1,,2023-08-07,FR
978447761,B KONSEPT,71.12B,1,,2023-08-04,FR
978447860,CAMPUS PRIVE ROUEN,85.59A,2,,2023-07-31,FR
978450468,BATFIX,71.12B,1,,2023-07-28,FR
978452027,WONDER NOTION,85.59A,1,,2023-08-04,FR
978453322,EMINEO SANTE,85.42Z,12,,2023-06-08,FR
978454577,CAMPUS PRIVE VALENCIENNES,85.59A,1,,2023-07-31,FR
978454734,BEEMS ENGINEERING,71.12B,1,,2023-08-14,FR
978462299,MP CONSEIL HAUTS DE FRANCE,71.12B,1,,2023-07-25,FR
978471142,CAMPUS PRIVE TOURS,85.59A,2,,2023-07-31,FR
978492429,ATELIERS LACHIVER,43.32A,11,,2023-08-09,FR
978517282,ENSUP MARSEILLE,85.59A,3,,2023-08-09,FR
978521664,LIST,82.99Z,2,,2023-08-01,FR
978534543,MOBILE-FIRST,58.29C,1,,2023-08-08,FR
978549111,CAMPULSE,85.59A,1,,2023-07-07,FR
978557312,SEAPALM,58.29C,1,,2023-08-09,FR
978558633,LD,82.99Z,2,,2023-08-11,FR
978559805,ATY'PIC DEVELOPPEMENT,85.59A,1,,2023-08-11,FR
978598571,QUALOTEL,78.30Z,3,,2023-08-16,FR
978611580,LINTE SERVICES,82.99Z,11,,2023-08-03,FR
978615474,CAMPUS PRIVE MONTPELLIER,85.59A,2,,2023-08-08,FR
978616605,E4C SOLUTIONS,71.12B,1,,2023-08-17,FR
978619526,CAMPUS PRIVE AVIGNON,85.59A,3,,2023-08-08,FR
978627719,EXCEL EVENT'S,90.02Z,1,,2023-08-01,FR
978633154,HALL HIGHWAY SERVICES LTD,71.12B,1,,2023-08-16,FR
978635597,BOSS CAMPUS NANTES,85.59A,2,,2023-08-08,FR
978640258,CAMPUS PRIVE BORDEAUX,85.59A,1,,2023-07-31,FR
978648723,K'SOLUTIONS,68.20B,1,,2023-08-02,FR
978652774,BOSS CAMPUS NICE,85.59A,1,,2023-08-08,FR
978657120,SASU FNCCR,71.12B,12,,2023-07-26,FR
978657625,LEARNIX,85.59A,1,,2023-08-17,FR
978687234,RIQUI,59.11B,1,,2023-08-02,FR
978729093,MIA INNOVATION,71.12B,1,,2023-08-18,FR
978731743,BEHIND THE DOOR,59.11B,1,,2023-08-17,FR
978743060,THERMOETUDE,71.12B,2,,2023-07-29,FR
978743607,ASSORENOVGLOBAL,71.12B,12,,2023-07-27,FR
978753549,FONDASOLUTION,71.12B,1,,2023-09-15,FR
978754695,MAPLE HTL,82.99Z,1,,2023-08-16,FR
978758241,PHYTO PURE LOT,71.12B,1,,2023-08-01,FR
978773448,DPPI LIFESTYLE,59.11B,1,,2023-09-01,FR
978794527,SOFID EST,71.12B,1,,2023-08-21,FR
978797082,INCARI-LABS,58.29C,1,,2023-08-23,FR
978797280,OPTIMA FORMATION,71.12B,1,,2023-08-03,FR
978797629,ATELIER 7HZ,71.12B,1,,2023-08-05,FR
978824290,STUDY FIRST,71.12B,11,,2023-06-30,FR
978836609,MASTERWORK FRANCE,85.59A,1,,2023-08-21,FR
978845956,ECO BTP RECYCLE,71.12B,1,,2023-09-01,FR
978856169,IN FINE RENOV,71.12B,1,,2023-07-30,FR
978856631,CAPTUREA,71.12B,1,,2023-09-01,FR
978890713,ECT SOLUTIONS,71.12B,1,,2023-08-22,FR
978932572,HOMARD BLEU PRODUCTION,59.11B,1,,2023-09-01,FR
978971927,RTS SOLUTIONS,58.29C,2,,2023-09-01,FR
978983997,UNITEE,16.23Z,1,,2023-08-25,FR
979000726,MIRROR 404,58.29C,1,,2023-08-18,FR
979029709,CIAG INDUSTRIE,71.12B,1,,2023-09-01,FR
979037249,YAMO CONSEIL,71.12B,1,,2023-08-30,FR
979042256,LODGE AND B,82.99Z,1,,2023-08-28,FR
979045077,MDS ECHAFAUDAGE,71.12B,2,,2023-09-04,FR
979070091,CFA ACADEMY,85.59A,2,,2023-08-30,FR
979071669,TERECO,71.12B,2,,2023-08-24,FR
979072410,GNI + IDF.,41.10B,1,,2023-08-16,FR
979091139,JORGE GONCALVES CONSULTING,71.12B,1,,2023-08-28,FR
979098837,GCL FORMATION,85.59A,1,,2023-09-01,FR
979129236,JPL-CENTRE,71.12B,1,,2023-08-31,FR
979129715,RIDIOM,71.12B,1,,2023-09-01,FR
979136983,STRUCTURES VAR INGENIERIE,71.12B,2,,2023-08-31,FR
979144581,ELTI PRODUCTION,59.11B,1,,2023-09-04,FR
979193638,AGEC,71.12B,1,,2023-09-01,FR
979194347,MARS RENEWABLE FRANCE,71.12B,1,,2023-09-11,FR
979205333,DROP ACADEMY LYON,85.59A,1,,2023-07-11,FR
979211612,KALLIGEO BE,71.12B,1,,2023-07-24,FR
979211695,JSA2I,71.12B,1,,2023-08-21,FR
979220217,QALYFORM,85.59A,1,,2023-08-18,FR
979230430,CALIBSUN,71.12B,3,,2023-09-01,FR
979249414,MLB INGENIERIE,71.12B,1,,2023-08-28,FR
979250370,ALFI DIGITAL SOLUTIONS,71.12B,2,,2023-07-24,FR
979251980,PIERREVAL ENERGIE,71.12B,1,,2023-09-05,FR
979252830,VETHECO THERMIQUE,71.12B,1,,2023-09-18,FR
979256773,KASADENN PMO,71.12B,2,,2023-09-06,FR
979260411,ORAURE ENERGIE,71.12B,1,,2023-08-03,FR
979281813,PIXELINK,47.43Z,1,,2023-09-01,FR
979291119,MOA,71.12B,1,,2023-09-01,FR
979305414,RMA SERVICES,71.12B,1,,2023-09-08,FR
979309531,RESEAUX ETUDES MEDITERRANEE,71.12B,1,,2023-09-01,FR
979323995,SYNCHESTRA FRANCE,58.29C,1,,2023-08-29,FR
979326303,WOBBLY WAY PRODUCTIONS,59.11B,1,,2023-09-07,FR
979331543,G SOLI,71.12B,2,,2023-09-07,FR
979333705,THERMOSPHR FRANCE,71.12B,1,,2023-09-05,FR
979337300,SEDP,71.12B,1,,2023-08-08,FR
979342516,APYTUDE,85.59A,2,,2023-09-06,FR
979362308,SIL3X,71.12B,1,,2023-08-22,FR
979409687,KELP THERMIQUES,71.12B,1,,2023-09-09,FR
979425857,BOCLINIC GROUPE,82.99Z,1,,2023-08-01,FR
979426871,TRINTECH FRANCE,58.29C,2,,2023-09-05,FR
979435328,NEO SOLAR DEVELOPPEMENT,43.21A,1,,2023-09-01,FR
979448529,SOBREL,71.12B,11,,2023-09-12,FR
979451689,ARION SYSTEM,71.12B,1,,2023-09-18,FR
979452372,ALL IMM BET,71.12B,1,,2023-09-13,FR
979453404,AAB MATERIAUX COMPOSITES,71.12B,1,,2023-09-07,FR
979458841,CAPITOL AUDIO,47.43Z,1,,2023-09-12,FR
979467354,MDV BOUTIQUE,74.10Z,1,,2023-08-15,FR
979470861,QUEINNEC LTD,82.99Z,3,,2023-09-13,FR
979472024,OLYMPE FINANCIAL GROUP,71.12B,1,,2023-09-11,FR
979480886,CLUB TIDY,82.99Z,1,,2023-09-13,FR
979494952,CAPEM,71.20B,1,,2023-08-31,FR
979503489,WYTERA,71.12B,1,,2023-09-01,FR
979506508,BAFIAS ENERGY,71.12B,1,,2023-09-06,FR
979513397,MEENT,71.12B,3,,2023-09-13,FR
979520574,GES PRIME,68.20B,1,,2023-09-11,FR
979523313,ABC RENOV IMMO,71.12B,1,,2023-09-13,FR
979525201,JLL,82.99Z,1,,2023-08-23,FR
979566494,TERRE & CIEL CONSTRUCTOR,71.12B,1,,2023-09-26,FR
979570991,EDITIONS LES FEES MERES,58.11Z,1,,2023-09-18,FR
979572922,GHM CONSEIL,82.99Z,2,,2023-09-20,FR
979595352,WIRE GROUP,09.10Z,1,,2023-09-14,FR
979626496,K2A CONSEILS,71.12B,1,,2023-09-14,FR
979637691,SOCIETE DE CONSEIL ACHAT ET NEGOCE (S.C.A.N.),71.12B,1,,2023-09-19,FR
979645348,FLOWTEC ENGINEERING,71.12B,1,,2023-09-12,FR
979658507,AVANT-GARDE CONSULTING,71.12B,1,,2023-09-15,FR
979660131,QUADRIGE,71.12B,1,,2023-09-19,FR
979670544,EDGE ENGINEERING,71.12B,2,,2023-09-19,FR
979688926,DIRECTPROFS,85.59A,2,,2023-09-18,FR
979694700,ETUDES ELECTRIQUES FRANCE,71.12B,1,,2023-09-19,FR
979711520,WOUAY,58.29C,1,,2023-09-21,FR
979722105,AJC,71.12B,1,,2023-09-01,FR
979725355,SMS FACILITY,82.99Z,1,,2023-09-21,FR
979770013,REALBRAINCO,58.29C,1,,2023-09-18,FR
979798121,SKILLS FRANCE FORMATION,85.59A,1,,2023-09-24,FR
979819703,VESUVIUS PROCESS METRIX,71.12B,3,,2023-08-31,FR
979837606,OZEN ET FILS,82.99Z,1,,2023-09-21,FR
979842135,TETRA INGENIERIE PROVENCE,71.12B,1,,2023-09-25,FR
979868890,KHI PORTAGE,82.99Z,1,,2023-10-06,FR
979880846,ETIG,71.12B,1,,2023-09-22,FR
979899762,AIR ONE FLUIDES,43.22A,1,,2023-09-26,FR
979899895,EVALTHERM,71.12B,1,,2023-09-01,FR
979918307,CLAY FRANCE,71.12B,1,,2023-10-01,FR
979918620,JOSETTE HUB,82.99Z,1,,2023-09-25,FR
979931078,NEWCLEO LEAD REACTORS INNOVATIONS,71.12B,1,,2023-09-22,FR
979945110,PRODSOLPV,82.99Z,1,,2023-09-26,FR
979956273,MAHEN CONSULTING SERVICES,71.12B,1,,2023-01-02,FR
979963816,B.A.B LOGISERVICES,82.99Z,1,,2023-09-27,FR
979976651,KBP COMPANY,59.11B,1,,2023-09-26,FR
979977881,SC2AMO,71.12B,1,,2023-09-28,FR
979989431,ARIA CHANTIERS,71.12B,2,,2023-08-01,FR
979997616,AVENCYS INGENIERIE,71.12B,2,,2023-09-28,FR
980007561,M3F EXPERTISE,70.22Z,1,,2023-09-26,FR
980007629,CPB CONSEIL,85.59A,1,,2023-08-09,FR
980012611,KB MEDICAL,82.99Z,1,,2023-09-25,FR
980075782,ALTHEMA,82.99Z,1,,2023-10-02,FR
980092852,AI2E,71.12B,1,,2023-04-01,FR
980097158,HDR ENERGIES RENOUVELABLES,35.11Z,1,,2023-09-27,FR
980114789,REES,71.12B,1,,2023-10-02,FR
980139885,MAIMMO CONSEIL,71.12B,1,,2023-10-02,FR
980152474,RESEELIENT,71.12B,2,,2023-09-25,FR
980165187,CONSEO CONSEIL ET FORMATION,85.59A,1,,2023-10-01,FR
980181408,ESPRIT VERT DESIGN,71.12B,1,,2023-10-03,FR
980196562,"ETABLISSEMENT SUPERIEUR DU DIGITALE, MARKETING ET NUMERIQUE",85.59A,1,,2023-10-09,FR
980198899,IF EDUCATION GROUP,82.99Z,1,,2023-09-01,FR
980203079,FIMATEC GRENOBLE,71.12B,1,,2023-10-02,FR
980213276,AR-VAL S,71.12B,11,,2023-10-05,FR
980218762,LE VIRAGE PRODUCTIONS,59.11B,1,,2023-09-20,FR
980244545,CONSERVATION & URGENCES DES TOITS EN SAINTONGE,43.91B,1,,2023-10-05,FR
980245963,ENESIS MANAGEMENT,70.22Z,1,,2023-09-26,FR
980253124,S & C,47.19B,3,,2023-10-03,FR
980253553,OMNIUM SOLUTIONS TOUS CORPS D'ETAT,71.12B,1,,2023-09-18,FR
980253827,DESIGNAUTOMATION 4.0,71.12B,1,,2023-10-02,FR
980307607,ROMAIN INGENIERING,71.12B,1,,2023-10-09,FR
980310056,HOME MEDIA CONNECT,47.43Z,1,,2023-10-03,FR
980333074,RT CONCEPT SUD,43.39Z,1,,2023-10-03,FR
980335400,DARISE,58.29C,1,,2023-10-03,FR
980353288,CHRISTINE CRAIPEAU FORMATION,82.99Z,1,,2023-09-28,FR
980361174,MDP,58.29C,2,,2023-10-09,FR
980369854,TRI-PORTAGE,82.99Z,1,,2023-09-13,FR
980374250,CONSULTANTS AKONOVIA FRANCE,71.12B,2,,2023-09-22,FR
980379101,INVENTAIRES SUD-OUEST PHARMACEUTIQUES,82.99Z,2,,2023-09-29,FR
980380661,VOTRE SIEGE SOCIAL,82.99Z,2,,2023-10-09,FR
980384796,AMC PROJET,71.12B,1,,2023-10-01,FR
980388292,SYRTALS MARKETS,71.12B,1,,2023-10-01,FR
980411482,FIMBER,82.99Z,1,,2023-10-09,FR
980416549,MANABU,85.59A,1,,2023-09-29,FR
980426738,AZALEO SUD-OUEST,71.12B,2,,2023-09-28,FR
980440481,ORKANE OUTRE MER,71.12B,1,,2023-10-10,FR
980444202,YANTRIS INFRA,71.12B,2,,2023-10-10,FR
980454847,EN CORPS,85.59A,1,,2023-10-11,FR
980460737,BFC CONSEILS 21,71.12B,11,,2023-10-11,FR
980467062,WORKCO FRANCE,82.99Z,1,,2023-10-06,FR
980469910,VIDAOU CONSEILS,82.99Z,1,,2023-10-10,FR
980471858,INOVI PARIS,71.12B,1,,2023-10-07,FR
980503536,NEXT STEP TECHNOLOGIES,71.12B,2,,2023-10-12,FR
980513238,PLEASE TRANSPORT LUXURY,82.99Z,1,,2023-09-21,FR
980517767,2S2C,71.12B,2,,2023-10-10,FR
980523971,TAIZO,71.12B,1,,2023-10-13,FR
980546873,GROUPE BATIMENT RENO,82.99Z,1,,2023-10-05,FR
980587638,PRO-PORTAGE,82.99Z,1,,2023-10-16,FR
980590806,OHM'R,71.12B,1,,2023-10-11,FR
980599500,BOOSTOA,85.59A,1,,2023-09-13,FR
980614234,B.E.T. SALADINO RENOVATION,71.12B,1,,2023-10-09,FR
980629539,SPI EXPLOITATION,71.12B,1,,2023-10-10,FR
980633598,MCONCEPTION INGENIERIE,71.12B,1,,2023-10-09,FR
980648604,EMISSE,71.12B,1,,2023-10-15,FR
980658546,GAMY CONSULTING,82.99Z,1,,2023-10-15,FR
980664858,SG TOIT,43.91B,1,,2023-10-17,FR
980667083,AMG BATIMENT,71.12B,2,,2023-10-11,FR
980702872,SYDLAG,71.12B,1,,2023-10-18,FR
980734750,VMH SOLUTIONS,71.12B,1,,2023-10-18,FR
980796866,BOONTY,58.29C,1,,2023-10-11,FR
980799944,MIC AUTOMATISME,71.12B,1,,2023-10-18,FR
980800023,NEW GPL CONSEILS,82.99Z,2,,2023-10-20,FR
980814065,COMIX AI,58.29C,2,,2023-10-04,FR
980819866,DREAM ENERGY MOBILITY,71.12B,1,,2023-10-23,FR
980834006,JET TOITURE,43.91B,1,,2023-10-20,FR
980865802,MOBISLOW,71.12B,1,,2023-10-23,FR
980893358,ORALYA ACADEMIE,85.59A,1,,2023-10-25,FR
980895056,DROP ACADEMY TOULOUSE,85.59A,1,,2023-10-23,FR
980899595,SKYNOPY,71.12B,1,,2023-10-13,FR
980902662,B2COM AND CO,82.99Z,1,,2023-11-01,FR
980909543,LATINUM FORMATION,85.59A,1,,2023-10-17,FR
980920136,JERENOV',71.12B,1,,2023-09-23,FR
980920151,TOUS TRAVAUX,82.99Z,3,,2023-10-25,FR
980939128,CUBE,82.99Z,1,,2023-10-13,FR
980942460,PHENIX STUDIO,59.11B,1,,2023-10-19,FR
980945695,AMG INGENIERIE,71.12B,1,,2023-11-02,FR
980959811,COMADVANCE FORMATION,73.11Z,3,,2023-10-24,FR
980966873,RIVIERE METAL COORDINATION,71.12B,1,,2023-10-26,FR
980987341,ZEITNOT,85.59A,1,,2023-10-19,FR
981002363,BRC PRODUCTION,59.11B,1,,2023-10-01,FR
981047731,YAMIC +,85.59A,1,,2023-11-01,FR
981065923,AG PRESTA,82.99Z,1,,2023-10-23,FR
981073646,NR MAITRISE D'OEUVRE,71.12B,1,,2023-10-27,FR
981078264,STAAT FORMATION,85.59A,2,,2023-11-01,FR
981094105,COLBERT FAMILY OFFICE,70.22Z,1,,2023-11-06,FR
981097074,NEO BOIS CONCEPT,82.99Z,1,,2023-10-30,FR
981142664,PVE,71.12B,1,,2023-10-30,FR
981155542,THOMYL,71.12B,1,,2023-10-23,FR
981179690,SEEC FR,71.12B,1,,2023-10-28,FR
981187750,ACAMA ENR,71.12B,1,,2023-11-01,FR
981190374,CROCECOM,82.99Z,1,,2023-10-23,FR
981198591,BACKWORKS,70.22Z,1,,2023-10-01,FR
981200629,VOILA LAURE,71.12B,1,,2023-10-27,FR
981207806,FLUIDE SERVICE INDUSTRIE,71.12B,2,,2023-12-13,FR
981215718,BLOSSOM LIFE SCIENCES,58.29C,1,,2023-10-24,FR
981254246,HYGGLE,71.12B,1,,2023-11-03,FR
981308570,CONNECT'OI,47.43Z,1,,2023-11-01,FR
981310279,CCA SUD PRODUCTION,59.11B,1,,2023-11-02,FR
981326838,ROUSSET ETUDE & DEVELOPPEMENT,33.20A,1,,2023-12-01,FR
981350598,LELUBOX,82.99Z,1,,2023-12-01,FR
981352727,SPACE INVADERS WORLD,59.11B,1,,2023-11-01,FR
981359615,CERIB OCEAN INDIEN,71.12B,1,,2023-11-07,FR
981367881,SB LEARN,85.59B,1,,2023-11-06,FR
981384175,ENEZ CONSTRUCTION,71.12B,3,,2023-10-02,FR
981415458,EURO TECH PORTAGE,82.99Z,1,,2023-11-09,FR
981422363,RBA SASU,85.59A,1,,2023-12-01,FR
981423098,BEAM,71.12B,1,,2023-10-26,FR
981430036,EGA SERVICES,71.12B,1,,2023-11-10,FR
981516206,PREVENTION MEDITERRANEE NORMANDIE,71.12B,1,,2023-11-03,FR
981522238,ALP'OPHTA,82.99Z,2,,2023-11-09,FR
981523145,ELYSIUM ENGINEERING,71.12B,1,,2023-11-08,FR
981535164,BHM ENERGIE,71.12B,1,,2023-11-13,FR
981545064,FAROAD,58.29C,1,,2023-10-17,FR
981576887,VERUM RESEAU,71.12B,1,,2023-12-01,FR
981613813,AUDRIN GERARD CONSULTING,71.12B,1,,2023-10-01,FR
981628928,INFLUENCIO,59.11B,2,,2023-10-20,FR
981636665,FP URGENCE,85.59A,1,,2023-11-13,FR
981638893,FORM OPS,85.59A,1,,2023-12-01,FR
981648546,ALLINE,71.12B,1,,2023-11-10,FR
981707649,INGELIO,71.12B,2,,2023-12-01,FR
981715980,NYDAS CONSULTING,71.12B,2,,2023-11-14,FR
981761646,CORIS INNOVATION RHA,71.12B,12,,2023-10-31,FR
981766751,CORIS INNOVATION CVL,71.12B,3,,2023-10-31,FR
981767965,TOP TOIT,71.12B,3,,2023-11-08,FR
981779390,SOCIETE SAVY,71.12B,1,,2023-11-20,FR
981786346,MRIE,71.12B,1,,2023-10-16,FR
981797582,ISO SOLUTION FRANCE,43.21A,1,,2023-11-21,FR
981816648,VLAB-EXPERT,71.12B,1,,2023-11-17,FR
981828643,CAP SPORT FORMATION,85.59A,2,,2023-09-25,FR
981878804,INGENIERIE SUPERSTRUCTURE OUVRAGE D'ART,71.12B,3,,2023-11-10,FR
981924764,E.MO.BAT,71.12B,1,,2023-11-24,FR
981969942,EVOTIS,58.29C,1,,2023-11-20,FR
982015208,CAPITAL INNOVATION,85.59A,1,,2023-11-24,FR
982064990,VIRIDIS CONSEIL,71.12B,1,,2023-11-28,FR
982090565,SIMBARC,43.31Z,2,,2023-11-30,FR
982116790,DUPONT LEWIS & SONS,70.22Z,11,,2023-12-01,FR
982137390,REMI,71.12B,1,,2023-11-06,FR
982156168,MATHS AND GO,58.29C,1,,2023-11-24,FR
982230542,PHOENIX FORMATION,85.59A,1,,2023-12-01,FR
982420283,NEXITY SOLAIRE,71.12B,1,,2023-12-05,FR
982457145,PROVENCE CONSTRUCTION AMENAGEMENT,71.12B,1,,2023-11-24,FR
982584831,LOWY,85.59A,2,,2023-12-14,FR
982634131,OPTIFIBRE,71.12B,1,,2023-12-01,FR
982655664,CAROLE BONNET COACHING,85.59A,1,,2023-12-20,FR
982672875,SUITE FORMA,85.59A,1,,2023-12-18,FR
982806309,THE ACADEMY,85.59A,1,,2023-12-20,FR
982847535,SN EUROCOM ENERGIE,71.12B,11,,2023-12-15,FR
982860611,CRE-ACTION,85.59A,1,,2023-12-22,FR