name,domain,country,has_comet_data,website_mentions_dock,web_hits,dock_variant_on_web,top_pages
"STTL",sttl-topographie.com,FR,no,no,0,"",""
"Dumont Securite",dumont-securite.fr,FR,no,yes,2,"Dock 3","Les drones DJI ENTERPRISE sont désormais en vente ... | Dumont Sécurité au 131ème Congrès National des ..."
"Rivolier",rivolier-sd.com,FR,no,yes,6,"Dock 3","Dock pour drone DJI DOCK 3 - DJI | Drone Matrice 4E Stand alone (compatible Dock 3) | Sytème de montage vehicule pour DJI DOCK 3"
"Capture Solutions",capture-solutions.fr,FR,no,no,0,"",""
"Protec Security Systems",protecsecuritysystems.fr,FR,no,no,0,"",""
"Voltaneo",voltaneo.com,FR,no,no,0,"",""
"Prodrones",prodrones.fr,FR,no,yes,10,"Dock 3, Dock 2","Accessoires DJI Dock 2 | DJI Dock 3 & Matrice 4TD | Gamme Dock"
"Escadrone",escadrone.com,FR,yes,yes,10,"Dock 3, Dock 2","Drone de surveillance automatisé DJI Dock 3 | Drone de surveillance automatisé DJI Dock 2 | Drone de surveillance automatisé DJI Dock"
"Flying Eye",flyingeye.fr,FR,yes,yes,10,"Dock 3, Dock 2","DJI Dock | Pack DJI Dock 2 - Flying Eye - Flying ... | DJI Matrice 30 (M30 & M30T)"
"La Camera Embarquée",lacameraembarquee.fr,FR,yes,yes,10,"Dock 3, Dock 2","Flight and landing station DJI Dock 2 with DJI 3D matrix | Reception station DJI Dock 3 | Dock 3 Obstacle Detection Module for DJI Matrice 4 Series"
"StudioSport",studiosport.fr,FR,yes,yes,10,"Dock 3, Dock 2","DJI Dock 3 - studioSPORT | DJI Dock Archives | DJI Dock 3 : Station d'accueil autonome pour drones Matrice ..."
"ABOT",abot.fr,FR,yes,yes,10,"Dock 3, Dock 2, Dock 1/generic","DJI Dock - ABOT | FAQ DJI Dock 2 - ABOT | DJI Dock - drone autonome - ABOT"
"Geomesure",geomesure.fr,FR,yes,no,0,"",""
"Instadrone",instadrone.com,FR,yes,no,0,"",""
"DJI Paris",boutique.dji-paris.com,FR,yes,yes,10,"Dock 3, Dock 2, Dock 1/generic","Gamme DJI Dock 3 | DJI Dock & Dock 2 : solutions d'automatisation de missions ... | DJI Dock 3 (seul)"
"Powerloop",powerloop.fr,FR,yes,no,0,"",""
"Droneshop.nl",droneshop.nl,NL,no,yes,10,"Dock 3, Dock 2","DJI Dock 3 | DJI Dock 2 | DJI Matrice 4D Standalone Combo"
"Dronestars",dronestars.nl,NL,no,no,0,"",""
"Vliegend.nl",vliegend.nl,NL,no,no,0,"",""
"Geocentrum",geocentrum.nl,NL,no,yes,10,"Dock 3","DJI Matrice 4-serie en DJI Dock 3: Geavanceerde drones ... | DJI Matrice 4-serie + volledige autonomie met DJI Dock 3 | DJI Dock 3 + DJI Care Enterprise"
"Geodirect",geodirect.nl,NL,no,no,0,"",""
"Drone Parts Center",drone-parts-center.com,NL,no,yes,10,"Dock 3, Dock 2","DJI Dock 3: Features, Price, and Availability | DJI Dock 3 - Stand-alone docking station for drones | Autonomous Drone Station DJI Dock"
"DroneLand",droneland.nl,NL,yes,yes,10,"Dock 3, Dock 2","DJI Dock 2 Mapping Combo | DJI D-RTK 3 Relay Fixed Deployment Version | DJI Dock 2 Software Release – 11 juni 2025"
"Drone Class",eudronebewijs.nl,NL,yes,yes,10,"Dock 3, Dock 2","Preview: DJI Dock 3 • Drone Class | DJI Dock 3 + Matrice 4TD • Drone Class | Preview: DJI Dock 2 • Drone Class"
"AirHub",airhub.app,NL,yes,yes,10,"Dock 2, Dock 1/generic","Follow the steps below to successfully connect a DJI Dock | Thermal Palette Control on the DJI Dock | Drone Mission Editor"
"Dronebotics",dronebotics.nl,NL,yes,yes,10,"Dock 3, Dock 2","Tested: Starlink Mini for drone applications | DJI Dock 3 integratie in Dronebotics Commando Centrum | DJI Dock dronebox wrappen"
"Vortex Hardware",vortex-hardware.com,NL,yes,no,0,"",""
"Skeye",skeye.com,NL,yes,no,0,"",""
"COPTRZ",coptrz.com,NL,no,yes,10,"Dock 3, Dock 2, Dock 1/generic","What Is The DJI Dock? | Everything you NEED to know about the DJI Dock 2 | DJI Dock 2 vs. DJI Dock 3: A Comprehensive Comparison"
"DroneWatch",dronewatch.nl,NL,no,yes,10,"Dock 3, Dock 2, Dock 1/generic","DJI Dock 3 | DJI introduceert compacte Dock 2 en Matrice 3D, 3DT in ... | DJI introduceert Dock 3: dronebox-oplossing voor 24/7 ..."