ENAC Ref,Date,Authorization Number,Operator,Manufacturer,Model,MTOM,Serial Number,BVLOS,Expiry Date,Country
53176,20/03/2026,ITA-OAT-00236/000,Giovanni Granati PEC: falcongsrls@pec.it,FALCONG,"E420P, E620P",46.5 kg,"ITA-4405844, ITA-1826986",No,31/03/2027,IT
53104,13/03/2026,ITA-OAT-00227/000,Leonardo S.p.A. - Divisione Elettronica - Sistemi di Difesa pec: sistemidifesa_amm@pec.leonardo.com,PRO S3 srl,Venture ASAE V2/ Venture ASAE V3,Kg. 7,"16476VI011A,16476VI013A, 16476VI015A",Si,31/12/2027,IT
52802,11/03/2026,ITA-OAT-00235/000,NRDroni di Nico Ribechini pec: nrdroni1@pec.it,DJI,Agras T50,Kg. 103,1581F6BUB246C001M17U,No,31/03/2027,IT
53152,11/03/2026,ITA-OAT-00234/000,Agrifutura Green S.r.l pec: agrifuturagreen@pec.it,DJI,Agras T50,Kg. 103,1581F6BUB24CA0014FWG,No,31/03/2027,IT
52698,10/03/2026,ITA-OAT-00233/000,UrbanV S.p.A. pec: urbanvspa@pec.urbanv.it,SpeedBird Aero,"DLV-2 A35-EU, DLV-2 B35-EU",Kg. 35,s/n 0029,Si,09/03/2027,IT
53204,10/03/2026,ITA-OAT-00232/000,GND Costruzioni Elettriche S.r.l. pec: gndcostruzionielettriche@pec.it,DJI,FlyCart 30,Kg. 95,1581F7C6824CB001P1JH,No,31/12/2027,IT
53067,06/03/2026,ITA-OAT-00231/000,Tecnosystem Italia S.r.l. pec: tecnosystemitaliasrl@pec.it,"BRO UAV, Tecnotem Italia srl",TD-U60,"Kg. 106,5",ZFZNZFZNU60020000388,No,28/02/2027,IT
52756,05/03/2026,ITA-OAT-00230/000,Il Borro S.r.l. Società Agricola pec: ilborro@pec.ilborro.it,DJI,Agras T30,Kg. 78,0,No,04/03/2027,IT
53040,05/03/2026,ITA-OAT-00229/000,Druido Drone di Matteo Crivello pec: druidodrone@pec.it,DJI,Agras T50,Kg. 103,1581f6BUB249F001C842,No,31/03/2027,IT
53065,05/03/2026,ITA-OAT-00228/000,Agea S.r.l. pec: agea1@legalmail.it,DJI,FlyCart 30,Kg. 80,ITA-2820072-1581F7C6B24620013LT5,No,04/03/2027,IT
53023,20/02/2026,ITA-OAT-00226/000,Cascina Cagnano di Rattini Daniele pec: daniele.rattini@pec.epap.it,DJI,Agras T50,Kg. 103,1581F6BUB246H001F94U,No,19/02/2027,IT
52898,19/02/2026,ITA-OAT-00225/000,Servizio gestione Strade - PAT pec: serv.gestionestrade@pec.provincia.tn.it,Dronavia,Kronos AD Mavic 3E,"Kg. 1,15",1581F5FHC24BH00E33HK,No,18/02/2027,IT
53007,19/02/2026,ITA-OAT-00224/000,ABZero S.r.l.s. pec: abzero@pec.it,DroneBase,x6000 Pro RTK,"Kg. 24,9",DBX6000P-0823,Si,18/02/2027,IT
52700,13/02/2026,ITA-OAT-00222/000,D.D.A. S.r.l. pec: ddaservicesrl@arubapec.it,XAG,P100 PRO e P40,Kg. 0,XAG P100-PRO - 8219351TL984 XAG P40 - 773320200247,No,28/02/2027,IT
53011,13/02/2026,ITA-OAT-00223/000,Pipistrel Italia S.r.l. pec: pipistrel@legalmail.it,Pipistrel,Nuuva V300,Kg. 1800,18968x9190001,No,12/02/2028,IT
52798,11/02/2026,ITA-OAT-00221/000,ALPSVision S.r.l. pec: alpsvision@b2bsign.it,Soleon,UniCo Agricuture,Kg. 58,"WDR-U2N3CAP01, WDR-U2N4CAP01",No,09/02/2027,IT
53137,11/02/2026,ITA-OAT-00133/001,Aermatica3D S.r.l. pec: aermatica3d@pec.it,DJI,Agras T25,Kg. 58,UAAG0026,No,10/02/2027,IT
53085,10/02/2026,ITA-OAT-00220/000,Aermatica3D S.r.l. pec: aermatica3d@pec.it,DJI,Agras T100,Kg. 177,UAAG0056,No,01/03/2027,IT
52800,09/02/2026,ITA-OAT-00218/000,Riccardo Savio pec: savioriccardo@pec-legal.it,JIS,HV50,Kg. 99,0,No,28/02/2027,IT
53002,09/02/2026,ITA-OAT-00219/000,Resec S.r.l. pec: resec@pec.it,DJI,Agras T50,Kg. 103,0,No,28/02/2027,IT
53071,05/02/2026,ITA-OAT-00072/002,FlyingBasket S.r.l. pec: info@pec.flyingbasket.it,FlyingBasket,FB4,Kg. 340,da s/n 01 a s/n 10,No,30/11/2026,IT
53166,05/02/2026,ITA-OAT-00166/001,AgriGeoDron S.r.l.s. pec: agrigeodron.srls@pec.it,DJI,Agras T50,Kg. 103,UAAG 0032-UAAG 0040 -UAAG 0058,No,27/06/2026,IT
53018,29/01/2026,ITA-OAT-00216/000,Techno Sky S.r.l. pec: operazioni@technosky.postecert.it,DJI,Matrice 4,"Kg. 1,43",1581F7K3C252Q00D937D,No,31/12/2026,IT
53171,29/01/2026,ITA-OAT-00197/001,GOM Niguarda pec: postacertificata@pec.ospedaleniguarda.it,Speedbird Aero,DLV-2 A25-EU,Kg. 25,s/n 0028,No,30/04/2026,IT
53110,28/01/2026,ITA-OAT-00217/000,Techno Sky S.r.l. pec: operazioni@technosky.postecert.it,Rafla Srl,Refly 4,Kg. 20,"S/N 2134B25RFL400002,2134B25RFL400003,2134B25RFL400004, 2134B25RFL400005",Si,30/01/2028,IT
53100,23/01/2026,ITA-OAT-00215/000,Riccardo Diamanti pec: riccardodiamanti@superpec.it,DJI,Agras T30,Kg. 78,3U5BJ4F00100GH,No,31/01/2027,IT
53039,16/01/2026,ITA-OAT-00214/000,Golden Lady Company S.p.A. pec: security@goldenladypec.it,DJI,DJI DOCK 2 - M3TD,"Kg. 1,6",YCBMLD0000049,Si,15/01/2027,IT
53146,15/01/2026,ITA-OAT-00202/001,GND Costruzioni Elettriche S.r.l. pec: gndcostruzionielettriche@pec.it,DJI,FlyCart 30,Kg. 95,1581F7C6824CB001P1JH,No,31/01/2026,IT
53087,14/01/2026,ITA-OAT-00213/000,UrbanV S.p.A. pec: urbanvspa@pec.urbanv.it,Speedbird Aero,"DLV-2 A35-EU, DLV-2 B35-EU",Kg. 35,s/n 0029,Si,31/03/2026,IT
52643,19/12/2025,ITA-AOT-00211/000,Az. Agr. La Bandita e Lunadoro S.S. pec: lunadoro@pec.it,DJI,AGRAS T50,Kg. 103,1581F6BUB2466001SB5H,No,31/12/2026,IT
52865,19/12/2025,ITA-OAT-00212/000,Luciano Sandrone S.s.a. pec: sandrone@pec.net,DJI,Agras T50,Kg. 103,1581F6BUB246E0019J6W,No,16/12/2026,IT
53073,17/12/2025,ITA-OAT-00179/001,Symbiotica S.r.l. pec: symbiotica@pecdotcom.it,DJI,Matrice 30 T,"Kg. 4,07",1581F5BM32391001Q1GB,Si,30/06/2026,IT
52889,16/12/2025,ITA-OAT-00210/000,Vigneti360 S.r.l. pec: vigneti360srl@pec.it,DJI,Agras T50,Kg. 103,1581F6BUB246J0011927,No,16/12/2026,IT
53026,16/12/2025,ITA-OAT-00209/000,Techno Sky S.r.l. pec: operazioni@technosky.postecert.it,DJI,Matrice 4,"Kg. 1,43",1581F7K3C252Q00D937D,Si,31/12/2026,IT
53013,10/12/2025,ITA-OAT-00208/000,Vedetta 2 Mondialpol S.p.A. pec: amministrazione.co@pec.mondialpol.it,DJI,M3DT DOCK2/M4TD-DOCK3,Kg. 2,0,Si,31/12/2026,IT
53066,02/12/2025,ITA-OAT-00207/000,UrbanV S.p.A. pec: urbanvspa@pec.urbanv.it,Speedbird Aero,"DLV-2 A35-EU, DLV-2 B35-EU",Kg. 35,s/n 0029,Si,31/12/2026,IT
53074,02/12/2025,ITA-OAT-00173/001,Techno Sky S.r.l. pec: operazioni@technosky.postecert.it,DJI,M30,"Kg. 4,069",1581F5BKB23CD00F008R,Si,31/03/2026,IT
52908,27/11/2025,ITA-OAT-00206/000,Alessandro Zucchini pec: zucchini.droneservice@pec.it,DJI,Agras T50,Kg. 103,1581F6BUB248T001PM47,No,27/11/2026,IT
52725,26/11/2025,ITA-OAT-00205/000,Roberto Ferrarin pec: roberto.ferrarin@pec.it,DJI,Agras T50,Kg. 103,7TNBLLV00302N8,No,31/12/2027,IT
53051,25/11/2025,ITA-OAT-00161/003,UrbanV S.p.A. pec: urbanvspa@pec.urbanv.it,Speedbird Aero,"DLV-2 A35-EU, DLV-2 B35-EU",Kg. 35,s/n 0029,Si,31/12/2026,IT
52541,24/11/2025,ITA-OAT-00062/003,ElyTron Aeronautica S.r.l. pec: elytron1@legalmail.it,Elytron Aeronautica S.r.l.,Talisman S,Kg. 70,"s/n 007, 009, 010, 011",No,31/12/2027,IT
52999,21/11/2025,ITA-OAT-00204/000,SiraLab Robotics S.r.l. pec: siralab@pec.it,Siralab Robotics S.r.l.,X4,Kg. 7,012,Si,06/12/2025,IT
53025,20/11/2025,ITA-OAT-00203/000,PiroTecnica Giuliani S.r.l. pec: pirotecnicagiuliani@arubapec.it,Verge Aero,X1,Kg. 1,da s/n 6200 a 6533 - sciame,No,20/11/2026,IT
52722,17/11/2025,ITA-OAT-00201/000,GOM Niguarda pec: postacertificata@pec.ospedaleniguarda.it,Rigitech,Eiger-03,Kg. 21,16988ER038546,No,31/01/2026,IT
52967,17/11/2025,ITA-OAT-00202/000,GND Costruzioni Elettriche S.r.l. pec: gndcostruzionielettriche@pec.it,DJI,FlyCart 30,Kg. 95,1581F7C6824CB001P1JH,No,31/12/2026,IT
52757,13/11/2025,ITA-AOT-00200/000,AgriObiettivo S.r.l. pec: agriobiettivo@pec.it,DJI,Agras T50,Kg. 103,63YBM6N00200FE,No,14/11/2026,IT
52730,04/11/2025,ITA-OAT-00199/000,Wesii S.r.l. pec: wesii@pec.it,DJI,Matrice 3TD,"Kg. 1,61",1581F6Q8D247300G8JKN,Si,30/06/2026,IT
52836,24/10/2025,ITA-OAT-00198/000,Agri-Farm S.r.l. pec: agri-fsrmsrl@cgn.legalmail.it,DJI,Agras T50,Kg. 103,ITA-6627373,No,31/12/2026,IT
52721,17/10/2025,ITA-OAT-00197/000,GOM Niguarda pec: postacertificata@pec.ospedaleniguarda.it,Speedbird Aero,DLV-2 A25-EU,Kg. 25,UAS s/n 0028,No,31/01/2026,IT
52755,13/10/2025,ITA-OAT-00196/000,Unmanned4You S.r.l. pec: u4yousrl@legalmail.it,DJI,Matrice 350 RTK,"Kg. 9,2",1581F8GKB23690040030,Si,06/10/2026,IT
52693,09/10/2025,ITA-OAT-00195/000,Nova Iter di Claudio Sacripanti pec: novaiter@legalmail.it,FlyingBasket,FB3,Kg. 167,21,No,10/10/2026,IT
52835,08/10/2025,ITA-OAT-00194/000,Drone AG Limited pec:,DJI,Mavic 3E,"Kg. 1,05",1581F5FKC24BK00EY032,Si,07/10/2026,IT
52651,26/09/2025,ITA-OAT-00191/000,Dronus S.p.A. pec: dronus@pec.it,Dronus,K3,"Kg. 5,4",DRNS.5.H0004,Si,24/04/2026,IT
52938,26/09/2025,ITA-OAT-00193/000,Unexgen S.r.l. pec: amministrazione@pec.unexgen.it,DJI,Agras T50,Kg. 103,1581F6BUB236U0010072,No,10/10/2026,IT
52975,26/09/2025,ITA-OAT-00192/000,UrbanV S.p.A. pec: urbanvspa@pec.urbanv.it,SpeedBird Aero,DLV-2 B35-EU,Kg. 35,0029,Si,29/10/2025,IT
52863,25/09/2025,ITA-OAT-00190/000,RaFla S.r.l. pec: rafla@pec.rafla.tech,Rafla S.r.l.,Mars One,Kg. 12,2134B24MROV0001,No,31/10/2025,IT
52754,23/09/2025,ITA-OAT-00187/000,Ditta Individuale Giulio De Simone pec: gdesimon@pec.ording.roma.it,DJI,Agras T50,Kg. 103,1581F6BUB24670010JVH,No,31/12/2026,IT
52815,23/09/2025,ITA-OAT-00188/000,TecnoVolo S.r.l.s. pec: tecnovolosrls@pec.it,DJI,Agras T50,Kg. 103,1581F6BUB246H00195J4,No,31/12/2026,IT
52961,23/09/2025,ITA-OAT-00189/000,PiroTecnica Giuliani S.r.l. pec: pirotecnicagiuliani@arubapec.it,Verge Aero,X1,"Kg. 1,25",From 6200 to 6533,No,28/09/2025,IT
52688,18/09/2025,ITA-OAT-00186/000,Auryn S.r.l. pec: aurynsrl@legalmail.it,Auryn,"AA-270 Swarm Edition, AY-300 Aerotarget","Kg. 24,9",0,Si,31/10/2025,IT
52723,16/09/2025,ITA-OAT-00185/000,AeC di Porcu Chantal C. S.a.s. pec: aecporcuchantalsas@cgn.legalmail.it,DJI,Agras T50,Kg. 103,UAAG0044,No,15/09/2026,IT
52956,16/09/2025,ITA-OAT-00161/002,UrbanV S.p.A. pec: urbanvspa@pec.urbanv.it,SpeedBird Aero,DLV-2 A35-EU and DLV-2 B35-EU,Kg. 35,0029,Si,31/12/2025,IT
52896,12/09/2025,ITA-OAT-00119/003,Pipistrel Italia S.r.l. pec: pipistrel@legalmail.it,Pipistrel,Nuuva V300,Kg. 1700,18968X9180001,No,17/11/2026,IT
52433,10/09/2025,ITA-OAT-00184/000,Areti S.p.A. pec: areti@pec.areti.it,DJI,M30T,"Kg. 3,9",1581F5BKD23AJ00F79UX,Si,09/09/2026,IT
52801,09/09/2025,ITA-OAT-00183/000,Manuel Balacchi pec: manuelbalacchi@pec.confagricoltura.com,DJI,Agras T50,Kg. 103,1581F6BUB2464001U2P6,No,31/12/2026,IT
52826,03/09/2025,ITA-OAT-00182/000,Intersoft Electronics Services Italia S.r.l. pec: intersoft-electronics-srl@pec.it,DJI,Matrice 350 RTK,Kg. 9,1581F6GKB236500400BR,No,30/11/2025,IT
52915,27/08/2025,ITA-OAT-00181/000,PiroTecnica Giuliani S.r.l. pec: pirotecnicagiuliani@arubapec.it,Verge Aero,X1,"Kg. 1,25",From 6200 to 6533,No,01/09/2025,IT
52907,08/08/2025,ITA-OAT-00177/001,Unmanned4You S.r.l. pec: u4yousrl@legalmail.it,DJI,Agras T50,Kg. 103,"63YBM6M00200DF, 7TNBMJU0030J07",No,31/07/2026,IT
52872,07/08/2025,ITA-OAT-00180/000,PiroTecnica Giuliani S.r.l. pec: pirotecnicagiuliani@arubapec.it,Verge Aero,X1,"Kg. 1,25",From 6200 to 6533,No,11/08/2025,IT
52617,28/07/2025,ITA-OAT-00178/000,Milani Green S.A. pec: milanigreen@leagalmail.it,DJI,Agras T50,Kg. 103,63YBLBM0020040,No,31/12/2026,IT
52726,28/07/2025,ITA-OAT-00179/000,Symbiotica S.r.l. pec: symbiotica@pecdotcom.it,DJI,Matrice 30T,"Kg. 4,07",1581F5BM32391001Q1GB,Si,31/12/2026,IT
52789,25/07/2025,ITA-OAT-00177/000,Unmanned4You S.r.l. pec: u4yousrl@legalmail.it,DJI,Agras T50,Kg. 103,63YBM6M00200DF,No,31/07/2026,IT
52888,25/07/2025,ITA-OAT-00146/001,Molise Agrivions S.r.l.s pec: moliseagrivisionsrl@pec.it,DJI,Agras T25,Kg. 58,7TPDMKD00409K8,No,24/07/2026,IT
52615,24/07/2025,ITA-OAT-00176/000,CPL Concordia Soc. Coop. pec: cplconcordiasoccoop@pec.cpl.it,DJI,Matrice 3D,"Kg. 1,6",1581F608D246M001PFBT,Si,31/07/2026,IT
52630,24/07/2025,ITA-OAT-00060/001,SMA Campania S.p.A. pec: smacampaniaspa@pec.it,Dronus,K250,"Kg. 0,3",E018,Si,23/07/2026,IT
52666,22/07/2025,ITA-OAT-00175/000,Città Metropolitana di Firenze pec: cittametropolitana.it@postacert.toscana.it,SenseFly SA,eBee X,"Kg. 1,423",IX-12-31352/1587A0510000T44,No,21/07/2026,IT
52817,18/07/2025,ITA-OAT-00174/000,"Regione Calabria - Dip. Politiche della Montagna, Foreste, Forestazione e Difesa del Suolo - Settore pec: uoa.forestazione@pec.regione.calabria.it",DJI,Matrice 3DT,"Kg. 1,61",Contenuta nel Doc. Allegato 2_ Lista UAS,Si,31/07/2026,IT
52849,15/07/2025,ITA-OAT-00173/000,Techno Sky S.r.l. pec: operazioni@technosky.postecert.it,DJI,M30,"Kg. 4,069",1581F5BKB23CD00F008R,Si,30/09/2025,IT
52874,15/07/2025,ITA-OAT-00169/001,S.A. Dirupi S.S. pec: info@pec.dirupi.com,DJI,Agras T25,Kg. 58,UAAG0031,No,14/07/2027,IT
52733,14/07/2025,ITA-OAT-00170/000,Precision Testing S.r.l. pec: precisiontesting@pec.it,DJI,Agras T10,"Kg. 24,9",4VNBKBF001003D,No,11/07/2026,IT
52783,14/07/2025,ITA-OAT-00172/000,DL Droni S.r.l. pec: dldroni@pec.dldroni.it,DJI,"Matrice 3D, Matrice 3TD","Kg. 1,61",Vedere Doc. lista_ua-dl_droni-nest_generic_dock2,Si,31/12/2026,IT
52785,14/07/2025,ITA-OAT-00171/000,DL Droni S.r.l. pec: dldroni@pec.dldroni.it,DJI,"Matrice 4D, Matrice 4TD","Kg. 2,09",Vedere Doc. lista_ua-dl_droni-nest_generic_dock3,Si,31/12/2026,IT
52620,09/07/2025,ITA-OAT-00169/000,S.A. Dirupi S.S. pec: info@pec.dirupi.com,DJI,Agras T25,Kg. 58,UAAG0032,No,03/07/2027,IT
52724,09/07/2025,ITA-OAT-00168/000,CM Cleaning Co. S.r.l. pec: cmcleaningcosrl@pec-fbitech.it,DJI,Agras T50,Kg. 103,63YBM6M00200DF,No,11/07/2026,IT
52858,09/07/2025,ITA-OAT-00161/001,UrbanV S.p.A. pec: urbanvspa@pec.urbanv.it,SpeedBird Aero,"DLV-2 A-35-EU, DLV-2 B35-EU",Kg. 35,0029,Si,31/12/2025,IT
52842,07/07/2025,ITA-OAT-00108/001,Essentialark S.r.l. pec: essentialark@pec.it,VimDrones,Mazzy Star Drone,"Kg. 0,46",Da s/n 1 a s/n 150,No,31/01/2027,IT
52623,27/06/2025,ITA-OAT-00051/002,Techno Sky S.r.l. pec: operazioni@technosky.postecert.it,Nimbus S.r.l.,PPL-612 Plus Evo XL,Kg. 25,"18817B001001, 18817B003001, 18817B003002, 18817B003003, 18817B003004, 18817B003005",Si,27/06/2026,IT
52624,27/06/2025,ITA-OAT-00052/003,Techno Sky S.r.l. pec: operazioni@technosky.postecert.it,Nimbus S.r.l.,PPL-418,"Kg. 9,9","18817A001001, 18817A001002",Si,27/06/2026,IT
52625,27/06/2025,ITA-OAT-00053/003,Techno Sky S.r.l. pec: operazioni@technosky.postecert.it,Nimbus S.r.l.,PPL-612 Plus Evo XL,Kg. 25,"18817B001001, 18817B003001, 18817B003002, 18817B003003, 18817B003004, 18817B003005",Si,27/06/2026,IT
52636,27/06/2025,ITA-OAT-00167/000,Terna Rete Italia S.p.A. pec: ternareteitaliaspa@pec.terna.it,Autel,Evo Max 4T,"Kg. 1,999",1748FEV3HMA823471873,Si,27/06/2026,IT
52729,27/06/2025,ITA-OAT-00166/000,AgriGeoDron S.r.l.s. pec: agrigeodron.srls@pec.it,DJI,Agras T50,Kg. 103,"UAAG 0032, UAAG 0040",No,27/06/2026,IT
52731,27/06/2025,ITA-OAT-00164/000,TeleSpazio S.p.A. pec: telespazio.qlt@pec.it,DJI,Matrice 300 RTK,Kg. 9,1ZNBK5Q00C00HF,Si,27/06/2026,IT
52747,27/06/2025,ITA-OAT-00165/000,Università degli Studi di Firenze - DAGRI pec: dagri@pec.unifi.it,DJI,Agras T25,Kg. 58,1581F6BUB23AW0012775,No,15/05/2026,IT
52572,19/06/2025,ITA-OAT-00127/001,ABZero S.r.l.s. pec: abzero@pec.it,DroneBase,X6000 Pro RTK,Kg. 25,DBX6000P-0823,Si,10/12/2025,IT
52728,19/06/2025,ITA-OAT-00163/000,LuminousBees S.r.l. pec: luminousbees@pec.it,LuminousBees S.r.l.,LumiBee 6,"Kg. 0,43",da LB-1 a LB-400,No,30/06/2026,IT
52792,18/06/2025,ITA-OAT-00162/000,UrbanV S.p.A. pec: urbanvspa@pec.urbanv.it,SpeedBird,DLV-2 B35-EU,Kg. 35,0029,Si,30/06/2025,IT
52790,11/06/2025,ITA-OAT-00161/000,UrbanV S.p.A. pec: urbanvspa@pec.urbanv.it,SpeedBird Aero,"DLV-2 A35-EU, DLV-2 B35-EU",Kg. 35,0029,Si,31/07/2025,IT
52727,10/06/2025,ITA-OAT-00159/000,Resec S.r.l. pec: resec@pec.it,DJI,Agras T50,Kg. 92,1581F6BUB242V0013H31,No,10/06/2026,IT
52744,10/06/2025,ITA-OAT-00160/000,Distretto Tecnologico Aerospaziale S.c.a.r.l. pec: distretto@pec.dtascarl.it,DJI,Matrice 350 RTK,"Kg. 9,2",1581F6GKB23A800403RB,Si,31/12/2026,IT
52745,10/06/2025,ITA-OAT-00122/001,Amazon Italia Transport S.r.l. pec: amazonitaliatransport@legalmail.it,Amazon Prime Air,MK30 Block10,Kg. 42,"178650101X, 1786501020, 178650100E, 178650100S",Si,30/04/2026,IT
52699,06/06/2025,ITA-OAT-00158/000,Essentialark S.r.l. pec: essentialark@pec.it,DJI,Matrice 3TD,"Kg. 1,61",1581F6Q8D244U00E2D43,Si,30/06/2026,IT
52748,05/06/2025,ITA-OAT-00093/001,Liteo Tech S.r.l. pec: liteotechsrl@pec.it,FlyFire,Kaiken,"Kg. 0,274",Sciame,No,31/05/2026,IT
52791,05/06/2025,ITA-OAT-00141/001,ABZero S.r.l.s. pec: abzero@pec.it,DroneBase S.r.l.,DBX6000P-0823 and DBX8-1000P-0522,Kg. 0,N/A,No,04/06/2026,IT
52176,30/05/2025,ITA-OAT-00157/000,TeleSpazio S.p.A. pec: telespazio.qlt@pec.it,Dronus,Radon X,Kg. 14,SR-UAV-RADX-02 S/N 050,Si,30/05/2026,IT
52715,27/05/2025,ITA-OAT-00119/002,Pipistrel Italia S.r.l. pec: pipistrel@legalmail.it,Pipistrel,Nuuva V300,Kg. 1700,18968X9180001,No,17/11/2026,IT
52750,27/05/2025,ITA-OAT-00156/000,UrbanV S.p.A. pec: urbanvspa@pec.urbanv.it,DJI,Mavic 3 Classic,"Kg. 1,05",1581F67PB237A00300PP,No,31/07/2025,IT
52613,16/05/2025,ITA-OAT-00155/000,Monti del Forno S.s.a. pec: joe@pec.giuseppedellachiesa.com,DJI,Agras T50,Kg. 103,UAAG0036,No,15/05/2026,IT
52668,16/05/2025,ITA-OAT-00153/000,Università degli studi di Torino - DiSAFA pec: disafa@pec.unito.it,DJI,Matrice 600,"Kg. 15,5",M80DHBBR030XFL,No,15/04/2026,IT
52675,16/05/2025,ITA-OAT-00154/000,Università degli studi di Torino - DiSAFA pec: disafa@pec.unito.it,DJI,Agras T25,Kg. 58,7TPDMD900303VE,No,15/04/2026,IT
52586,14/05/2025,ITA-OAT-00152/000,Graglia Geom. Giorgio & C. S.n.c. pec: cinzia@email-pec.it,DJI,Agras T30,Kg. 78,446LJ6C20300UB DJI3WWDZ-30A0B2DD,No,30/10/2025,IT
52749,12/05/2025,ITA-OAT-00135/002,DL Droni S.r.l. pec: dldroni@pec.dldroni.it,DJI,Matrice 3TD,"Kg. 1,61","1581F6Q8D247W00GTJJ4, 1581F6Q8D246R001515N",Si,27/07/2025,IT
52542,22/04/2025,ITA-OAT-00150/000,Hortus Service S.r.l. pec: hortusservice@legalmail.it,DJI,Agras T50,Kg. 103,"63YBLBL002000B, 63YBLBP002000K",No,22/04/2026,IT
52522,21/04/2025,ITA-OAT-00151/000,TopView S.r.l. pec: topview@pec.it,DJI,Matrice 300 RTK,Kg. 9,1ZNDH8500BBMWY,Si,21/04/2027,IT
52414,18/04/2025,ITA-OAT-00148/000,Cardtech S.r.l. pec: cardtechsrl@pecfiscale.it,DJI,3TD,"Kg. 1,61",1581F6Q8D244U00E24BM 1581F6Q8D246N0011TRT,Si,30/04/2026,IT
52616,18/04/2025,ITA-OAT-00149/000,Techno Sky S.r.l. pec: operazioni@technosky.postecert.it,DJI,M30,"Kg. 4,069",1581F5BKB23CD00F008R,Si,18/04/2027,IT
52316,14/04/2025,ITA-OAT-00147/000,Scaligera Drone Solutions di Lanza Matteo pec: dronescaligera@pec.it,DJI,"M350RTK, M300RTK",Kg. 9,"1ZMLH6D001009Z, 1581F6GKB237H004006U, 1581F6GKB237H004006J",Si,14/04/2026,IT
52626,14/04/2025,ITA-OAT-00071/002,Techno Sky S.r.l. pec: operazioni@technosky.postecert.it,Nimbus S.r.l.,PPL-418,"Kg. 9,9","18817A001001, 18817A001002",Si,26/06/2026,IT
52420,11/04/2025,ITA-OAT-00145/000,Vedetta 2 Mondialpol S.p.A. pec: amministrazione.co@pec.mondialpol.it,DJI,Matrice 3D,"Kg. 1,6",1581F6Q8D246M001FZ5L,Si,14/04/2026,IT
52513,11/04/2025,ITA-OAT-00143/000,Heli Protection Europe S.r.l. pec: hpe@pec.it,Leonardo S.p.A.,TBMD-TT,Kg. 13,"ER100001, ER100002",No,10/04/2026,IT
52533,11/04/2025,ITA-OAT-00144/000,Vedetta 2 Mondialpol S.p.A. pec: amministrazione.co@pec.mondialpol.it,DJI,Matrice 3D,"Kg. 1,6",1581F6Q8D243S00CJ71E,Si,14/04/2026,IT
52650,11/04/2025,ITA-OAT-00072/001,FlyingBasket S.r.l. pec: info@pec.flyingbasket.it,FlyingBasket S.r.l.,FB4,Kg. 340,001,No,30/11/2026,IT
52663,11/04/2025,ITA-OAT-00146/000,Molise Agrivions S.r.l.s pec: moliseagrivisionsrl@pec.it,DJI,Agras T25,Kg. 58,7TPDMAF002035K,No,16/04/2026,IT
52563,31/03/2025,ITA-OAT-00142/000,PyroFantasy S.r.l. pec: pirofantasy@pro-pec.it,FlyFire,Kaiken,"Kg. 0,28",Sciame,No,30/04/2026,IT
52631,20/03/2025,2023/IT-1139/AO/002/Rev.02,Guardia di Finanza - Centro di Aviazione pec: m0010407p@pec.gdf.it,Shield AI,VBat 118,Kg. 39,"60, 61, 62, 63, 64",Si,23/04/2026,IT
52587,19/03/2025,ITA-OAT-00141/000,ABZero S.r.l.s. pec: abzero@pec.it,DroneBase S.r.l.,X6000 Pro RTK and 8x1000,Kg. 0,N/A,No,18/03/2026,IT
52560,05/03/2025,2022/IT-1139/AO/001/Rev.05,Tekever II Autonomous Systems Lda pec: tekever@pec-mail.eu,Tekever UAS SA,AR5 Mk2,Kg. 180,"E511, E512",No,31/12/2025,IT
52573,28/02/2025,ITA-OAT-00140/000,TeleSpazio S.p.A. pec: telespazio.qlt@pec.it,DJI,Matrice 300 RTK,Kg. 9,1ZNBK5Q00C00HF,Si,30/05/2025,IT
52203,26/02/2025,ITA-OAT-00139/000,Soradis S.I.A. S.r.l. pec: soradissiasrl@mypec.it,DJI,Agras T30,"Kg. 76,5",3U5BJ4F00100L6,No,25/02/2026,IT
52515,20/02/2025,ITA-OAT-00138/000,GA S.r.l. pec: ga.group.srl@pec.it,DJI,Agras T25,Kg. 58,YCBZTZ00109003,No,31/12/2025,IT
52551,19/02/2025,ITA-OAT-00117/001,Leonardo S.p.A. - Divisione Elettronica - Sistemi di Difesa pec: sistemidifesa_amm@pec.leonardo.com,Pro S3 S.r.l.,Venture Asae V2,"Kg. 4,95",16476VI011A,Si,24/10/2025,IT
52607,19/02/2025,ITA-OAT-00135/001,DL Droni S.r.l. pec: dldroni@pec.dldroni.it,DJI,Matrice 3TD,"Kg. 1,61","1581F6Q8D247W00GTJJ4, 1581F6Q8D246R001515N",Si,27/07/2025,IT
52214,18/02/2025,ITA-OAT-00137/000,Pro.Secur S.r.l.s. pec: prosecur@pec.it,DJI,Agras T30,Kg. 78,455LJ9120100JB,No,17/02/2026,IT
52476,14/02/2025,ITA-OAT-00136/000,Simar S.r.l. pec: simar.srlsm@pec.it,DJI,Agras T30,Kg. 78,3TNDJ8Q0028JYWN,No,31/10/2025,IT
52456,27/01/2025,ITA-OAT-00135/000,DL Droni S.r.l. pec: dldroni@pec.dldroni.it,DJI,Matrice 3TD,"Kg. 1,61",1581F6Q8D247W00GTJJ4,Si,27/07/2025,IT
52585,27/01/2025,ITA-OAT-00119/001,Pipistrel Italia S.r.l. pec: pipistrel@legalmail.it,Pipistrel,Nuuva V300,Kg. 1700,18968X9180001,No,17/11/2026,IT
52501,21/01/2025,ITA-OAT-00133/000,Aermatica3D S.r.l. pec: aermatica3d@pec.it,DJI,Agras T25,Kg. 58,UAAG0026,No,21/01/2026,IT
52516,21/01/2025,ITA-OAT-00134/000,Unione Colli Mantovani pec: unionecollimantovani@legalmail.it,DJI,Mavic 3T,"Kg. 1,05",1581F5FJC244T00EJMWC,Si,31/12/2025,IT
52523,14/01/2025,ITA-OAT-00132/000,Distretto Tecnologico Aerospaziale S.c.a.r.l. pec: distretto@pec.dtascarl.it,DJI,Matrice 350 RTK,"Kg. 9,2",1581F6GKB23A800403RB,Si,31/12/2025,IT
52500,08/01/2025,ITA-OAT-00131/000,OverSpace Aviation S.r.l. pec: overflysrl@legalmail.it,OverSpace Aviation S.r.l.,DragonFly DS-1,Kg. 25,OFDS1-000002,Si,31/01/2025,IT
52521,08/01/2025,ITA-OAT-00130/000,Alpi Aviation S.r.l. pec: alpiaviation@legalmail.it,Alpi Aviation S.r.l.,Strix-Df,Kg. 14,strix-df/001,Si,31/12/2025,IT
52535,08/01/2025,ITA-OAT-00129/000,GRS S.r.l. pec: grs-srl@legalmail.it,DJI,Matrice 300 RTK,Kg. 9,1ZNBJ5P00C006K,No,31/01/2025,IT
52557,20/12/2024,ITA-OAT-00077/001,TeleSpazio S.p.A. pec: telespazio.qlt@pec.it,DJI,Matrice 300 RTK,Kg. 9,1ZNBK5Q00C00HF,Si,21/12/2025,IT
51856,19/12/2024,ITA-OAT-00128/000,AgriGeoDron S.r.l.s. pec: agrigeodron.srls@pec.it,DJI,Agras T30,Kg. 78,527BJ9A001002H,No,19/12/2025,IT
52408,17/12/2024,ITA-OAT-00127/000,ABZero S.r.l.s. pec: abzero@pec.it,DroneBase,X6000 Pro RTK,Kg. 25,DBX6000P-0823,Si,15/12/2025,IT
52531,16/12/2024,ITA-OAT-00126/000,UrbanV S.p.A. pec: urbanvspa@pec.urbanv.it,DJI,Mavic 3 Classic,"Kg. 1,05",1581F67PB237A00300PP,No,31/01/2025,IT
52543,16/12/2024,ITA-OAT-00125/000,DL Droni S.r.l. pec: dldroni@pec.dldroni.it,DJI,Matrice 350 RTK,Kg. 9,1581F6GKB234M00300RN,Si,20/12/2024,IT
52337,12/12/2024,ITA-OAT-00124/000,Bernardi Trade S.r.l. pec: bernardifertilizer@pec.it,DJI,Agras T30,Kg. 78,"527BL9K0010035, 527BL9K001002R, 527BJ9700100GU",No,10/12/2025,IT
52544,06/12/2024,ITA-OAT-00123/000,TopView S.r.l. pec: topview@pec.it,DJI,M300 RTK,Kg. 9,CCAP2QLPO87OTO,No,31/12/2025,IT
52479,02/12/2024,ITA-OAT-00122/000,Amazon Italia Transport S.r.l. pec: amazonitaliatransport@legalmail.it,Amazon Prime Air,MK30 Block10,Kg. 42,"178650101X, 1786501020",Si,31/12/2025,IT
52512,27/11/2024,ITA-OAT-00121/000,TopView S.r.l. pec: topview@pec.it,DJI,M300 RTK,Kg. 9,1ZNDH8500BBMWY,No,20/12/2024,IT
51741,21/11/2024,ITA-OAT-00119/000,Pipistrel Italia S.r.l. pec: pipistrel@legalmail.it,Pipistrel,Nuuva V300,Kg. 1700,18968X9180001,No,17/11/2026,IT
52483,21/11/2024,ITA-OAT-00120/000,Distretto Tecnologico Aerospaziale S.c.a.r.l. pec: distretto@pec.dtascarl.it,DJI,Matrice 350 RTK,"Kg. 9,2",1581F6GKB23A800403RB,Si,31/12/2025,IT
51631,13/11/2024,ITA-OAT-00118/000,Horus Technologies S.r.l. pec: horustechnologies@legalmail.it,GermanDrones GmbH,SongBird 150,Kg. 14,3018,Si,11/11/2026,IT
52353,25/10/2024,ITA-OAT-00117/000,Leonardo S.p.A. - Divisione Elettronica - Sistemi di Difesa pec: sistemidifesa_amm@pec.leonardo.com,Pro S3 S.r.l.,Venture Asae V2,"Kg. 4,95",16476VI011A,Si,24/10/2025,IT
52155,22/10/2024,ITA-OAT-00116/000,Techno Sky S.r.l. pec: operazioni@technosky.postecert.it,Nimbus S.r.l.,PPL-612 Plus Evo XL,"Kg. 24,9","18817B001001, 18817B003001, 18817B003002, 18817B003003, 18817B003004, 18817B0030",Si,21/10/2025,IT
52238,21/10/2024,ITA-OAT-00062/002,ElyTron Aeronautica S.r.l. pec: elytron1@legalmail.it,Elytron Aeronautica S.r.l.,Talisman S,Kg. 60,"006, 007, 008, 009",No,20/10/2025,IT
52474,18/10/2024,ITA-OAT-00071/001,Techno Sky S.r.l. pec: operazioni@technosky.postecert.it,Nimbus S.r.l.,PPL-418,"Kg. 9,9","18817A001001, 18817A001002",Si,27/06/2026,IT
52477,15/10/2024,ITA-OAT-00115/000,DL Droni S.r.l. pec: dldroni@pec.dldroni.it,DJI,Matrice 300 RTK,Kg. 9,1ZNPL6T001F00D,Si,18/10/2024,IT
52284,09/10/2024,ITA-OAT-00114/000,Aermatica3D S.r.l. pec: aermatica3d@pec.it,DJI,Agras T50,Kg. 103,UAAG 0023,No,09/10/2026,IT
52464,08/10/2024,ITA-OAT-00054/003,AiViewGroup S.r.l. pec: pec@pec.aiviewgroup.com,DJI,Mavic 2,"Kg. 1,05","4GCCK5XR0B0GNE, 4GCCK48R0B0BCC, 4GCCK54R0B0AFS, 4GCCK0R0B0VDV, 4GCCK84R0B0WAV",Si,31/12/2024,IT
52448,30/09/2024,ITA-OAT-00113/000,JOBDV/Studio S.n.c. pec: jobdvstudio@pec.it,DJI,Mavic 3 Pro,"Kg. 0,96",1581F67QC234A0140EJE,No,04/10/2024,IT
52447,26/09/2024,ITA-OAT-00065/002,PAT Nucleo SAPR VVF pec: segreteriavvf@pec.provincia.tn.it,DJI,Mavic 2 Enterprise Advanced,"Kg. 1,1",PATVVF012,Si,26/09/2026,IT
51918,24/09/2024,ITA-OAT-00112/000,Heli Protection Europe S.r.l. pec: hpe@pec.it,Leonardo S.p.A.,TBMD-TT,Kg. 13,"ER100001, ER100002",No,27/09/2024,IT
52251,10/09/2024,ITA-OAT-00111/000,Marco Fulvi pec: scovavento@pec.it,MakeFlyEasy,Hero VTOL,Kg. 7,1787F04BM24010010320,No,30/11/2024,IT
52219,05/09/2024,ITA-OAT-00064/003,Sky Eye Systems S.r.l. pec: skyeyesystems@pec.it,Sky Eye tems S.r.l.,Rapier X-25,"Kg. 24,9",not applicable,No,30/09/2025,IT
52384,21/08/2024,ITA-OAT-00110/000,Sorveglianza Aerea Veneta OdV (SAV) pec: sav-odv@pec.it,UP Caeli VIA S.r.l.,Kur-400 SAV,"Kg. 5,5",1699A24K04H0001,Si,30/09/2024,IT
52393,07/08/2024,ITA-OAT-00109/000,Essentialark S.r.l. pec: essentialark@pec.it,VimDrones,Mazzy Star Drone,"Kg. 0,46",da 1 a 150 (Sciame),No,15/08/2024,IT
52415,07/08/2024,ITA-OAT-00054/002,AiViewGroup S.r.l. pec: pec@pec.aiviewgroup.com,DJI,Mavic 2,"Kg. 1,05","4GCCK5XR0B0GNE, 4GCCK48R0B0BCC, 4GCCK54R0B0AFS, 4GCCK0R0B0VDV, 4GCCK84R0B0WAV",Si,30/09/2024,IT
51700,01/08/2024,ITA-OAT-00107/000,EuroLink Systems S.r.l. pec: eurolinksystemssrl@legalmail.it,EuroLink Systems S.r.l.,Beluga Surveillance,"Kg. 11,5",2203RUAV030005,Si,31/10/2024,IT
52344,01/08/2024,ITA-OAT-00108/000,Essentialark S.r.l. pec: essentialark@pec.it,VimDrones,Mazzy Star Drone,"Kg. 0,46",da 1 a 150 (Sciame),No,30/06/2025,IT
51922,22/07/2024,ITA-OAT-00106/000,Romagna Acque - Società delle Fonti S.p.A. pec: mail@pec.romagnacque.it,APR Italia S.r.l.,Tethys,Kg. 40,Tethys-01,No,25/07/2025,IT
52361,19/07/2024,ITA-OAT-00105/000,Essentialark S.r.l. pec: essentialark@pec.it,VimDrones,Mazzy Star Drone,"Kg. 0,46",da 1 a 150 (Sciame),No,28/07/2024,IT
52252,15/07/2024,ITA-OAT-00049/002,Air Abruzzo S.r.l. pec: antonellodimatteo@pec.airabruzzo.com,DJI,Matrice 300 RTK,Kg. 9,1ZNDH3L0011296/ITA - 4330769,Si,30/06/2026,IT
52322,15/07/2024,ITA-OAT-00055/001,Air Abruzzo S.r.l. pec: antonellodimatteo@pec.airabruzzo.com,DJI,Matrice 300 RTK,Kg. 9,1ZNDH3L0011296/ITA - 4330769,Si,30/07/2026,IT
52346,11/07/2024,ITA-OAT-00104/000,Andrea Blasi pec: pirotecnicagiuliani@arubapec.it,Verge Aero,X1,"Kg. 1,3",Sciame,No,12/07/2024,IT
52296,08/07/2024,ITA-OAT-00102/000,Techno Sky S.r.l. pec: operazioni@technosky.postecert.it,Nimbus S.r.l.,PPL-612 Plus Evo XL,"Kg. 24,9",18817B003004,No,04/11/2024,IT
52328,08/07/2024,ITA-OAT-00103/000,GG Drone Solutions S.r.l. pec: gianmarco.gabriele@pec.it,DJI,Matrice 350 RTK e Matrice 300 RTK,"Kg. 9,2",1581F6GKB237H004000H e 1ZNDH3L0011999,No,12/07/2024,IT
52136,04/07/2024,ITA-OAT-00101/000,Fartec S.r.l. pec: fartecsrl@pec.it,DJI,Agras T30,Kg. 78,"3UADKBN0011LYE, 3U5BJ6D00100NP",No,03/07/2025,IT
52336,28/06/2024,ITA-OAT-00054/001,AiViewGroup S.r.l. pec: pec@pec.aiviewgroup.com,DJI,Mavic 2,"Kg. 1,05","4GCCK5XR0B0GNE, 4GCCK48R0B0BCC, 4GCCK54R0B0AFS, 4GCCK50R0B0VDV, 4GCCK84R0B0WAW",Si,19/08/2024,IT
51783,21/06/2024,ITA-OAT-00099/000,Agenzia Regionale Protezione Ambientale Lombardia (ARPA) pec: arpa@pec.regione.lombardia.it,SenseFly,eBee X,"Kg. 1,4",IX-12-54641,Si,22/07/2024,IT
52153,21/06/2024,ITA-OAT-00100/000,Società Agricola Passerini Pietro e Matteo s.s. pec: passeriniss@pec.it,DJI,Agras T30,Kg. 78,ITA-5429478,No,21/06/2026,IT
52329,20/06/2024,ITA-OAT-00098/000,DL Droni S.r.l. pec: dldroni@pec.dldroni.it,DJI,Matrice 300 RTK,Kg. 9,1ZNPL6T001F00D,Si,28/06/2024,IT
52335,19/06/2024,ITA-OAT-00097/000,OverSpace Aviation S.r.l. pec: overflysrl@legalmail.it,OverSpace Aviation S.r.l.,Dragonfly DS-1,Kg. 25,OFDS1-000002,Si,28/06/2024,IT
52001,14/06/2024,ITA-OAT-00096/000,Graglia Geom. Giorgio & C. S.n.c. pec: cinzia@email-pec.it,DJI,Agras T30,Kg. 78,446LJ6C20300UB DJI3WWDZ-30A0B2DD,No,12/06/2025,IT
52093,14/06/2024,ITA-OAT-00061/001,ABZero S.r.l.s. pec: abzero@pec.it,Dronebase,8X1000,"Kg. 24,9",SDBX8-1000P-0522,Si,13/06/2025,IT
52293,14/06/2024,ITA-OAT-00053/002,Techno Sky S.r.l. pec: operazioni@technosky.postecert.it,Nimbus S.r.l.,PPL-612 Plus Evo XL,"Kg. 24,9","18817B001001, 18817B003001, 18817B003002, 18817B003003, 18817B003004, 18817B003005",Si,27/06/2026,IT
52295,14/06/2024,ITA-OAT-00051/001,Techno Sky S.r.l. pec: operazioni@technosky.postecert.it,Nimbus S.r.l.,PPL-612 Plus Evo XL,"Kg. 24,9",18817B001001 18817B003001 18817B003002 18817B003003 18817B00300418817B003005,Si,27/06/2026,IT
52294,11/06/2024,ITA-OAT-00052/002,Techno Sky S.r.l. pec: operazioni@technosky.postecert.it,Nimbus S.r.l.,PPL-418,"Kg. 9,9","18817A001001, 18817A001002",Si,27/06/2026,IT
52204,10/06/2024,ITA-OAT-00095/000,Nimbus S.r.l. pec: nimbus@pec.nimbus.to.it,Nimbus S.r.l.,PPL 418,"Kg. 9,9",004,No,09/06/2025,IT
52148,07/06/2024,ITA-OAT-00094/000,ABZero S.r.l.s. pec: abzero@pec.it,DroneBase,X6000 Pro RTK,Kg. 32,DBX6000P-0823,Si,06/06/2025,IT
52164,07/06/2024,ITA-OAT-00093/000,Liteo Tech S.r.l. pec: liteotechsrl@pec.it,FlyFire,Kaiken,"Kg. 0,27",Sciame,No,31/05/2025,IT
52241,28/05/2024,ITA-OAT-00092/000,Techno Sky S.r.l. pec: operazioni@technosky.postecert.it,Nimbus S.r.l.,PPl-612 Plus Evo XL,"Kg. 24,9",18817B003004,Si,30/06/2024,IT
52226,15/05/2024,ITA-OAT-00046/001,Aermatica3D S.r.l. pec: aermatica3d@pec.it,DJI,Agras T30,"Kg. 76,5",UAAG0006,No,15/05/2026,IT
52217,08/05/2024,ITA-OAT-00091/000,Essentialark S.r.l. pec: essentialark@pec.it,VimDrones,Mazzy Star Drone,"Kg. 0,46",da s/n 1 a s/n 150 (Sciame),No,13/05/2024,IT
52177,24/04/2024,2023/IT-1139/AO/002/Rev.01,Guardia di Finanza - Centro di Aviazione pec: m0010407p@pec.gdf.it,Shield AI,V-Bat 118,Kg. 39,"60, 61, 62, 63, 64",Si,23/04/2025,IT
52199,11/04/2024,ITA-OAT-00090/000,Essentialark S.r.l. pec: essentialark@pec.it,VimDrones,Mazzy Star Drone,"Kg. 0,46",da s/n 1 a s/n 150 (Sciame),No,14/04/2024,IT
52192,10/04/2024,ITA-OAT-00089/000,GEC Software S.r.l. pec: gecsoftware@gigapec.it,DJI,Matrice 350 RTK,Kg. 9,1581F6GKB234M0,Si,14/04/2024,IT
51921,05/04/2024,ITA-OAT-00088/000,MavTech S.r.l. pec: mavtech@pec.mavtech.eu,MavTech S.r.l.,Q4X,Kg. 8,MAV-APR-34-01,Si,10/04/2024,IT
52032,04/04/2024,ITA-OAT-00087/000,Wesii S.r.l. pec: wesii@pec.it,DJI,Mavic 3T Enterprise,"Kg. 0,92",1581F5FJD233600DU7CK,Si,03/04/2025,IT
51884,22/03/2024,ITA-OAT-00086/000,Città Metropolitana di Firenze pec: cittametropolitana.it@postacert.toscana.it,SenseFly SA,eBee X,"Kg. 1,42",IX-12-31352/1587A0510000T44,No,21/03/2025,IT
51978,20/03/2024,ITA-OAT-00084/000,Aermatica3D S.r.l. pec: aermatica3d@pec.it,DJI,Mavic 2 Enterprise Advanced,"Kg. 1,1",UAMV00077,Si,19/03/2025,IT
52169,20/03/2024,ITA-OAT-00085/000,ABZero S.r.l.s. pec: abzero@pec.it,Dronebase,X6000 Pro RTK,Kg. 32,DBX6000P-0823,Si,19/03/2025,IT
50956,12/03/2024,ITA-OAT-00083/000,SiraLab Robotics S.r.l. pec: siralab@pec.it,Siralab Robotics S.r.l.,SR X4,"Kg. 6,9",SR-AV-MC-1006,Si,31/12/2024,IT
52045,12/03/2024,2022/IT-1139/AO/001/Rev.04,Tekever II Autonomous Systems Lda pec: tekever@pec-mail.eu,Tekever UAS SA,AR5 Mk2,Kg. 180,"E511, E512",Si,31/12/2024,IT
52149,06/03/2024,ITA-OAT-00081/000,DL Droni S.r.l. pec: dldroni@pec.dldroni.it,DJI,Matrice 300 RTK,Kg. 9,1ZNPL6T001F00D,Si,08/03/2024,IT
52150,06/03/2024,ITA-OAT-00082/000,ADPM Drones S.r.l. pec: ad.precision.mechanics@legalmail.it,DJI,Mavic 2 Enterprise Advanced,"Kg. 1,1",4GCCJ5HR0A0AFM,Si,08/03/2024,IT
52158,05/03/2024,ITA-OAT-00079/001,TopView S.r.l. pec: topview@pec.it,DJI,M300 RTK,Kg. 9,CCAP2QLPO87OTO,No,31/03/2024,IT
52126,09/02/2024,ITA-OAT-00075/001,Zephyr S.r.l. pec: zephyaero@pec.it,Zephyr S.r.l.,ZPH-MO25,"Kg. 24,99",ZPH-005/APR,Si,31/07/2024,IT
52102,02/02/2024,ITA-OAT-00080/000,DL Droni S.r.l. pec: dldroni@pec.dldroni.it,DJI,Matrice 300 RTK,Kg. 9,1ZNPL6T001F00D,Si,10/02/2024,IT
52025,19/01/2024,ITA-OAT-00079/000,TopView S.r.l. pec: topview@pec.it,DJI,M300 RTK,Kg. 9,CCAP2QLPO87OTO,No,01/03/2024,IT
52083,18/01/2024,ITA-OAT-00052/001,Techno Sky S.r.l. pec: operazioni@technosky.postecert.it,Nimbus S.r.l.,PPL-418,"Kg. 9,9","18817A001001, 18817A001002",Si,27/06/2024,IT
52084,18/01/2024,ITA-OAT-00053/001,Techno Sky S.r.l. pec: operazioni@technosky.postecert.it,Nimbus S.r.l.,PPL-612 Plus Evo XL,"Kg. 24,9","18817B001001, 8817B003001 ÷ 005",Si,27/06/2024,IT
51697,22/12/2023,ITA-OAT-00077/000,TeleSpazio S.p.A. pec: telespazio.qlt@pec.it,DJI,Matrice 300 RTK,Kg. 9,1ZNBK5Q00C00HF,Si,21/12/2024,IT
51872,22/12/2023,ITA-OAT-00078/000,ABZero S.r.l.s. pec: abzero@pec.it,Dronebase S.r.l.,X6000 Pro RTK and 8x1000,Kg. 0,N/A,No,22/12/2024,IT
52027,22/12/2023,ITA-OAT-00067/001,Jetson S.r.l. pec: jetson@legalmail.it,Jetson S.r.l.,Jetson One,Kg. 150,TAC03/TAC05/TAC06,No,09/10/2024,IT
51966,21/12/2023,ITA-OAT-00075/000,Zephyr S.r.l. pec: zephyaero@pec.it,Zephyr S.r.l.,ZPH-M025,"Kg. 24,99",ZPH-005/APR,Si,31/01/2024,IT
52004,21/12/2023,ITA-OAT-00076/000,Liteo Tech S.r.l. pec: liteotechsrl@pec.it,FlyFire,Kaiken,"Kg. 0,27",N/A,No,28/12/2023,IT
52043,21/12/2023,ITA-OAT-00027/006,FlyingBasket S.r.l. pec: info@pec.flyingbasket.it,FlyingBasket S.r.l.,FB3,Kg. 170,"004, 006, 007, 008, 009, 010, 011, 012, 013",Si,31/12/2024,IT
52037,18/12/2023,ITA-OAT-00074/000,ADPM Drones S.r.l. pec: ad.precision.mechanics@legalmail.it,DJI,Mavic 2 Enterprise Advances,"Kg. 1,1",4GCCJ5HR0A0AFM,Si,23/12/2023,IT
52028,05/12/2023,ITA-OAT-00073/000,ADPM Drones S.r.l. pec: ad.precision.mechanics@legalmail.it,DJI,Mavic 2 Enterprise Advanced,"Kg. 1,1",4GCCJ5HR0A0AFM,Si,12/12/2023,IT
51720,01/12/2023,ITA-OAT-00072/000,FlyingBasket S.r.l. pec: info@pec.flyingbasket.it,FlyingBasket S.r.l.,FB4,Kg. 340,001,No,30/11/2024,IT
51742,30/11/2023,ITA-OAT-00071/000,Techno Sky S.r.l. pec: operazioni@technosky.postecert.it,Nimbus S.r.l.,PPL-418,"Kg. 9,9","18817A001001, 18817A001002",Si,29/11/2024,IT
52003,14/11/2023,ITA-OAT-00027/005,FlyingBasket S.r.l. pec: info@pec.flyingbasket.it,FlyingBasket S.r.l.,FB3,Kg. 170,"004, 006, 007, 008, 009, 010, 011, 012, 013",Si,31/12/2023,IT
51917,22/10/2023,ITA-OAT-00069/000,Techno Sky S.r.l. pec: operazioni@technosky.postecert.it,Nimbus S.r.l.,PPL-418,"Kg. 9,9",18817A001001,Si,26/10/2023,IT
51954,20/10/2023,ITA-OAT-00070/000,Essentialark S.r.l. pec: essentialark@pec.it,VimDrones,Mazzy Star Drone,"Kg. 0,46",Sciame,No,29/10/2023,IT
51920,19/10/2023,ITA-OAT-00068/000,TopView S.r.l. pec: topview@pec.it,DJI,M300 RTK,Kg. 9,CCAP2QLPO87OTO,Si,03/11/2023,IT
51965,17/10/2023,ITA-OAT-00027/004,FlyingBasket S.r.l. pec: info@pec.flyingbasket.it,FlyingBasket S.r.l.,FB3,Kg. 170,"004, 006, 007, 008, 009, 010, 011, 012, 013",Si,31/12/2023,IT
51740,10/10/2023,ITA-OAT-00067/000,Jetson S.r.l. pec: jetson@legalmail.it,Jetson S.r.l.,Jetson One,Kg. 150,"TAC03, TAC05, TAC06",No,09/10/2024,IT
51882,05/10/2023,ITA-OAT-00066/000,Nimbus S.r.l. pec: nimbus@pec.nimbus.to.it,Nimbus,PPL418,"Kg. 9,9",004,No,30/11/2023,IT
51931,25/09/2023,ITA-OAT-00027/003,FlyingBasket S.r.l. pec: info@pec.flyingbasket.it,FlyingBasket S.r.l.,FB3,Kg. 170,"004, 006, 007, 008, 009, 010, 011, 012, 013",Si,31/12/2023,IT
51650,15/09/2023,ITA-OAT-00065/001,PAT Nucleo SAPR VVF pec: segreteriavvf@pec.provincia.tn.it,DJI,Mavic 2 Enterprise Advanced,"Kg. 1,1",PATVVF012,Si,14/09/2024,IT
51609,08/09/2023,ITA-OAT-00064/002,Sky Eye Systems S.r.l. pec: skyeyesystems@pec.it,Sky Eye Systems S.r.l.,Rapier X-25,"Kg. 24,9",001,No,07/09/2024,IT
51211,30/08/2023,ITA-OAT-00060/000,SMA Campania S.p.A. pec: smacampaniaspa@pec.it,Dronus S.p.A.,K250,"Kg. 0,3",E001,Si,19/07/2024,IT
51095,28/08/2023,2023/IT-1139/AO/002/Rev.00,Guardia di Finanza - Centro di Aviazione pec: m0010407p@pec.gdf.it,Martin UAV,V-Bat 118,Kg. 39,"60, 61, 62, 63, 64",Si,28/08/2024,IT
51900,08/08/2023,ITA-OAT-00063/002,FlyingBasket S.r.l. pec: info@pec.flyingbasket.it,FlyingBasket S.r.l.,FB3,Kg. 170,005,Si,31/12/2023,IT
51639,03/08/2023,ITA-OAT-00062/001,ElyTron Aeronautica S.r.l. pec: elytron1@legalmail.it,Elytron Aeronautica S.r.l.,Talisman S,Kg. 70,006/007/008/009,No,28/04/2024,IT
51870,02/08/2023,ITA-OAT-00063/001,FlyingBasket S.r.l. pec: info@pec.flyingbasket.it,FlyingBasket,FB3,Kg. 170,005,Si,31/12/2023,IT
51787,01/08/2023,2023/IT-1139/AO/001/Rev.0,Altus LSA Commercial and Manufacturing S.A. pec:,Altus LSA Commercial and Manufacturing S.A.,Atlas 4 RPAS,Kg. 13,"GQ4A1-1923-005, GQ4E1-2623-006",Si,31/08/2023,IT
51845,01/08/2023,ITA-OAT-00061/000,ABZero S.r.l.s. pec: abzero@pec.it,DroneBase,8X1000,"Kg. 24,9",5DBX8-1000P-0522,Si,31/03/2024,IT
51696,19/07/2023,ITA-OAT-00057/000,Essentialark S.r.l. pec: essentialark@pec.it,VimDrones,Mazzy Star Drone,"Kg. 0,46",Sciame,No,23/07/2023,IT
51781,19/07/2023,ITA-OAT-00058/000,Essentialark S.r.l. pec: essentialark@pec.it,VimDrones,Mazzy Star Drone,"Kg. 0,46",Sciame,No,23/08/2023,IT
51803,19/07/2023,ITA-OAT-00059/000,Essentialark S.r.l. pec: essentialark@pec.it,VimDrones,Mazzy Star Drone,"Kg. 0,46",Sciame,No,16/09/2023,IT
51121,17/07/2023,ITA-OAT-00056/000,FlyingBasket S.r.l. pec: info@pec.flyingbasket.it,FlyingBasket,FB3,"Kg. 102,5",005,No,29/07/2023,IT
51558,13/07/2023,ITA-OAT-00055/000,Air Abruzzo S.r.l. pec: antonellodimatteo@pec.airabruzzo.com,DJI,Matrice 300 RTK,Kg. 9,1ZNDH3L0011296/ITA-4330769,Si,31/07/2024,IT
51495,27/06/2023,ITA-OAT-00053/000,Techno Sky S.r.l. pec: operazioni@technosky.postecert.it,Nimbus S.r.l.,PPL-612 Plus Evo XL,"Kg. 24,9","001, 004, 005, 006, 007, 008",Si,27/06/2024,IT
51499,27/06/2023,ITA-OAT-00052/000,Techno Sky S.r.l. pec: operazioni@technosky.postecert.it,Nimbus S.r.l.,PPL-418,"Kg. 9,9","010, 011",Si,27/06/2024,IT
51659,27/06/2023,ITA-OAT-00054/000,AiViewGroup S.r.l. pec: pec@pec.aiviewgroup.com,DJI,Mavic 2,"Kg. 1,05","4GCCK5XR0B0GNE, 4GCCK48R0B0BCC, 4GCCK54R0B0AFS, 4G",Si,27/06/2024,IT
51737,27/06/2023,ITA-OAT-00049/001,Air Abruzzo S.r.l. pec: antonellodimatteo@pec.airabruzzo.com,DJI,Matrice 300 RTK,Kg. 9,1ZNDH3L0011296/ITA-4330769,Si,30/06/2024,IT
51668,06/06/2023,ITA-OAT-00050/000,RCM Soc. Coop A.r.l. pec: liquidmedia@pec.it,QuadStandard Lab,ShotCaller,"Kg. 1,8",130776-1,Si,30/07/2023,IT
51494,30/05/2023,ITA-OAT-00049/000,Air Abruzzo S.r.l. pec: antonellodimatteo@pec.airabruzzo.com,DJI,Matrice 300 RTK,Kg. 9,1ZNDH3L0011296/ITA - 4330769,Si,30/06/2023,IT
51613,26/05/2023,ITA-OAT-00047/000,AeroVision S.r.l. pec: aerovision@pec.it,DJI,Matrice 200 v2 e Mavic 2 Zoom,Kg. 0,"RSM-cnr-01, RSM-cnr-02, RSZ-cnr-01, RSZ-cnr-02, RS",No,05/06/2023,IT
51665,26/05/2023,ITA-OAT-00048/000,FlyingBasket S.r.l. pec: info@pec.flyingbasket.it,FlyingBasket S.r.l.,FB3,Kg. 150,008,No,05/06/2023,IT
51536,18/05/2023,ITA-OAT-00046/000,Aermatica3D S.r.l. pec: aermatica3d@pec.it,DJI,Agras T30,"Kg. 76,5",UAAG0006,No,18/05/2024,IT
51632,18/05/2023,ITA-OAT-00045/000,Essentialark S.r.l. pec: essentialark@pec.it,VimDrones,Mazzy Star Drone,"Kg. 0,46",Sciame,No,21/05/2023,IT
51584,03/05/2023,ITA-OAT-00044/000,Nimbus S.r.l. pec: nimbus@pec.nimbus.to.it,Nimbus S.r.l.,PPL418,"Kg. 9,9",006,No,02/06/2023,IT
51451,14/04/2023,ITA-OAT-00043/001,ElyTron Aeronautica S.r.l. pec: elytron1@legalmail.it,Elytron-Aeronautica S.r.l.,Talisman S,"Kg. 24,99",001,No,25/01/2024,IT
51492,12/04/2023,ITA-OAT-00042/000,HPR S.r.l. pec: hprsrl@legalmail.it,DJI,Agras T30,"Kg. 76,5",527BJ9A001001C,No,31/07/2023,IT
51102,03/04/2023,ITA-OAT-00041/000,EasyCity S.r.l.s. pec: easycity@pec.it,DJI,Matrice 300,Kg. 9,1ZNBJ5A00C00CF,Si,31/08/2023,IT
51591,24/03/2023,ITA-OAT-00027/002,FlyingBasket S.r.l. pec: info@pec.flyingbasket.it,FlyingBasket,FB3,Kg. 170,"004, 006, 007, 008, 009, 010, 011, 012, 013",Si,26/09/2023,IT
51569,21/03/2023,ITA-OAT-00040/000,Essentialark S.r.l. pec: essentialark@pec.it,VmDrones,Mazzy Star Drone,"Kg. 0,46",Sciame,No,26/03/2023,IT
51582,16/03/2023,ITA-OAT-00038/000,ABZero S.r.l.s. pec: abzero@pec.it,DroneBase S.r.l.,X800 Pro,Kg. 8,DBX800P-1722,Si,21/12/2023,IT
51583,16/03/2023,ITA-OAT-00039/000,ABZero S.r.l.s. pec: abzero@pec.it,DroneBase,8X1000,"Kg. 24,9",SDBX8-1000P-0522,Si,21/12/2023,IT
51600,13/03/2023,2022/IT-1139/AO/001/Rev.03,Tekever II Autonomous Systems Lda pec: tekever@pec-mail.eu,Tekever UAS SA,AR5 Mk2,Kg. 180,"511, 512",Si,31/12/2023,IT
51362,27/02/2023,ITA-OAT-00037/000,Nimbus S.r.l. pec: nimbus@pec.nimbus.to.it,Nimbus S.r.l.,PPL 612 Plus Evo XL,Kg. 25,009,Si,28/02/2023,IT
51356,24/02/2023,2022/IT-1139/AO/001/Rev.02,Tekever II Autonomous Systems Lda pec: tekever@pec-mail.eu,Tekever UAS SA,AR5 Mk2,Kg. 180,"E508, E509, E511, E512",Si,31/12/2023,IT
51541,30/01/2023,ITA-OAT-00030/001,ABZero S.r.l.s. pec: abzero@pec.it,DroneBase S.r.l.,8X 1000,"Kg. 24,9",DBX8-1000P-0522,Si,09/03/2023,IT
51479,23/12/2022,ITA-OAT-00036/000,AeroVision S.r.l. pec: aerovision@pec.it,UVifY Inc.,Ifo,"Kg. 1,12",Sciame,No,27/12/2022,IT
51506,20/12/2022,ITA-OAT-00027/001,FlyingBasket S.r.l. pec: info@pec.flyingbasket.it,FlyingBasket S.r.l.,FB3,Kg. 170,"004, 006, 008",Si,26/09/2023,IT
51199,15/11/2022,ITA-OAT-00035/000,TopView S.r.l. pec: topview@pec.it,DJI,Matrice 300 RTK,Kg. 9,CCAP2QLPO87OTO,Si,30/11/2022,IT
51200,15/11/2022,ITA-OAT-00032/000,DL Droni S.r.l. pec: dldroni@pec.dldroni.it,DJI,Mavic 2 Enterprise Advanced,"Kg. 0,9",4GCCJCER0B05CL,No,30/11/2022,IT
51201,15/11/2022,ITA-OAT-00033/000,DL Droni S.r.l. pec: dldroni@pec.dldroni.it,DJI,Mavic 2 Enerprise Advanced,"Kg. 0,9",4GCCJ4NR0A07HW,No,30/11/2022,IT
51202,15/11/2022,ITA-OAT-00034/000,DL Droni S.r.l. pec: dldroni@pec.dldroni.it,DJI,Matrice 300 RTK,Kg. 9,1ZNBK4N00C001H,No,30/11/2022,IT
51439,11/11/2022,ITA-OAT-00031/000,EagleProjects S.p.A. pec: eagleprojects@pec.it,Vimdrones,Mazzy Star Drone,"Kg. 4,6",Sciame,No,18/11/2022,IT
51185,06/10/2022,ITA-OAT-00030/000,ABZero S.r.l.s. pec: abzero@pec.it,DroneBase S.r.l.,8X 1000,"Kg. 24,9",DBX8-1000P-0522,Si,09/01/2023,IT
51154,05/10/2022,ITA-OAT-00028/000,SeiKey S.r.l. pec: seikey@pec.it,DJI,Mavic 2 Enterprise Dual,"Kg. 1,1",298CG9PR0A01HR,Si,30/11/2022,IT
51183,05/10/2022,ITA-OAT-00029/000,SeiKey S.r.l. pec: seikey@pec.it,ADPM,ESA EVO,"Kg. 6,5",TIM002-19002,Si,30/11/2022,IT
51228,27/09/2022,2022/027/AO/Rev.00,FlyingBasket S.r.l. pec: info@pec.flyingbasket.it,FlyingBasket,FB3,Kg. 170,"004, 006, 008",Si,26/09/2023,IT
50900,15/09/2022,2022/026/AO/Rev.00,Cognitive Technologies and Services S.r.l. pec: cogtechfstd@pec.it,DJI,Matrice 300 RTK,Kg. 9,1ZNBJ3100C011R,No,30/11/2022,IT
51197,07/09/2022,2022/25/AO/Rev.00,PAT Nucleo SAPR VVF pec: segreteriavvf@pec.provincia.tn.it,DJI,Mavic 2 Enterprise Advanced,"Kg. 1,1",PATVVF012,Si,06/09/2023,IT
51216,07/09/2022,2022/024/AO/Rev.00,ItalDron Air Service S.r.l. pec: italdronairservice@pec.it,C-Astral Aerospace Ltd,SQA,Kg. 10,4001.100.40010,Si,31/10/2022,IT
51148,29/08/2022,2021/13/AO/Rev.01,Sky Eye Systems S.r.l. pec: skyeyesystems@pec.it,Sky Eye System S.r.l.,Rapier X-25,"Kg. 24,9",004skyeye_020921,No,28/08/2023,IT
51193,10/08/2022,2022/023/AO/Rev.00,Ingegneria dei Sistemi S.p.A. (IDS) pec: ids-spa@pec.it,IDS Ingegneria Dei Sistemi,Colibrì SD-b,"Kg. 8,2",C3-00A000,Si,10/08/2023,IT
50680,04/08/2022,2022/22/AO/Rev.00,North West Service S.r.l. pec: nwservice@pec.it,Alpi Aviation,Strix-DF,Kg. 10,VSTX-DF#1,Si,04/08/2023,IT
51191,03/08/2022,2022/21/AO/Rev.00,FlyingBasket S.r.l. pec: info@pec.flyingbasket.it,FlyingBasket,FB3,Kg. 170,"003, 005",Si,02/08/2023,IT
51162,01/08/2022,2022/20/AO/Rev.00,Techno Sky S.r.l. pec: operazioni@technosky.postecert.it,Nimbus S.r.l.,PPL-612 Plus Evo XL,Kg. 25,001,Si,01/08/2023,IT
51158,22/07/2022,2022/019/AO/Rev.00,ItalDron Air Service S.r.l. pec: italdronairservice@pec.it,C-Astral Aerospace Ltd,SQA,Kg. 10,40001.1000.40010,Si,29/07/2022,IT
51186,12/07/2022,2021/IT-1139/AO/003/Rev.06,Leonardo S.p.A. - Divisione Elettronica - Air Service Operator pec: sistemiavioniciespaziali@pec.leonardocompany.com,Leonardo S.p.A. - Divisione Elettronica,Falco MOI,Kg. 650,"0039, 0062",Si,14/01/2023,IT
51064,08/07/2022,2022/18/AO/Rev.00,Techno Sky S.r.l. pec: operazioni@technosky.postecert.it,Nimbus,PPL-612 Plus Evo XL,Kg. 15,"001, 004, 005, 006, 007, 008",No,07/07/2023,IT
51187,07/07/2022,2021/019/AO/Rev.01,TechFly S.n.c. pec: techflysnc@certopec.it,Italdron S.r.l.,8HSE Potenza,Kg. 24,ID8SHE-M23,No,20/11/2022,IT
51221,07/07/2022,2022/17/AO/Rev.01,Unmanned4You S.r.l. pec: u4yousrl@legalmail.it,2B Motori Moderni,Dronocopter,Kg. 25,2BMM_H_R004-02,Si,11/07/2022,IT
51157,06/07/2022,2022/17/AO/Rev.00,Unmanned4You S.r.l. pec: u4yousrl@legalmail.it,2B Motori Moderni,Dronocopter,Kg. 25,2BMM_H_R004-02,Si,08/07/2022,IT
51159,28/06/2022,2022/11/AO/Rev.01,Dronus S.p.A. pec: dronus@pec.it,Dronus,Randon-N,"Kg. 9,5",001,No,29/07/2022,IT
51163,27/06/2022,2021/IT-1139/AO/003/Rev.05,Leonardo S.p.A. - Divisione Elettronica - Air Service Operator pec: sistemiavioniciespaziali@pec.leonardocompany.com,Leonardo S.p.A. - Divisione Elettronica,Falco MOI,Kg. 650,"0039, 0062",Si,14/01/2023,IT
51174,15/06/2022,2022/IT-1139/AO/001/Rev.01,Tekever II Autonomous Systems Lda pec: tekever@pec-mail.eu,Tekever UAS SA,AR5 Mk2,Kg. 180,"E508, E509, E511, E512",Si,31/12/2022,IT
51106,06/06/2022,2022/16/AO/Rev.00,Techno Sky S.r.l. pec: operazioni@technosky.postecert.it,Nimbus S.r.l.,PPL-612 Plus Evo XL,"Kg. 24,9",Various,Si,09/06/2022,IT
51133,30/05/2022,2022/15/AO/Rev.00,UMS Skeldar AG pec: distretto@pec.dtascarl.it,UMS Skeldar,V-150 C,Kg. 150,"001, 002",Si,15/05/2023,IT
50524,26/05/2022,2022/12/AO/Rev.00,AiViewGroup S.r.l. pec: pec@pec.aiviewgroup.com,MsHeli,MSH850,Kg. 8,MSH850-APR-001,Si,25/05/2023,IT
50786,26/05/2022,2022/13/AO/Rev.00,AiViewGroup S.r.l. pec: pec@pec.aiviewgroup.com,Autel Robotics,Evo 2 Dual,"Kg. 1,19",H9R920435504,Si,25/05/2023,IT
50787,26/05/2022,2022/14/AO/Rev.00,AiViewGroup S.r.l. pec: pec@pec.aiviewgroup.com,DJI,Matrice 210 RTK,Kg. 7,AIV-APR-009,Si,25/05/2023,IT
51147,24/05/2022,2022/11/AO/Rev.00,Dronus S.p.A. pec: dronus@pec.it,Dronus,Randon-N s/n 001,"Kg. 9,5",001,No,25/05/2022,IT
50609,03/05/2022,2022/10/AO/Rev.00,Laura Dainelli pec: scuoladronigenova@europec.it,DJI,Inspire,"Kg. 3,06",W13DDA12060920,Si,02/05/2023,IT
51137,27/04/2022,2021/017/AO/Rev.01,FlyingBasket S.r.l. pec: info@pec.flyingbasket.it,FlyingBasket,FB3,Kg. 170,"001, 002, 004, 005",Si,10/11/2022,IT
51132,26/04/2022,2022/09/AO/Rev.00,AeroVision S.r.l. pec: aerovision@pec.it,FireFly,FireFly-V1.0,"Kg. 1,04",300 FireFly-V1.0,No,27/04/2022,IT
51089,21/04/2022,2022/008/AO/Rev.00,Dronus S.p.A. pec: dronus@pec.it,Dronus,Radon-N,"Kg. 9,5",001,Si,06/05/2022,IT
51053,05/04/2022,2022/IT-1139/AO/001/Rev.00,Tekever II Autonomous Systems Lda pec: tekever@pec-mail.eu,Tekever,AR5 Mk2,Kg. 180,"508, 509, 511, 512",Si,31/12/2022,IT
51105,04/04/2022,2022/07/AO/Rev.00,AeroVision S.r.l. pec: aerovision@pec.it,Parrot,Bebop 2,"Kg. 0,79",300,No,06/04/2022,IT
51010,25/03/2022,2022/06/AO/Rev.00,Aermatica3D S.r.l. pec: aermatica3d@pec.it,DJI,Mavic 2 Enterprise Advanced,"Kg. 1,1",UAMV00077,Si,25/03/2023,IT
51110,24/03/2022,2022/04/AO/Rev.01,Skyte S.r.l. pec: skyte@pec.it,Italdron S.r.l.,8HSE Potenza,Kg. 24,D8HSE-M23,No,01/01/2023,IT
50965,23/03/2022,2022/05/AO/Rev.00,SeiKey S.r.l. pec: seikey@pec.it,ADPM,ESA Evo,"Kg. 6,5",TIM002-19002,Si,29/07/2022,IT
51113,23/03/2022,2021/021/AO/Rev.01,Be-Link S.r.l. pec: be-link@pec.it,Be-Link S.r.l.,BL-Talon-180,"Kg. 2,5",001 BL-FW-001-APR,Si,31/05/2022,IT
51103,08/03/2022,2021/IT-1139/AO/003/Rev.04,Leonardo S.p.A. - Divisione Elettronica - Air Service Operator pec: sistemiavioniciespaziali@pec.leonardocompany.com,Leonardo S.p.A. - Divisione Elettronica,Falco Moi,Kg. 650,"0039, 0062",Si,30/06/2022,IT
50911,02/03/2022,2022/04/AO/Rev.00,Skyte S.r.l. pec: skyte@pec.it,ItalDron S.r.l.,8HSE Potenza,Kg. 24,ID8HSE-M23,No,01/01/2023,IT
51098,23/02/2022,AO No. 2021/IT-1139/AO/003/Rev.03,Leonardo S.p.A. - Divisione Elettronica - Air Service Operator pec: sistemiavioniciespaziali@pec.leonardocompany.com,Leonardo Divisione Elettronica,Falco MOI,Kg. 650,"0039, 0062",Si,30/06/2022,IT
51085,31/01/2022,2021/018/AO/Rev.01,InRete Distribuzione Energia S.p.A. pec: inrete_distribuzione@legalmail.it,DJI,Matrice M300 RTK,Kg. 9,#C013U,Si,28/11/2022,IT
50973,27/01/2022,2022/03/AO/Rev.00,Romagna Acque - Società delle Fonti S.p.A. pec: mail@pec.romagnacque.it,APR Italia S.r.l.,Tethys,Kg. 40,Tethys-01,No,26/01/2023,IT
51072,26/01/2022,2021/IT-1139/AO/003/Rev.02,Leonardo S.p.A. - Divisione Elettronica - Air Service Operator pec: sistemiavioniciespaziali@pec.leonardocompany.com,Leonardo Divisione Eletronica,Falco MOI,Kg. 650,"0039, 0062",Si,30/06/2022,IT
50809,19/01/2022,2022/01/AO/Rev.00,e-distribuzione S.p.A. pec: e-distribuzione@pec.e-distribuzione.it,DJI,Mavic 2 Enterprise Dual,"Kg. 1,1",Vari,Si,18/01/2023,IT
50810,19/01/2022,2022/02/AO/Rev.00,e-distribuzione S.p.A. pec: e-distribuzione@pec.e-distribuzione.it,DJI,Dual Matrice 200 V2,"Kg. 6,14",Vari,Si,18/01/2023,IT
50625,20/12/2021,2021/021/AO/Rev.00,Be-Link S.r.l. pec: be-link@pec.it,Be-Link S.r.l.,BL-Talon-180,"Kg. 2,5",BL-FW-001-APR,Si,19/03/2022,IT
50558,10/12/2021,2021/020/AO/Rev.00,ElyTron Aeronautica S.r.l. pec: elytron1@legalmail.it,Elytron Aeronautica S.r.l.,Talisman,"Kg. 24,99",001,No,09/12/2022,IT
50687,01/12/2021,2021/019/AO/Rev.00,TechFly S.n.c. pec: techflysnc@certopec.it,ItalDron S.r.l.,8HSE Potenza,Kg. 24,ID8HSE-M23,No,30/11/2022,IT
50438,29/11/2021,2021/18/AO/Rev.00,InRete Distribuzione Energia S.p.A. pec: inrete_distribuzione@legalmail.it,DJI,Matrice M300 RTK,Kg. 9,#C013EU,Si,28/11/2022,IT
50913,15/11/2021,2021/017/AO/Rev.00,FlyingBasket S.r.l. pec: info@pec.flyingbasket.it,FlyinBasket S.r.l.,FB3,Kg. 170,"001, 002, 004, 005",Si,14/07/2022,IT
51014,15/11/2021,2021/012/AO/Rev.02,FlyingBasket S.r.l. pec: info@pec.flyingbasket.it,FlyingBasket S.r.l.,FB3,Kg. 160,003,Si,10/11/2022,IT
51004,10/11/2021,2021/IT-1139/AO/003/Rev.01,Leonardo S.p.A. - Divisione Elettronica - Air Service Operator pec: sistemiavioniciespaziali@pec.leonardocompany.com,Leonardo S.p.A. - Divisione Elettronica,Falco MOI,Kg. 650,"0039, 0062",Si,30/06/2022,IT
50976,22/10/2021,2021/016/AO/Rev.00,AeroVision S.r.l. pec: aerovision@pec.it,Parrot,Bepop2,"Kg. 0,79",Sciame,No,26/10/2021,IT
50951,19/10/2021,2021/015/AO/Rev.00,ReD Tech S.r.l. pec: augustoclaudio.derghi@legalmail.it,DJI,Matrice 210 V1,"Kg. 6,14",ReD-Tech MA210-V1 (095XF9R00200CS-0JFK6009R6),Si,18/10/2022,IT
50972,08/10/2021,2021/012/AO/Rev.01,FlyingBasket S.r.l. pec: info@pec.flyingbasket.it,FlyingBasket S.r.l.,FB3,Kg. 160,"001, 003, 004",Si,14/07/2022,IT
50648,10/09/2021,2021/014/AO,TeSI S.r.l.  Tecnologie e Servizi Innovativi pec: tesiaero@pec.it,TeSI S.r.l.,Milvus,Kg. 65,X01,No,08/09/2022,IT
50773,03/09/2021,2021/013/AO,Sky Eye Systems S.r.l. pec: skyeyesystems@pec.it,Sky Eye Systems S.r.l.,Rapier X-25,"Kg. 24,9",004skyeye_020921,No,01/09/2022,IT
50854,15/07/2021,2021/012/AO,FlyingBasket S.r.l. pec: info@pec.flyingbasket.it,FlyingBasket S.r.l.,FB3,Kg. 160,"001, 003, 004",Si,14/07/2022,IT
50844,14/07/2021,2021/IT-1139/AO/003,Leonardo S.p.A. - Divisione Elettronica - Air Service Operator pec: sistemiavioniciespaziali@pec.leonardocompany.com,Leonardo S.p.A. - Divisione Elettronica,Falco MOI,Kg. 650,"0039, 0062",Si,30/06/2022,IT
50864,06/07/2021,2021/011/AO,Techno Sky S.r.l. pec: operazioni@technosky.postecert.it,Nimbus S.r.l.,PPL-612 Plus Evo XL,Kg. 15,"001, 004",No,31/07/2022,IT
8575,30/06/2021,2021/010/AO,Redam S.r.l. pec: redam@pec.it,Redam S.r.l.,E-Pteron,Kg. 50,001,No,23/06/2022,IT
50681,01/06/2021,2021/009/AO,UMS Skeldar AG pec: distretto@pec.dtascarl.it,UMS Skeldar,V-150 C,Kg. 150,001,Si,25/06/2021,IT
50586,14/05/2021,2021/008/AO,SiraLab Robotics S.r.l. pec: siralab@pec.it,Siralab,Radon SV,"Kg. 8,5",001,Si,28/05/2021,IT
50597,14/05/2021,2021/IT-1139/AO/002,Tekever II Autonomous Systems Lda pec: tekever@pec-mail.eu,Tekever Autonomous Systems Lda,Tekever Autonomous Systems Lda AR5,Kg. 180,E503,Si,31/12/2021,IT
50700,30/04/2021,2021/IT-1139/AO/001,Leonardo S.p.A. - Divisione Elettronica - Air Service Operator pec: sistemiavioniciespaziali@pec.leonardocompany.com,Leonardo S.p.A. - Divisione Elettronica,Falco MOI,Kg. 650,"0039, 0062",Si,30/06/2022,IT
50765,20/04/2021,2021/007/AO,FlyingBasket S.r.l. pec: info@pec.flyingbasket.it,FlyingBasket S.r.l.,FB3,Kg. 160,002,No,26/07/2021,IT
50725,07/04/2021,2021/006/AO,FlyingBasket S.r.l. pec: info@pec.flyingbasket.it,FlyingBasket S.r.l.,FB3,Kg. 160,"001, 003",No,22/02/2022,IT
50531,02/04/2021,2021/005/AO,SeiKey S.r.l. pec: seikey@pec.it,Acecore Technologies,UA Acecore NOA GCS AC-GS,"Kg. 24,9",APR s/n SK_NOA_01 GCS s/n AC-GS-1100,No,31/03/2022,IT
50389,17/03/2021,2021/004/AO,ItalDron S.r.l. pec: italdronsrl@legalmail.it,ItalDron S.r.l.,Titan,Kg. 5,"IDTitan-M42, ID4Titan-M44",No,18/04/2021,IT
50566,02/03/2021,2021/002/AO,DL Droni S.r.l. pec: dldroni@pec.dldroni.it,DJI,M300-RTK,Kg. 9,DL-M300,Si,26/02/2022,IT
50656,02/03/2021,2021/003/AO,AP74 S.r.l. pec: ap74@pec.it,DJI,M300 RTK,Kg. 9,AP74-M300-001,Si,28/02/2022,IT
50666,23/02/2021,2021/001/AO,FlyingBasket S.r.l. pec: info@pec.flyingbasket.it,FlyingBasket S.r.l.,FB3,Kg. 160,001,No,06/04/2021,IT
