Date of Issuance,Expiration Date,Company Name,Responsible Person,Waivered Regulation,Country
2026-03-11,2030-03-31,Sentinel Robotic Solutions,Jason Taylor,"107.31, 107.33",US
2026-03-10,2030-03-31,Santee Cooper,Bradley Malone,"107.31, 107.35, 107.51(c), 107.51(d)",US
2026-03-10,2030-03-31,Duke Energy Aviation Services,Alex Justice,"107.31, 107.35, 107.51(c), 107.51(d)",US
2026-03-09,2030-03-31,Black Bear Drone Services LLC,Jerrad Coffin,"107.31, 107.33",US
2026-03-09,2029-07-31,Flying Lion Inc.,James Richardson,"107.31, 107.33, 107.35, 107.51(c), 107.51(d)",US
2026-03-09,2030-03-31,"Rummel, Klepper, & Kahl, LLP",Alexander Hall,107.31,US
2026-03-09,2026-12-31,Chevron,Kasten Despaux,"107.31, 107.33",US
2026-03-09,2030-03-31,TraceAir Technologies,Joel Sherman,107.31,US
2026-03-09,2030-03-31,Aero Velocity,Seth Allen,"107.31, 107.33, 107.145",US
2026-03-09,2028-10-31,Pacific Gas and Electric,Kellen Kirk,"107.31, 107.39, 107.145",US
2026-03-09,2027-06-30,BNSF Railway,Brent W. York,"107.31, 107.35, 107.39, 107.51(c), 107.51(d), 107.145",US
2026-03-09,2030-03-31,Frontier Precision,Wyatt Robbins,107.31,US
2026-03-05,2030-03-31,Pacific Fieldworks LLC,Kevin Palumbo,"107.31, 107.35",US
2026-03-05,2030-03-31,Orlando Police Department,Eric Smith,"107.31, 107.39, 107.145",US
2026-03-04,2030-03-31,Rollinsford Police Department,Mitchell Brooks,"107.31, 107.39, 107.145",US
2026-03-04,2030-03-31,University of St. Thomas Police Department,Heliman Jenkins,"107.31, 107.39, 107.145",US
2026-03-03,2029-11-30,UMD UAS Research and Operations Center,Grant Williams,"107.31, 107.35",US
2026-03-03,2030-03-31,Cleburne County Sheriff's Office,Dalton Wayne Sims,"107.31, 107.39, 107.145",US
2026-03-03,2030-03-31,Fort Lee Police Department,Joseph Zevits,"107.31, 107.39, 107.145",US
2026-03-03,2030-03-31,Vanderbilt University Police Department,Patrick Sean Conwell,"107.31, 107.39, 107.145",US
2026-03-03,2030-03-31,Santa Barbara Sheriff's Office,Cliff Cabasag,"107.31, 107.39, 107.145",US
2026-03-03,2030-03-31,North St. Paul Police Department,Ray Rozales,"107.31, 107.39, 107.145",US
2026-03-02,2030-03-31,Protocol UAS,Robert Knochenhauer,"107.31, 107.33, 107.39, 107.145",US
2026-02-26,2029-06-30,SUNY Upstate,Sebastian Ibanez,"107.145, 107.31, 107.39",US
2026-02-25,2030-02-28,Morning Star,Shane Eccles,107.31,US
2026-02-23,2030-02-28,ResilienX,Angelo Niforatos,107.31,US
2026-02-23,2030-02-28,R.B. Jergens,Peyton Smith,"107.31, 107.33",US
2026-02-19,2030-02-28,MassDOT Aeronautics,Christopher Bailey,"107.31, 107.33, 107.39, 107.145",US
2026-02-19,2030-02-28,American Electric Power,Patrick Rackley,"107.31, 107.33, 107.39, 107.145",US
2026-02-17,2030-02-28,ComEd UxS Program,Victor Hugo Migliore,107.31,US
2026-02-15,2029-03-31,Rainmaker Technology Corporation,Sam Kim,"107.31, 107.33, 107.51(c), 107.51(d)",US
2026-02-13,2030-02-28,R.B. Jergens,Peyton Smith,"107.31, 107.33",US
2026-02-13,2030-02-28,Flock Group Inc,Kaleb Gould,107.31,US
2026-02-12,2030-02-28,Dominion Energy Unmanned Systems Group,Thomas F Butler,"107.31, 107.33",US
2026-02-11,2030-02-28,Kentucky Transportation Cabinet,Samuel Turner,107.31,US
2026-02-11,2030-02-28,Mesa Associates Inc,Lance Geren,"107.31. 107.33, 107.39, 107.145",US
2026-02-11,2030-02-28,Humphreys County Sheriff’s Office,Jason DeMark,"107.31, 107.39, 107.145",US
2026-02-11,2030-02-28,Pine County Sheriff's Office,Bradley Carlson,"107.31, 107.39, 107.145",US
2026-02-11,2030-02-28,University of Connecticut Fire Department,Christopher Renshaw,"107.31, 107.39, 107.145",US
2026-02-11,2030-02-28,"University of Maryland, Baltimore Office of Emergency Management",Christopher Stanton,"107.31, 107.39, 107.145",US
2026-02-11,2030-02-28,Richfield Fire Department,Gregory West,"107.31, 107.39, 107.145",US
2026-02-11,2030-02-28,Burlington Police Department,Kyle Yeh,"107.31, 107.39, 107.145",US
2026-02-11,2030-02-28,Strafford County Sheriff's Office,Justin Bellen,"107.31, 107.39, 107.145",US
2026-02-11,2030-02-28,Salisbury Police Department,Timothy Justin Crews,"107.31, 107.39, 107.145",US
2026-02-06,2030-02-28,FireBot Labs Inc.,Jonathan Collazo,"107.145, 107.31, 107.39",US
2026-02-06,2030-02-28,The Ohio Department of Transportation,Richard Fox,"107.145, 107.31, 107.35, 107.39, 107.51(c), 107.51(d)",US
2026-02-05,2030-02-28,AECOM Hunt,Austin Kappes,"107.31, 107.33",US
2026-02-05,2028-01-31,New Jersey Transit Corporation,Andrew Schwartz,"107.145, 107.31, 107.33, 107.39",US
2026-02-04,2029-09-30,Maverick Drone Systems LLC,Brooke Miller,107.31,US
2026-02-04,2030-02-28,Dominion Energy Unmanned Systems Group,Thomas Butler,"107.31, 107.33, 107.39, 107.145",US
2026-02-03,2030-02-28,Trust Automation Inc,Glenn Johnson,"107.31, 107.33",US
2026-02-03,2030-02-28,IOHK Drone Program,Marvin Browning,"107.31, 107.33",US
2026-02-03,2027-01-27,AirFoxPhotographyLLC,John Buvala,107.31,US
2026-02-02,2030-02-28,"[Amazon.com Services, LLC's](Amazon)",Christopher Morrow,"107.145, 107.31, 107.35, 107.39, 107.51(c), 107.51(d)",US
2026-02-02,2030-02-28,Orangeburg County Fire District,Teddy D Wolfe,"107.31, 107.39, 107.145",US
2026-02-01,2026-12-31,"Matador UAS Logistics, LLC",Catherine Self,107.31,US
2026-01-31,2030-01-31,Matternet,Alexander Norman-Elvenich,"107.31, 107.33, 107.35",US
2026-01-30,2029-11-30,GCU Public Safety Drone Team,Robert Kuhn,"107.145, 107.31, 107.39, 107.51(c), 107.51(d)",US
2026-01-30,2030-01-31,CHS INC,Jeff Goetzke,107.31,US
2026-01-30,2029-05-31,"Enel North America, Inc.",William Portash,107.31,US
2026-01-29,2029-01-31,Blue Ridge Electric Membership Corporation,Dallas Goodnight,"107.31, 107.33",US
2026-01-29,2029-01-31,SkyMul,Eohan George,107.31,US
2026-01-28,2029-10-31,FireBot Labs Inc.,Jonathan Collazo,"107.145, 107.31, 107.39",US
2026-01-28,2027-01-31,"SB Flight Training, LLC",Devon Edwards,"107.31, 107.33, 107.35",US
2026-01-28,2030-01-31,Artesia Police Department,Anthony Dean Heady,"107.31, 107.39, 107.145",US
2026-01-28,2030-01-31,Albemarle County Fire Rescue,Micaiah Joseph Ledford,"107.31, 107.39, 107.145",US
2026-01-27,2030-01-31,Deus X Defense,Rob Robertson,"107.145, 107.31, 107.39",US
2026-01-23,2028-01-22,NOAA,Clinton Dykes,"107.31, 107.33(b) & (c)(2), 107.51(b)",US
2026-01-22,2030-01-31,Flowery Branch Police Department,Ricky Whaley,"107.31, 107.39, 107.145",US
2026-01-21,2030-01-31,Kerrville Police Department,Jeffery Wayne Robitaille,"107.31, 107.39, 107.145",US
2026-01-21,2030-01-31,University of Rochester Department of Public Safety,Joshua McCartan,"107.31, 107.39, 107.145",US
2026-01-21,2030-01-31,Bedford County Sheriff's Office,Ronald Chivas-Clayton,"107.31, 107.39, 107.145",US
2026-01-21,2030-01-31,Ogunquit Fire Department,Russell F Osgood,"107.31, 107.39, 107.145",US
2026-01-20,2030-01-31,"Eagle-Eye Aerial Solutions, LLC",Samuel Adams,"107.145, 107.31, 107.33, 107.39",US
2026-01-20,2030-01-31,Pueblo of Pojoaque Police Department,John Curran,"107.31, 107.39, 107.145",US
2026-01-14,2030-01-31,Enhanced Patrol LLC,Jonathan Frith,"107.145, 107.31, 107.35, 107.39",US
2026-01-12,2030-01-31,Levit Inc.,Ramasadagopan Periathiruvadi,107.31,US
2026-01-12,2029-08-31,Eye-bot Aerial Solutions,Chris Dolly,"107.31, 107.33",US
2026-01-12,2030-01-31,Edge Consulting Engineers,Lucas Fiene,107.31,US
2026-01-12,2030-01-31,PowderSkiPatrol,John Sohl,"107.31, 107.33, 107.51(c), 107.51(d)",US
2026-01-08,2028-12-31,National Grid Aviation Department,Jon Thies,"107.145, 107.31, 107.33, 107.39, 107.51(c), 107.51(d)",US
2026-01-07,2028-10-31,"Titan Monitoring, Inc.",Thomas Keary,"107.31, 107.35",US
2026-01-07,2030-01-31,New York Power Authority,Peter Kalaitzidis,"107.31, 107.35, 107.51(c), 107.51(d)",US
2026-01-07,2030-01-31,HF Sinclair,Raymond Debita,107.31,US
2026-01-05,2029-09-30,Vyanet Operating Group Inc,Charles Karlewicz,107.31,US
2026-01-05,2029-08-31,Arch Aerial LLC,Julien Alameda,"107.25, 107.31, 107.33",US
2026-01-05,2029-09-30,ResilienX Inc.,Angelo Niforatos,"107.31, 107.33",US
2026-01-05,2030-01-31,"Douglas County Search and Rescue Team, Inc.",Darren Keralla,"107.145, 107.31, 107.39",US
2025-12-23,2029-05-31,"LandSkyAI, LLC",Camryn Huff,"107.145, 107.31, 107.39, 107.51(c)",US
2025-12-23,2028-04-30,Raptor Maps Inc.,Andre Louis-Ferdinand,"107.31, 107.35",US
2025-12-19,2029-12-31,Minooka Fire Protection District,Matthew Feinberg,"107.145, 107.31, 107.39",US
2025-12-18,2026-06-30,"SkyReach Drones, LLC",Ryan White,"107.31, 107.33",US
2025-12-18,2028-10-31,Wiggins Family LLC,Joseph Wiggins,107.31,US
2025-12-18,2029-12-31,Level Ascent Solutions LLC,Heather Moran,107.31,US
2025-12-18,2029-12-31,Lyondellbasell,Bryan Salazar,"107.31, 107.33",US
2025-12-18,2026-12-31,HSV MW,Nathaniel Forton,"107.31, 107.33",US
2025-12-17,2029-12-31,American Water,Edward Beckendorf,107.31,US
2025-12-17,2029-11-30,HF Sinclair,Ezekiel Naifeh,107.31,US
2025-12-16,2029-12-31,Granite Defense Technologies,Tom Prentice,107.31,US
2025-12-12,2029-09-30,Airspace Link,Alberto Post,107.31,US
2025-12-11,2029-12-31,Prince William County Police Department,Samuel Dixon,"107.145, 107.31, 107.39",US
2025-12-09,2029-12-31,Union County Emergency Management,Lee Brannon,"107.145, 107.31, 107.39",US
2025-12-08,2029-12-31,Piedmont Police Department,Michael Clark,"107.145, 107.31, 107.39",US
2025-12-08,2029-12-31,Milam County Sheriff's Office,John Helenberg,"107.145, 107.31, 107.39",US
2025-12-08,2029-12-31,Racine Police Department,Jacob Ulickey,"107.145, 107.31, 107.39",US
2025-12-08,2029-12-31,Commissioners of Public Works of the City of Greenville,Brad Treas,107.31,US
2025-12-05,2027-12-04,Leidos Inc,Clarence Shockley,"107.31, 107.33, 107.51(a), 107.51(b)",US
2025-12-05,2027-12-04,ISAR Services,Clarence Shockley,"107.31, 107.33, 107.51(a), 107.51(b)",US
2025-12-04,2027-06-30,Grand Sky Airfield Operations LLC,Aaron Sykes,"107.31, 107.51(b), 107.51(c), 107.51(d)",US
2025-12-03,2029-12-31,GBR Drone and Robotics Team (DART),Noel Silva,107.31,US
2025-12-03,2028-06-30,ISight Drone Services,Jackson Frankenhoff,107.31,US
2025-12-02,2029-12-31,Addieville Community Fire Protection District,Daniel Savard,"107.145, 107.31, 107.39",US
2025-12-01,2027-11-07,Firmatek Team,Lauren Morin,"107.31, 107.51(b)",US
2025-12-01,2029-08-31,Overhead Intelligence,Roger ONeill,"107.31, 107.33",US
2025-12-01,2029-12-31,NiSource Corporate Services Company,Bryan Buchelt,107.31,US
2025-11-19,2027-07-02,Zipline International Inc.,Michael Rigby,"107.31, 107.35, 107.51(b), 107.51(c), 107.51(d)",US
2025-11-19,2029-11-30,Crawfordsville Police Department,Luke McVay,"107.145, 107.31, 107.39",US
2025-11-19,2029-11-30,New York City Office of Technology & Innovation,Charles Watts,"107.145, 107.31, 107.39, 107.51(c), 107.51(d)",US
2025-11-18,2029-11-30,2A Tactical,Robert Russell,"107.31, 107.33",US
2025-11-18,2029-11-30,Netarts Oceanside RFPD,Jeff McBrayer,"107.145, 107.31, 107.39",US
2025-11-18,2029-11-30,Hex Inc.,Curtis Lary,107.31,US
2025-11-13,2029-11-30,Watchung Police Department,Sherif Zaiton,"107.145, 107.31, 107.39",US
2025-11-13,2029-02-28,LJA,Robert Wilhite,"107.31, 107.33",US
2025-11-13,2029-02-28,BGE UAS,Andrew McCauley,107.31,US
2025-11-12,2029-11-30,Public Service Company of New Mexico,Jacob Guin,107.31,US
2025-11-12,2027-04-11,Kennecott Utah Copper LLC,Dylan Bloechel,"107.145, 107.31, 107.33, 107.39, 107.51(b)",US
2025-11-12,2029-11-30,Cannon Beach Police Department,Joseph Bowman,"107.145, 107.31, 107.39",US
2025-11-12,2029-11-30,Hennepin Healthcare EMS,Tyler Lupkes,"107.145, 107.31, 107.39",US
2025-11-12,2029-11-30,Nevada County Sheriff,Dustin Moe,"107.145, 107.31, 107.39",US
2025-11-12,2029-11-30,Teays Valley Fire Department,Joseph Puterbaugh,"107.145, 107.31, 107.39",US
2025-11-12,2029-11-30,Cass County Emergency Management Agency,Rocky Buffum,"107.145, 107.31, 107.39",US
2025-11-12,2029-11-30,Old Lycoming Volunteer Fire Company,Joseph Hope,"107.145, 107.31, 107.39",US
2025-11-12,2029-11-30,City of Sartell Public Safety Division,John Lester,"107.145, 107.31, 107.39",US
2025-11-12,2029-11-30,Somerset County Sheriff Office,Lemuel White,"107.145, 107.31, 107.39",US
2025-11-12,2029-11-30,City of New Bern Aviation Unit,Aaron Williams,"107.145, 107.31, 107.39",US
2025-11-12,2029-11-30,Skyland Fire and Rescue,Zach Cicillian,"107.145, 107.31, 107.39",US
2025-11-12,2028-12-31,Percepto Robotics Inc.,Raviv Raz,"107.145, 107.31, 107.35, 107.39",US
2025-11-07,2027-04-30,Percepto Robotics Inc.,Raviv Raz,"107.145, 107.31, 107.35, 107.39",US
2025-11-06,2028-03-31,Moss Photography,Victor Moss,107.31,US
2025-11-05,2029-11-30,BHE Renewables LLC,Caleb Kiser,107.31,US
2025-11-05,2029-02-28,Xcel Energy,Zachary Roach,"107.31, 107.33, 107.35",US
2025-11-03,2029-07-31,Baldwin County Sheriff's Office,Jerome Roberts,"107.145, 107.31, 107.39",US
2025-11-01,2029-11-30,Starkville Police Department,Robert Eguires,"107.145, 107.31, 107.39",US
2025-10-29,2029-04-30,El Paso County Search and Rescue UAS,Patrick Kerscher,"107.31, 107.39, 107.51(c), 107.51(d)",US
2025-10-29,2028-01-31,Zipline International Inc.,Michael Rigby,"107.31, 107.33, 107.35, 107.51(c), 107.51(d)",US
2025-10-28,2029-03-31,Layton Construction,Austin Lay,"107.31, 107.33",US
2025-10-28,2028-05-31,BGE UAS,Andrew McCauley,107.31,US
2025-10-28,2029-10-31,"TraceAir Technologies, LLC",Joel Sherman,107.31,US
2025-10-28,2029-10-31,Skyfire AI,Bruce Hudson,107.31,US
2025-10-28,2029-10-31,Denver Water,Ian Oliver,107.31,US
2025-10-23,2029-08-31,Island Conservation,Austin Hall,"107.31, 107.33, 107.51(c), 107.51(d)",US
2025-10-23,2029-10-31,"JV Farms, Inc.",Trevor Adams,"107.31, 107.33",US
2025-10-22,2029-10-31,LuluPepper Media LLC,Randall Langton,"107.145, 107.31, 107.33, 107.39",US
2025-10-22,2029-10-31,Avista Utilities,Nick Lasko,"107.145, 107.31, 107.33, 107.39",US
2025-10-21,2029-05-31,Cyberhawk Inc,Scott Lashmit,107.31,US
2025-10-20,2029-10-31,North Port Police Department,Mike Laden,"107.145, 107.31, 107.39",US
2025-10-20,2029-10-31,Monument Fire,Franz Hankins,"107.145, 107.31, 107.39",US
2025-10-20,2029-10-31,"[Amazon.com Services, LLC's](Amazon)",Christopher Morrow,107.31,US
2025-10-17,2029-10-31,Columbus County Emergency Services UAS Program,Jonathan Juhl,"107.145, 107.31, 107.39",US
2025-10-16,2029-10-31,Eugene Police Department,Kyle Williams,"107.145, 107.31, 107.39",US
2025-10-16,2029-10-31,Middlesex County Prosecutor's Office,Nicholas Chiorello,"107.145, 107.31, 107.39",US
2025-10-16,2029-10-31,Lewisville Vol Fire Department,David Kivett,"107.145, 107.31, 107.39",US
2025-10-16,2029-10-31,Dixon Police Department,Mick Geisser,"107.145, 107.31, 107.39",US
2025-10-16,2029-10-31,Clinton PD,Joseph Lefebvre,"107.145, 107.31, 107.39",US
2025-10-16,2029-10-31,Valley Fire & Rescue,Zachary Adkins,"107.145, 107.31, 107.39",US
2025-10-16,2029-10-31,Town of Perinton,John Overacker,"107.145, 107.31, 107.39",US
2025-10-16,2029-10-31,Worthington Division of Police,Jeffrey Kubasek,"107.145, 107.31, 107.39",US
2025-10-16,2029-10-31,City of Lexington,Tyler Redd,"107.145, 107.31, 107.39",US
2025-09-30,2028-08-31,"ONEOK, Inc.",Jim Arrowood,107.31,US
2025-09-30,2029-09-30,Talon Aerolytics,Ryan Robb Joseph,107.31,US
2025-09-30,2029-09-30,Avol Inc.,Matthew Sargeant,"107.145, 107.31, 107.33, 107.39",US
2025-09-29,2029-09-30,Grosse Pointe Farms DPS,Michael Ryan,"107.145, 107.31, 107.39",US
2025-09-29,2029-09-30,Montgomery County Sheriff's Office,Shelby Curtis,"107.145, 107.31, 107.39",US
2025-09-29,2029-09-30,New York State Canal Corporation,Matthew Lengel,107.31,US
2025-09-29,2029-09-30,Giddings Police Department,William Weems,"107.145, 107.31, 107.39",US
2025-09-29,2029-09-30,Laurel Mountain K9 Search and Rescue,Joseph Rhinier,"107.145, 107.31, 107.39",US
2025-09-29,2029-09-30,Solano County Sheriff’s Office,Jackson Harris,"107.145, 107.31, 107.39",US
2025-09-29,2029-03-31,FOS Drones LLC,Matt Kalscheuer,107.31,US
2025-09-25,2029-09-30,"Top Flavor Farms, Inc.",Cesar Avila,107.31,US
2025-09-25,2029-05-31,Southern California Edison,Robert Ford,107.31,US
2025-09-25,2029-09-30,Brandon Karr (DroneSense),Brandon Karr,107.31,US
2025-09-25,2029-06-30,Falcon Unmanned Systems,Eric Ebert,"107.145, 107.31, 107.35, 107.39",US
2025-09-24,2029-09-30,Flogistix,David Martinez,"107.25, 107.31",US
2025-09-23,2029-09-30,Echodyne,Leo Del Castillo,107.31,US
2025-09-23,2029-09-30,Marathon Petroleum Co,Brandon DuMontier,107.31,US
2025-09-23,2029-09-30,Red Bay Police Department,Janna Jackson,"107.145, 107.31, 107.39",US
2025-09-23,2029-09-30,Iowa County Emergency Management,Josh Humphrey,"107.145, 107.31, 107.39",US
2025-09-23,2029-07-31,"AT&T Services, Inc.",Arthur Hernandez,107.31,US
2025-09-23,2029-09-30,Morgan Mill Volunteer Fire Department,Aaron Jones,"107.145, 107.31, 107.39",US
2025-09-22,2029-09-30,Americus Police Department,Joshua Greene,"107.145, 107.31, 107.39",US
2025-09-22,2029-09-30,Whitestown Metropolitan Police Department,Christopher Fischer,"107.145, 107.31, 107.39",US
2025-09-22,2029-09-30,EDKO LLC,Justin Anderson,"107.31, 107.33",US
2025-09-22,2027-09-30,Pilot Institute,Jason Wood,"107.31, 107.33, 107.51(b)",US
2025-09-18,2029-01-31,Southern California Edison,Robert John Ford,107.31,US
2025-09-18,2027-09-17,"SB Flight Training, LLC",Devon Edwards,"107.31, 107.33, 107.51(b)",US
2025-09-17,2028-08-31,Terabase Energy,Mason McGinty,"107.145, 107.31, 107.35, 107.39",US
2025-09-16,2029-09-30,Las Vegas Metropolitan Police Department,Steve Oscar,"107.145, 107.31, 107.35, 107.39, 107.51(c), 107.51(d)",US
2025-09-15,2029-09-30,Derry Township Police Department,Dennis Eckenrode,"107.145, 107.31, 107.39",US
2025-09-15,2029-09-30,Blip Delivery Inc,Aharon Levi,"107.31, 107.35",US
2025-09-10,2029-09-30,Hampton Township Public Safety,Ryan Neveau,"107.145, 107.31, 107.39",US
2025-09-10,2029-09-30,City of Whiteville Fire Department,Jeremy Hooks,"107.145, 107.31, 107.39",US
2025-09-10,2029-09-30,Normal Police Department,Ethan Weniger,"107.145, 107.31, 107.39",US
2025-09-10,2026-06-01,"FlyGuys, Inc.",Luke Butler,107.31,US
2025-09-10,2029-09-30,Bronto,Daniel Landry,107.31,US
2025-09-10,2029-09-30,Valero Energy Corporation,Ben Lewis,107.31,US
2025-09-04,2029-09-30,OVRAIR,Tyler Friend,107.31,US
2025-09-04,2029-09-30,JOSEPH,Joseph Ghiorso,107.31,US
2025-09-02,2029-09-30,Wing,Chris Jackman,"107.145, 107.31, 107.33, 107.35, 107.39, 107.51(c), 107.51(d)",US
2025-09-02,2029-09-30,OVRWatch,Rhys Andersen,"107.31, 107.33",US
2025-09-02,2029-09-30,NC State University,Justin Macialek,107.31,US
2025-09-01,2029-09-30,Overhead Intelligence,Roger ONeill,"107.31, 107.33",US
2025-08-27,2029-08-31,Robotic Services,Joseph Boucher,"107.31, 107.33",US
2025-08-27,2028-05-31,Matternet,Alexander Norman-Elvenich,"107.145, 107.31, 107.33, 107.35, 107.39",US
2025-08-26,2028-01-31,Zipline International Inc.,Eugene McGuinness,"107.31, 107.33, 107.35, 107.51(c), 107.51(d)",US
2025-08-26,2029-08-31,CVE North America Inc.,Ali Yildiz,107.31,US
2025-08-25,2029-08-31,"General Dynamics Information Technology, Inc",Girard Tell,"107.31, 107.33",US
2025-08-25,2029-08-31,Air Views Media LLC,Charles Lupton,107.31,US
2025-08-25,2029-08-31,"Manna Drone Delivery, Inc",Cristian Maury,"107.145, 107.31, 107.35, 107.39, 107.51(c), 107.51(d)",US
2025-08-25,2029-08-31,Swatara Township Fire Dept,John Harlacker,"107.145, 107.31, 107.39",US
2025-08-25,2027-06-30,Drone Express,Russell Kline,"107.145, 107.31, 107.33, 107.39",US
2025-08-21,2029-08-31,Osmose Utilities Services,Jonathan Harris,107.31,US
2025-08-20,2028-04-30,Swiflite Aircraft Corporation,Dylan Allen,107.31,US
2025-08-20,2029-08-31,Springfield Ma Police Department,David Martin,"107.145, 107.31, 107.39",US
2025-08-20,2029-08-31,Humboldt County Sheriff's Office,Eric Losey,"107.145, 107.31, 107.39",US
2025-08-20,2029-08-31,Shell Pipeline Company,Reggie Wycoff,"107.145, 107.31, 107.33, 107.39",US
2025-08-19,2028-12-31,Helios Visions,Tyler Gibson,107.31,US
2025-08-19,2029-08-31,"Rising Tide Technology Group, Inc",Matthew Merced,107.31,US
2025-08-18,2029-08-31,Ameren,James Pierce,107.31,US
2025-08-18,2029-08-31,BRINC,Gino Basilotta,107.31,US
2025-08-13,2029-04-30,GATX Corporation,Anders Faurholdt,107.31,US
2025-08-13,2029-08-31,The Ohio Department of Transportation,Daniel Kammer,107.31,US
2025-08-13,2029-04-30,Dove Aerial Services LLC,Roy Dove,"107.145, 107.31, 107.33, 107.35, 107.39",US
2025-08-13,2029-08-31,St. Lucie County Sheriff,Tyson Harrison,"107.31, 107.33",US
2025-08-12,2029-05-31,Chevron North America,Richard Hurley,107.31,US
2025-08-07,2028-04-30,Great River Energy,Andrew Regnier,"107.145, 107.31, 107.33, 107.39",US
2025-08-07,2029-08-31,Energix Renewables,Santos Guerra,107.31,US
2025-08-06,2029-08-31,West Milwaukee Police Department,Travis Day,"107.145, 107.31, 107.39",US
2025-08-06,2029-08-31,Highlands County Sheriffs Office,Glenn Burnsed,"107.145, 107.31, 107.39",US
2025-08-06,2029-08-31,Joshua Marriott,Brian Owens,107.31,US
2025-08-01,2029-08-31,Air Views Media LLC,Charles Lupton,107.31,US
2025-08-01,2029-08-31,City of Pea Ridge,Claude Langham,"107.145, 107.31, 107.39",US
2025-07-31,2029-07-31,Helios Visions,Tyler Gibson,107.31,US
2025-07-29,2029-07-31,Firmatek Team,Lauren Morin,107.31,US
2025-07-28,2029-07-31,RYENT L.L.C.,Matthew Rybar,107.31,US
2025-07-28,2029-07-31,"Community Oriented Patrol & Security, Inc",Aaron Zeff,107.31,US
2025-07-28,2029-07-31,Osmose Utilities Services,Jonathan Harris,107.31,US
2025-07-28,2029-04-30,MLGW,Timothy Smith,107.31,US
2025-07-28,2029-07-31,Firmatek Team,Lauren Morin,"107.145, 107.31",US
2025-07-25,2029-07-31,El Dorado County Search and Rescue Council Inc.,John OKeefe,"107.145, 107.31, 107.39",US
2025-07-25,2029-07-31,West Plainfield Fire Protection District,Patrick Fish,"107.145, 107.31, 107.39",US
2025-07-23,2028-07-31,Aerial Prospex LLC,Nino Efendic,107.31,US
2025-07-23,2029-07-31,El Paso County Sheriff's Office,Robert Damuth,"107.145, 107.31, 107.39",US
2025-07-23,2029-07-31,Pogue Construction,Jonathon Gruenewald,107.31,US
2025-07-18,2029-07-31,Union Pacific Railroad,Kevin Watts,"107.145, 107.31, 107.39",US
2025-07-18,2029-07-31,Union Public Safety Department,Justin Brannon,"107.145, 107.31, 107.39",US
2025-07-17,2029-07-31,GPTLHB,Craig Grunenfelder,107.31,US
2025-07-16,2029-07-31,Omaha Public Power District,Jordan Boetcher,107.31,US
2025-07-14,2029-07-31,Houma Police Department,Keith Craft,"107.145, 107.31, 107.39",US
2025-07-14,2029-07-31,Blue Origin LLC,Cody Shafer,"107.31, 107.33",US
2025-07-14,2029-07-31,Entergy UAS,Jason Goodick,107.31,US
2025-07-10,2029-07-31,"Brasfield & Gorrie, L.L.C.",Robert Mancill,"107.31, 107.51(c)",US
2025-07-10,2028-06-30,Unmanned Vehicle Technologies,Matthew Rybar,"107.145, 107.31, 107.33, 107.39",US
2025-07-09,2026-12-31,"Brasfield & Gorrie, L.L.C.",Robert Mancill,107.31,US
2025-07-09,2029-03-31,"Clayco, Inc.",Antoine Tissier,107.31,US
2025-07-09,2029-03-31,MAGEN Chicago,Hiam Naiditch,107.31,US
2025-07-09,2029-07-31,United Utility AirOps,Christopher Sorrentini,"107.31, 107.33",US
2025-07-08,2029-07-31,Blip Delivery Inc,Aharon Levi,107.31,US
2025-07-08,2029-07-31,Attollo Defense,Howard Mui,107.31,US
2025-07-08,2029-07-31,Oxford Police Department,Gerald Lyons,"107.145, 107.31, 107.39",US
2025-07-07,2029-07-31,CTRL USA,Ian Perry,107.31,US
2025-07-07,2029-07-31,The Ohio Department of Transportation,Daniel Kammer,107.31,US
2025-07-03,2029-07-31,Bolivar Police Department,Chris Wilkerson,"107.145, 107.31, 107.39",US
2025-07-02,2029-07-31,"FlyGuys, Inc.",Luke Butler,"107.31, 107.33",US
2025-07-01,2029-07-31,GeoWings L.L.C.,Bert Bossman,107.31,US
2025-07-01,2029-07-31,Pleasant Hill Police Department,Michael Hurlbut,107.31,US
2025-07-01,2029-02-28,Arch Aerial LLC,Julien Alameda,"107.31, 107.33",US
2025-07-01,2029-07-31,Long Valley First Aid Squad,Thomas Sniffen,"107.145, 107.31, 107.39",US
2025-06-30,2029-06-30,Michels Corporation,Mattheus de Waard,"107.31, 107.33",US
2025-06-26,2029-06-30,ADVEXURE LLC,Travis Waibel,107.31,US
2025-06-26,2029-06-30,RWE,Mitchell McArthur,107.31,US
2025-06-26,2026-12-31,"Brasfield & Gorrie, L.L.C.",Robert Mancill,"107.31, 107.33",US
2025-06-26,2029-06-30,Rock County Sheriff's Office,Jacob Gardner,"107.145, 107.31, 107.39",US
2025-06-25,2029-06-30,DPR Construction,Nicholas Woehrel,107.31,US
2025-06-20,2029-06-30,Dacono Police Department,Brandon Arrick,"107.145, 107.31, 107.39",US
2025-06-18,2026-06-30,University of Maryland UAS Test Site,Grant Williams,"107.31, 107.51(b)",US
2025-06-18,2029-06-30,Koch Industries Inc,Chris Smith,"107.31, 107.33",US
2025-06-18,2029-06-30,Trumann Police Dept.,Jude Sawyer,"107.145, 107.31, 107.39",US
2025-06-16,2027-06-30,Drone Express,Jordan Porlier,"107.145, 107.31, 107.33, 107.39",US
2025-06-13,2029-06-30,Montclair Police Department,Todd Conforti,"107.145, 107.31, 107.39",US
2025-06-12,2029-06-30,Great River Energy,Andrew Regnier,"107.31, 107.33",US
2025-06-12,2029-06-30,Tyton Aviation,Aaron Tyler,107.31,US
2025-06-11,2029-06-30,Turner Construction,Gary Chapman,107.31,US
2025-06-11,2029-06-30,City of North Little Rock,Patrick Thessing,"107.145, 107.31, 107.39",US
2025-06-11,2029-06-30,Sherwood Police Department,Jeff Hagar,"107.145, 107.31, 107.39",US
2025-06-10,2029-06-30,"Community Oriented Patrol & Security, Inc",Aaron Zeff,107.31,US
2025-06-05,2029-06-30,City of Odenville Police Department,Jonathan Wiggins,"107.31, 107.39, 107.145",US
2025-06-01,2029-06-30,Goochland County Sheriff's Office,Kevin Forman,"107.145, 107.31, 107.39",US
2025-05-28,2029-05-31,MidAmerican Energy Company,Brian Knights,107.31,US
2025-05-27,2029-05-31,Brad Johnston,McMinn County Sheriff's Department,"107.145, 107.31, 107.39",US
2025-05-27,2029-05-31,MTA Bridges and Tunnels,Estiward Medina,107.31,US
2025-05-23,2029-05-31,Minneapolis Police Department,Roger Moua,"107.145, 107.31, 107.39",US
2025-05-22,2029-05-31,Mortenson DCS-G+,Nick Kantor,107.31,US
2025-05-22,2027-01-31,Censys Technologies,Rob Knochenhauer,"107.145, 107.31, 107.33, 107.39",US
2025-05-21,2029-05-31,Gerrittsen Beach Fire Department,Daniel Cavanagh,"107.145, 107.31, 107.39",US
2025-05-21,2026-03-31,Massachusetts Dept of Transportation - Aeronautics Division UAS,Christopher Bailey,"107.31, 107.33",US
2025-05-20,2029-05-31,Unmanned Safety Institute,Devin Allen,"107.145, 107.31, 107.33, 107.39",US
2025-05-19,2029-05-31,Susquehanna Regional Police,Leon Sosnoski,"107.145, 107.31, 107.39",US
2025-05-19,2029-05-31,Mequon Police Department,Mark Riley,"107.145, 107.31, 107.39",US
2025-05-16,2029-05-31,Friendship Fire Company #2,Carcheri Gingrasso,"107.145, 107.31, 107.39",US
2025-05-15,2028-05-31,GreenSight Agronomics,James Peverill,"107.31, 107.33, 107.35",US
2025-05-14,2029-01-31,Zeitview,Stephen Bossert,107.31,US
2025-05-14,2029-05-31,Rockbridge Regional Public Safety Communications Center,David Wheeler,"107.145, 107.31, 107.39",US
2025-05-13,2029-05-31,Atlanta Police Foundation,Gregory McNiff,107.31,US
2025-05-13,2029-02-28,Fowado Technology Group,Joshua Ortiz,107.31,US
2025-05-13,2029-05-31,Anduril Industries,Tyler Sterkel,"107.25, 107.31, 107.33, 107.35, 107.51(a)",US
2025-05-12,2029-05-31,Washington County Sheriff's Office,Justin Scott,"107.145, 107.31, 107.39",US
2025-05-12,2027-01-31,Florida Power & Light Company,Heath McLemore,107.31,US
2025-05-09,2029-05-31,Abington Township Police Department,Ryan Duntzee,"107.145, 107.31, 107.39",US
2025-05-07,2029-05-31,Tyro Fire Department,Billy Simerson,"107.145, 107.31, 107.39",US
2025-05-07,2029-05-31,Freetown Police Department,Scott Rose,"107.145, 107.31, 107.39",US
2025-05-07,2027-01-31,Florida Power & Light Company,Heath McLemore,"107.145, 107.31, 107.35, 107.39",US
2025-05-07,2028-11-30,Aerial Innovation Solutions LLC,Sean Lucas,"107.31, 107.33",US
2025-05-06,2029-05-31,University of Texas at El Paso,Michael McGee,107.31,US
2025-05-06,2029-05-31,"LandSkyAI, LLC",Camryn Huff,"107.145, 107.31, 107.39, 107.51(c)",US
2025-05-05,2028-09-30,Sunflower Labs,Alex Pachikov,"107.145, 107.31, 107.39, 107.51(c)",US
2025-05-05,2029-05-31,York County R.O.V.E.R. Team,Kenneth Elliot,"107.31, 107.39, 107.145",US
2025-05-01,2029-05-31,City of Pittston - Bureau of Fire,John Ankenbrand,"107.145, 107.31, 107.39",US
2025-05-01,2027-04-30,Pilot Institute,Jason Wood,"107.31, 107.33, 107.51(b), 107.51(c), 107.51(d)",US
2025-05-01,2029-05-31,McMinn County Emergency and Rescue Squad INC,Jeremy Moore,"107.145, 107.31, 107.39",US
2025-04-30,2029-04-30,Alaska Remote Imaging,Oliver Cotter Nannestad,107.31,US
2025-04-29,2029-04-30,Dominion Energy,Tom Butler,"107.31, 107.33",US
2025-04-29,2029-04-30,Mortenson DCS-G+,Nick Kantor,107.31,US
2025-04-28,2029-04-30,"Lexicon, Inc.",Andrew Ertzberger,107.31,US
2025-04-28,2029-04-30,Sacramento County Sheriff,Andrew Swift,"107.145, 107.31, 107.39",US
2025-04-28,2029-03-31,Flying Lion Inc.,James Richardson,107.31,US
2025-04-25,2029-04-30,Lancaster County Sheriff's Office,Robert Marshall,"107.145, 107.31, 107.39",US
2025-04-23,2029-04-30,SAN DIEGO GAS & ELECTRIC,CHRISTINE ASARO,107.31,US
2025-04-23,2027-04-22,"SB Flight Training, LLC",Devon Edwards,"107.31, 107.33, 107.51(a), 107.51(b)",US
2025-04-23,2028-07-31,Florida Power & Light Company,Heath McLemore,"107.145, 107.31, 107.35, 107.39",US
2025-04-22,2029-04-30,NASA Ames Research Center,Jonas Jonsson,107.31,US
2025-04-22,2029-04-30,Caltrans Division of Construction,Aaron Chamberlin,107.31,US
2025-04-22,2029-04-30,Idaho Power Company,Mike Spengler,107.31,US
2025-04-21,2029-04-30,ERAU UAS-S Research,Nickolas Macchiarella,"107.145, 107.31, 107.33, 107.39",US
2025-04-21,2029-04-30,Harris County Sheriff's Office,James Toner,"107.145, 107.31, 107.39",US
2025-04-18,2029-04-30,Upper Valley Wilderness Response Team,Thomas Frawley,"107.145, 107.31, 107.39",US
2025-04-17,2029-04-30,Burlington Volunteer Fire Department,Stephen Michna,"107.31, 107.39, 107.145",US
2025-04-17,2029-04-30,Live Nation Entertainment,John Nieman,107.31,US
2025-04-16,2027-04-15,AASO,Bart Bauer,"107.31, 107.33, 107.51(b)",US
2025-04-16,2026-05-31,Overhead Intelligence,Roger Oneill,"107.31, 107.33, 107.51(c)",US
2025-04-15,2029-04-30,Dronescape,Joe Valasquez,"107.145, 107.31",US
2025-04-14,2029-04-30,Embry-Riddle Aeronautical University,Joseph Cerreta,107.31,US
2025-04-11,2029-04-30,Shell International E&P Inc.,Ross Doak,107.31,US
2025-04-10,2029-04-30,El Reno Police Department,David Beaty,"107.145, 107.31, 107.39",US
2025-04-10,2029-04-30,New England K9 Search & Rescue,Jocelyn Stohl,"107.145, 107.31, 107.39",US
2025-04-10,2029-04-30,Concordia Parish Sheriff's Office,Randall Gohn,"107.145, 107.31, 107.39",US
2025-04-10,2029-04-30,Montgomery County Sheriff's Office,Samuel Harrison,"107.145, 107.31, 107.39",US
2025-04-07,2029-04-30,SAN DIEGO GAS & ELECTRIC,CHRISTINE ASARO,"107.31, 107.33",US
2025-04-07,2029-04-30,Consumers Energy,Benjamin Strandskov,107.31,US
2025-04-04,2028-09-30,Ameren,James Pierce,107.31,US
2025-04-03,2029-04-30,SAM LLC,Gary Niemeyer,"107.31, 107.33",US
2025-04-03,2029-04-30,Massachusetts Dept of Transportation - Aeronautics Division UAS,Christopher Bailey,107.31,US
2025-04-03,2029-04-30,Southern Company Services INC,Slade Bridges,107.31,US
2025-04-03,2029-04-30,Big Sky Aerial Solutions,Austin Seback,107.31,US
2025-04-02,2029-04-30,Dallas Township Police Department,Brian Feeney,"107.145, 107.31, 107.39",US
2025-04-02,2029-04-30,Drones Made Easy,Brian Yates,"107.31, 107.33",US
2025-04-01,2029-04-30,Osmose Utilities Services,Jonathan Harris,107.31,US
2025-04-01,2029-04-30,Choctaw Nation of Oklahoma,Marcus Hartman,"107.31, 107.35",US
2025-04-01,2029-04-30,City of Wayland Police Department,Jordan Cadahia,"107.145, 107.31, 107.39",US
2025-04-01,2029-04-30,Ocean County Sheriff's Office,Kevin Fennessy,"107.145, 107.31, 107.39",US
2025-04-01,2029-04-30,Monroe County Sheriff's Department,James Kirkpatrick,"107.145, 107.31, 107.39",US
2025-04-01,2029-04-30,7th Judicial Major Crimes Unit,James Harrington,"107.145, 107.31, 107.39",US
2025-04-01,2029-04-30,Huron Clinton Metroparks Police,Matthew Rybar,"107.145, 107.31, 107.39",US
2025-03-31,2029-03-31,Intellition LLC,Sam Cutler,107.31,US
2025-03-28,2029-03-31,MFE Inspection Solutions,Cody Menchaca,107.31,US
2025-03-27,2029-03-31,New Hampshire Department of Corrections,Christopher Ward,"107.145, 107.31, 107.39",US
2025-03-21,2029-03-31,Vernon Hills Police Drone Unit,Andrew Gillespie,"107.145, 107.31, 107.39",US
2025-03-20,2028-11-30,Devon Energy,Jared Markes,"107.31, 107.33",US
2025-03-20,2029-03-31,Axon Enterprise,William Sallee,107.31,US
2025-03-17,2029-03-31,North Salt Lake Police Department,Randon Carter,"107.145, 107.31, 107.39",US
2025-03-17,2029-03-31,Clayco Inc,Antoine Tissier,107.31,US
2025-03-17,2029-03-31,Campus Sentinel,Eric Grile,"107.145, 107.31, 107.39",US
2025-03-17,2029-03-31,Todd County Sheriffs Office,Kyle Drum,"107.145, 107.31, 107.39",US
2025-03-17,2029-03-31,Luzerne County District Attorney's Office,Neil Murphy,"107.145, 107.31, 107.39",US
2025-03-17,2029-03-31,Pittston City Police Department,Samuel DeSimone,"107.145, 107.31, 107.39",US
2025-03-17,2029-03-31,Clatsop County Sheriff's Office,Bruce Scott,"107.145, 107.31, 107.39",US
2025-03-15,2029-02-28,American Electric Power,Randy Lowe,107.31,US
2025-03-14,2029-03-31,GBR Drone and Robotics Team (DART),Noel Silva,"107.31, 107.33",US
2025-03-13,2029-03-11,Rainmaker Technology Corporation,Sam Kim,"107.31, 107.33, 107.51(c), 107.51(d)",US
2025-03-11,2029-03-31,Dept. of the Army Criminal Investigation Division,Michal Pirog,"107.31, 107.33",US
2025-03-10,2029-03-31,"Lexicon, Inc.",Andrew Ertzberger,107.31,US
2025-03-05,2029-03-31,Owasso Police,Travis Harris,"107.145, 107.31, 107.33",US
2025-03-05,2029-03-31,Santaquin Police Department,Braydon Golding,"107.145, 107.31, 107.33",US
2025-03-05,2029-03-31,City of Charleston Police Department,Scott Newsome,"107.145, 107.31, 107.39",US
2025-03-05,2029-03-31,City of Hilliard,Duane Powell,"107.145, 107.31, 107.39",US
2025-03-05,2029-03-31,"Lee County, Florida",Dominick Boyd,"107.145, 107.31, 107.39",US
2025-03-05,2029-03-31,SkySense AI Inc.,Justin Clune,107.31,US
2025-03-05,2029-03-31,EDM International,James Dwyer,107.31,US
2025-03-04,2029-03-31,American Electric Power,Randy Lowe,"107.145, 107.31, 107.33, 107.39",US
2025-03-03,2029-03-31,"Harkins Builders, Inc.",Carlos Zuluaga,"107.31, 107.33",US
2025-03-03,2029-03-31,N. Tonawanda Police Dept.,Bradley Janzen,"107.145, 107.31, 107.39",US
2025-03-03,2029-03-31,Folsom Police Department,Kyle Rader,"107.145, 107.31, 107.39",US
2025-03-03,2029-03-31,Elmore County Sheriff's Office,Joshua Inman,"107.145, 107.31, 107.39",US
2025-03-03,2029-03-31,Charlottesville Fire Department,Chad Bingler,"107.145, 107.31, 107.39",US
2025-03-01,2029-03-31,Frontier Precision UAS,Wyatt Robbins,107.31,US
2025-02-26,2029-02-28,"Aerial Pet Recovery, Inc.",Stuart Stakoff,"107.31, 107.33",US
2025-02-26,2027-10-31,FedEx Express,Joel Murdock,"107.145, 107.31, 107.35, 107.51(c), 107.51(d)",US
2025-02-25,2027-11-30,Westminster Schools,Antoinette Boyd,107.31,US
2025-02-24,2027-11-30,NUAIR Alliance,Eric Fleckten,"107.31, 107.33",US
2025-02-24,2029-02-28,Pogue Construction,Jonathon Gruenewald,"107.31, 107.33",US
2025-02-24,2029-02-28,Unmanned Vehicle Technologies,Matthew Rybar,107.31,US
2025-02-21,2029-02-28,Avol,Nathan Poon,"107.31, 107.33",US
2025-02-20,2028-06-30,New York Power Authority,Peter Kalaitzidis,107.31,US
2025-02-18,2029-02-28,Legacy Restoration LLC,Kyle Lautz,"107.31, 107.33",US
2025-02-17,2029-02-28,West York Borough Police Dept.,David Kahley,"107.145, 107.31, 107.39",US
2025-02-14,2029-02-28,Delaware State Police,Brett Creasey,"107.145, 107.31, 107.39",US
2025-02-12,2027-11-30,DJI,Javier Caina,107.31,US
2025-02-11,2029-02-28,"Clayco, Inc.",Antoine Tissier,107.31,US
2025-02-10,2028-10-31,Flying Lion Inc.,James Richardson,107.31,US
2025-02-10,2029-02-28,Eye-bot Aerial Solutions,Chris Dolly,"107.31, 107.33",US
2025-02-10,2029-02-28,El Paso County Search and Rescue UAS,Patrick Kerscher,"107.145, 107.31, 107.39",US
2025-02-07,2029-02-28,Calloway County Sheriffs Office,Nicky Knight,"107.145, 107.31, 107.39",US
2025-02-07,2029-02-28,Tooele County Major Crimes,Nicholas Yale,"107.145, 107.31, 107.39",US
2025-02-06,2028-08-31,CSX Technology,Patrick Barnett,"107.31, 107.35",US
2025-02-05,2029-02-28,"Clayco, Inc.",Antoine Tissier,107.31,US
2025-02-03,2029-02-28,Oregon Ohio Police Division,Eric Weis,"107.145, 107.31, 107.39",US
2025-01-25,2029-01-31,Conway Police Department,Shawn Baldwin,"107.145, 107.31, 107.39",US
2025-01-24,2029-01-31,Denver Fire Department,Kyle McConnell,"107.145, 107.31, 107.39",US
2025-01-23,2029-01-31,"AKDRONE, LLC",Thomas Tapp,"107.31, 107.33",US
2025-01-22,2029-01-31,Southern Company Services INC,Cody Michaux,107.31,US
2025-01-21,2029-01-31,CDM Smith,Michael Lemme,107.31,US
2025-01-21,2029-01-31,Mount Airy Police Dept.,Brandon Wright,"107.145, 107.31, 107.39",US
2025-01-17,2027-10-31,Matternet,Alexander Norman-Elvenich,"107.145, 107.31, 107.33, 107.39",US
2025-01-16,2029-01-31,Reveille Peak Ranch LLC,Aimee Woolsey,107.31,US
2025-01-15,2027-01-31,Grand Sky Airfield Operations LLC,Dillon Gilmore,"107.31, 107.51 (b), 107.51(c), 107.51(d)",US
2025-01-15,2028-08-31,Duke Energy Corporation,Patrick Nemecek,107.31,US
2025-01-15,2028-03-31,Duke Energy Corporation,Patrick Nemecek,107.31,US
2025-01-13,2029-01-31,Capon Springs Volunteer Fire & Resuce,Jacob Kirk,"107.145, 107.31, 107.39",US
2025-01-13,2029-01-31,RIT Public Safety,John Potega,107.31,US
2025-01-13,2029-01-31,New York Power Authority,Peter Kalaitzidis,"107.145, 107.31, 107.39",US
2025-01-13,2029-01-31,Leidos Inc,Clarence Shockley,"107.31, 107.51(a)",US
2025-01-10,2027-01-31,University of North Dakota,Paul Snyder,"107.31, 107.33(b)(c)(2), 107.51(b)",US
2025-01-10,2029-01-31,Mobile Police Department,Paul Callegari,"107.145, 107.31, 107.39",US
2025-01-10,2029-01-31,Brookings Police Department,Austin Kreutner,"107.145, 107.31, 107.39",US
2025-01-10,2029-01-31,Fairfax County Police,Brad Woehrlen,"107.145, 107.31, 107.39",US
2025-01-08,2029-01-31,Archer Daniels Midland,Alex Powers,107.31,US
2025-01-07,2028-11-30,Devon Energy,Jared Markes,"107.31, 107.33",US
2025-01-06,2029-01-31,Robert H Haskell Jr,Robert Haskell,"107.39, 107.31, 107.39, 107.51(c)",US
2025-01-06,2028-07-31,Flagler County BOCC,Seth Cribben,"107.145, 107.31, 107.33, 107.39",US
2025-01-04,2029-01-31,Colorado Springs Police Department,Matthew McLain,"107.145, 107.31, 107.39",US
2025-01-02,2029-01-30,Anduril Industies,Brad Burnett,"107.31, 107.33, 107.35, 107.51(a)",US
2025-01-02,2029-01-31,East Greenbush Police Department,Edward Ashley,"107.145, 107.31, 107.39",US
2024-12-19,2028-12-31,Granite Construction NV,Donald McMurtrey,107.31,US
2024-12-18,2028-12-31,Pogue Construction,Jonathon Gruenewald,107.31,US
2024-12-16,2028-05-31,"Birdstop, Inc.",Keith Miao,"107.31, 107.35",US
2024-12-13,2028-12-31,Pima County Sheriff's Department,Troy Kranz,"107.31, 107.39, 107.145",US
2024-12-13,2028-12-31,Buchanan County Sheriff’s Office,Jason Lowe,"107.31, 107.39, 107.145",US
2024-12-12,2028-12-31,Sunflower Labs,Jeff Dickerson,"107.31, 107.39, 107.51(c), 107.145",US
2024-12-12,2028-02-29,HighPoint AeroTechnologies,Christopher Lucas,"107.31, 107.33(b)&(c)(2)",US
2024-12-12,2028-12-31,Texas Drone Company,Jared Janacek,107.31,US
2024-12-11,2028-12-31,Avista Utilities,Nick Lasko,107.31,US
2024-12-10,2028-12-31,City of El Paso,Juan Nevarez,"107.31, 107.39, and 107.145",US
2024-12-09,2028-12-31,Churchill Five Forks Volunteer Fire Department,Stanley Brothers,"107.31, 107.39, and 107.145",US
2024-12-09,2028-12-31,Anne Arundel County Police Department,Jeffery Wilson,"107.31, 107.39, and 107.145",US
2024-12-09,2028-12-31,Bison Aviation LLC,John Atkin,"107.31, 107.39, and 107.145",US
2024-12-05,2028-12-31,Florida Highway Patrol,Robert Dooley,"107.31, 107.33(b) & (c)(2)",US
2024-12-05,2028-12-31,"American Robotics, Inc.",Brian Grant,"107.31, 107.39, and 107.145",US
2024-12-05,2026-07-24,Choctaw Nation of Oklahoma,Marcus Hartman,"107.31, 107.33(b) & (c)(2), 107.51(b)",US
2024-12-04,2026-12-31,Vayu Aerospace,Gregory Gillette,107.31,US
2024-12-04,2028-12-31,University of Illinois Police Department,Robert Benoit,"107.31, 107.39, and 107.145",US
2024-12-04,2028-12-31,Cherokee Nation,Cory Keele,"107.31, 107.39, and 107.145",US
2024-12-04,2028-12-31,Dakota County Sheriff,Sean Qualy,"107.31, 107.39, and 107.145",US
2024-12-04,2028-12-31,Palm Springs Police Department,Gary Zito,"107.31, 107.39, 107.145",US
2024-12-04,2028-12-31,Newberry Township Police Department,Braxton Ditty,"107.31, 107.39, 107.145",US
2024-12-02,2028-12-31,Liberty University,Brayden Johnson,"107.31, 107.33(b) & (c)(2), 107.39, 107.51(c), 107.51(d), 107.145",US
2024-12-02,2027-03-31,Zipline International Inc.,Eugene McGuinness,"107.31, 107.33(b) & (c)(2), 107.35",US
2024-11-27,2028-11-30,City of Fort Wayne Police Department Air Support Unit,Michael Hickman,"107.31, 107.39, 107.145",US
2024-11-26,2028-11-30,Hex Inc.,Curtis Lary,107.31,US
2024-11-25,2028-11-30,"Carotene, LLC",Marcell Haywood,"107.31, 107.33",US
2024-11-25,2028-11-30,"LandSkyAI, LLC",Tuvi Cohen,"107.31, 107.39, 107.51(c), 107.145",US
2024-11-21,2028-11-30,Oklahoma Highway Patrol,Scott Patton,"107.31, 107.39, 107.145",US
2024-11-21,2028-11-30,Chesterfield County Police Department,Blaine Davis,"107.31, 107.39, 107.145",US
2024-11-21,2028-11-30,GulfSar,Robbyn Ketner,"107.31, 107.39, 107.145",US
2024-11-21,2028-11-30,MidAmerican Energy Company,Brian Knights,107.31,US
2024-11-20,2028-11-30,Rensselaer County Public Safety/Sheriff’s Department,Todd Smith,"107.31, 107.39, 107.145",US
2024-11-20,2028-11-30,Airspace Link,Alberto Post,"107.31, 107.39, 107.51(c), 107.145",US
2024-11-20,2028-11-30,DroneDeploy,Joseph Mente,107.31,US
2024-11-19,2028-11-30,University of Maryland UAS Test Site,Grant Williams,"107.31, 107.35",US
2024-11-15,2028-11-30,Prince George’s County Police Department,Edwin Robertson,"107.31, 107.39, 107.145",US
2024-11-14,2028-11-30,Rockland Fire & EMS Department,William Pendleton,"107.31, 107.39, 107.145",US
2024-11-14,2028-11-30,Muskingum County Sheriff's Office,Tanner Morton,"107.31, 107.39, 107.145",US
2024-11-13,2028-11-30,Town of Warrenton Virginia Emergency Management,Johnny Switzer,"107.31, 107.39, 107.145",US
2024-11-12,2028-11-30,Devon Energy,Jared Markes,107.31,US
2024-11-08,2028-11-30,MAGEN Chicago,Hiam Naiditch,"107.31, 107.39, 107.145",US
2024-11-07,2028-11-30,Alaska Remote Imaging,Oliver Cotter Nannestad,107.31,US
2024-11-06,2027-05-31,Aerius Focus LLC,Suzanne Herring,"107.31, 107.33(b)&(c)(2)",US
2024-11-05,2028-11-30,Shell International E&P Inc.,Ross Doak,107.31,US
2024-11-05,2028-11-30,North Central Pennsylvania Unmanned Emergency Services (Dept. 50),Ronald Warren,"107.31, 107.39, 107.145",US
2024-11-05,2028-11-30,New York Power Authority,Peter Kalaitzidis,107.31,US
2024-11-01,2028-04-30,PJ Helicopters,Andrew Thayer,107.31,US
2024-10-30,2028-10-31,Alaska Remote Imaging,Matthew Gutacker,107.31,US
2024-10-28,2028-10-31,Cooperative Energy,Stephen McCain,"107.31, 107.33(b)&(c)(2)",US
2024-10-28,2028-10-31,"ArgenTech Solutions, Inc.",Rita Castonguay-Hunt,"107.31, 107.33(b)&(c)(2)",US
2024-10-24,2028-10-31,Gresco,Jim Baker,107.31,US
2024-10-24,2028-10-31,ReadyMonitor Inc.,Jesse Stepler,107.31,US
2024-10-23,2027-10-31,Alare Technologies LLC.,Patrick Ailes,107.31,US
2024-10-22,2028-10-31,COLSA,Christopher Cline,"107.31, 107.33(b)&(c)(2), 107.35",US
2024-10-21,2028-10-31,Caltrans Division of Construction,Aaron Chamberlin,107.31,US
2024-10-21,2028-10-31,"Titan Monitoring, Inc.",Ryan Smith,107.31,US
2024-10-21,2028-10-31,ExxonMobil,Jonathan Cain,107.31,US
2024-10-17,2028-10-31,Frontier Precision UAS,Wyatt Robbins,107.31,US
2024-10-16,2028-10-31,Orchard Park Fire District,Wilhelm Aubrecht,"107.31, 107.39, 107.145",US
2024-10-16,2028-10-31,Alare Technologies LLC.,Patrick Ailes,107.31,US
2024-10-16,2028-10-31,Valentine Brand,Robert Valentine,"107.31, 107.33(b)&(c)(2), 107.39, 107.145",US
2024-10-16,2028-10-31,Pender EMS and Fire,Noah Hoffer,"107.31, 107.39, 107.145",US
2024-10-16,2028-10-31,Montgomery County Emergency Management Agency,Brian Hamman,"107.31, 107.39, 107.145",US
2024-10-16,2028-10-31,North Middleton Fire Company,Garth Fanus,"107.31, 107.39, 107.145",US
2024-10-16,2028-10-31,East Madison Fire Territory,Josh Hendrick,"107.31, 107.39, 107.145",US
2024-10-09,2028-05-31,Unmanned Vehicle Technologies,Matthew Rybar,"107.31, 107.33(b)&(c)(2)",US
2024-10-08,2028-10-31,RTX BBN,Aaron Adler,"107.31, 107.33(b)&(c)(2), 107.35",US
2024-10-08,2028-10-31,Zeitview,Jesus Caballero,107.31,US
2024-10-07,2027-03-31,"Phoenix Air Unmanned, LLC",William Lovett,"107.31, 107.33(b)&(c)(2), 107.39, 107.145",US
2024-10-07,2028-10-31,Distro 10 Inc.,Alan Shamoun,107.31,US
2024-10-07,2028-10-31,Datapoint,Michael Wight,"107.31, 107.33(b)&(c)(2), 107.39, 107.145",US
2024-10-01,2028-10-31,American Electric Power,Randy Lowe,"107.31, 107.33",US
2024-09-30,2028-09-30,Oregon State Police,William Bush,"107.31, 107.39, 107.145",US
2024-09-27,2028-09-30,BE&K Building Group,Christopher Champion,107.31,US
2024-09-25,2028-09-30,Sunflower Labs,Alex Pachikov,"107.31, 107.39, 107.51(c), 107.145",US
2024-09-13,2028-09-30,LJA,Robert Wilhite,"107.31, 107.33(b)&(c)(2)",US
2024-09-12,2028-09-30,Northwestern Michigan College,Tony Sauerbrey,107.31,US
2024-09-10,2026-07-31,Censys Technologies,Rob Knochenhauer,"107.31, 107.33(b)&(c)(2)",US
2024-09-09,2028-04-30,BGE UAS,Andrew McCauley,107.31,US
2024-09-06,2028-09-30,FAA Flight Program Operations,Autumn Alderdice,"107.31, 107.33(b)&(c)(2)",US
2024-09-04,2027-07-31,American Electric Power,Randy Lowe,107.31,US
2024-08-29,2028-08-31,Dominion Energy,Tom Butler,"107.31, 107.33(b)&(c)(2)",US
2024-08-28,2028-05-31,Verizon Aviation,Todd Davis,107.31,US
2024-08-27,2028-08-31,Boeing sUAS Operations,Richard Bratt,107.31 and 107.33(b) & (c)(2),US
2024-08-19,2028-08-31,Omaha Public Power District,Jordan Boetcher,107.31,US
2024-08-19,2028-08-31,Live Nation Entertainment,John Nieman,107.31,US
2024-08-08,2028-08-31,Archer Daniels Midland,Alex Powers,"107.31, 107.33(b)&(c)(2)",US
2024-08-07,2028-08-31,Flying Lion Inc.,James Richardson,107.31,US
2024-08-01,2028-08-31,SHPR Co. (dba Fliteworks),George Moe,107.31,US
2024-07-29,2028-07-31,Caltrans Division of Construction,Aaron Chamberlin,"107.31, 107.33(b)&(c)(2), 107.39, 107.145",US
2024-07-25,2028-07-31,Alaska Remote Imaging,Oliver Cotter Nannestad,"107.31, 107.51(c), 107.51(d)",US
2024-07-24,2027-11-03,"ReadyMonitor, LLC",Jesse Stepler,107.31,US
2024-07-23,2027-07-31,Xcel Energy,Thomas Stegge,"107.31, 107.33(b)&(c)(2), 107.51(b)",US
2024-07-22,2028-07-31,City of El Paso,Juan Nevarez,107.31,US
2024-07-08,2028-07-31,UPS Flight Forward Inc.,Michael Ralich,"107.31, 107.35",US
2024-07-01,2028-07-31,Sunflower Labs,Alex Pachikov,"107.31, 107.39, 107.51(c), 107.145",US
2024-06-25,2028-06-30,Hawaiian Electric Companies,Cullen Chong,107.31,US
2024-06-25,2028-06-30,Turner Construction,Gary Chapman,"107.31, 107.33",US
2024-06-25,2028-06-30,"American Robotics, Inc.",Brian Grant,"107.31, 107.51(c), 107.51(d)",US
2024-06-24,2027-06-30,Southern Company Services INC,Cody Michaux,107.31,US
2024-06-07,2028-06-30,SEAKdrones LLC,Dennis Sylvia,"107.31, 107.33(b)&(c)(2)",US
2024-06-07,2028-06-30,Nightingale Security,Kyle Roh,107.31,US
2024-06-06,2028-06-30,Pasco County Sheriff's Office,John Kuch,107.31,US
2024-06-03,2028-06-30,"Nine Ten Drones, LLC",Paul Rossi,107.31,US
2024-05-31,2028-02-29,Southern Company Services INC,Cody Michaux,107.31,US
2024-05-30,2028-05-31,Ryzein LLC,Finn Johnson,107.31,US
2024-05-30,2028-05-31,FirstEnergy,Todd Fite,107.31,US
2024-05-28,2028-05-31,Unmanned Vehicle Technologies,Matthew Rybar,107.31,US
2024-05-23,2028-05-31,Pilot Institute,Jason Wood,"107.31, 107.33(b)&(c)(2)",US
2024-05-23,2028-04-30,Unmanned Vehicle Technologies,Matthew Rybar,107.31,US
2024-05-20,2028-05-31,Warren County Community College,William Austin,"107.31, 107.33",US
2024-05-16,2028-05-31,"Birdstop, Inc.",Keith Miao,107.31,US
2024-05-13,2028-04-30,AgriBugs LLC.,Darren Rajendranath,"107.31, 107.33(b)&(c)(2)",US
2024-05-08,2028-05-31,American Electric Power,Kenner Prillaman,"107.31, 107.33(b)&(c)(2)",US
2024-05-08,2028-05-31,Cyberhawk Inc,Scott Lashmit,107.31,US
2024-05-07,2028-05-31,Department of Aviation,Thomas Sugahara,"107.31, 107.33(b)&(c)(2)",US
2024-05-07,2028-05-31,Ryzein LLC,Finn Johnson,107.31,US
2024-05-03,2028-05-31,EpiSci,Rohit Pillai,"107.31, 107.33(b)&(c)(2)",US
2024-05-02,2028-05-31,Florida Power & Light Company,Eric Schwartz,"107.31, 107.33(b)&(c)(2)",US
2024-05-01,2028-05-31,A-Cam Aerials,Thomas Sugahara,"107.31, 107.33(b)&(c)(2)",US
2024-05-01,2028-05-31,American Bird Conservancy,Adam Knox,"107.31, 107.33(b)&(c)(2)",US
2024-04-25,2028-04-30,TrainND,Kenley Nebeker,107.31,US
2024-04-24,2028-04-30,CDM Smith,Brendan Brown,"107.31, 107.33(b)&(c)(2)",US
2024-04-24,2028-04-30,HAWK Photogrammetry Record Technologies Inc,Stephen Philip,107.31,US
2024-04-24,2028-04-30,SHPR Co.,George Moe,107.31,US
2024-04-22,2028-04-30,University of Alaska Fairbanks,Nicholas Adkins,"107.31, 107.33(b)&(c)(2)",US
2024-04-17,2028-04-30,Big Sky Aerial Solutions,Austin Seback,107.31,US
2024-04-15,2028-04-30,PJ Helicopters,Jesse Gibbon,107.31,US
2024-04-12,2028-04-30,Seiler Instrument,Travis LeMoine,107.31,US
2024-04-12,2028-04-30,Frontier Precision UAS,Wyatt Robbins,107.31,US
2024-04-08,2028-04-30,Electric Power Research Institute (EPRI),Dexter Lewis,107.31,US
2024-04-04,2028-04-30,DJI,Javier Caina,"107.31, 107.33(b)&(c)(2)",US
2024-03-29,2028-03-31,ComEd,Victor Migliore,107.31,US
2024-03-22,2027-03-31,DroneUp LLC,Sky Andrew,"107.31, 107.33(b)&(c)(2)",US
2024-03-21,2028-03-31,Davey Resource Group,Rachel Miller,107.31,US
2024-03-20,2028-03-31,Maurilio Espinoza,John Julius,107.31,US
2024-03-15,2028-03-31,TVA UAS,Zackary Whittle,"107.31, 107.33(b)(c)(2)",US
2024-03-15,2028-01-31,Zipline International Inc.,Eugene McGuinness,"107.31, 107.33(b)(c)(2), 107.35, 107.51(c), 107.51(d)",US
2024-03-13,2028-03-31,COLSA,Christopher Cline,"107.31, 107.33(b)&(c)(2), 107.35",US
2024-03-08,2028-03-31,New York Power Authority,Peter Kalaitzidis,107.31,US
2024-03-07,2027-10-31,East Central Energy,Kyle Palmer,"107.31, 107.33(b)(c)(2)",US
2024-03-05,2028-03-31,Pilot Institute,Jason Wood,"107.31, 107.51(c), 107.51(d)",US
2024-03-05,2028-03-31,Asylon,Brent McLaughlin,107.31,US
2024-02-29,2028-02-29,HighPoint AeroTechnologies,John McClelland,"107.31, 107.33(b)(c)(2)",US
2024-02-28,2027-05-31,Duke Energy Corporation,Patrick Nemecek,107.31,US
2024-02-28,2027-10-31,Big Sky Aerial Solutions,Austin Seback,"107.31, 107.33(b)&(c)(2)",US
2024-02-27,2028-02-28,Frontier Precision UAS,Wyatt Robbins,107.31,US
2024-02-27,2027-10-31,"American Robotics, Inc.",James Gonzalez,"107.31, 107.33(b)&(c)(2)",US
2024-02-21,2028-01-31,"American Robotics, Inc.",Brian Grant,107.31,US
2024-02-20,2028-02-29,"Robotics 88, Inc.",Erin Linebarger,107.31,US
2024-02-09,2028-02-29,ADT Mobile Security,Sebastian Voges,"107.31, 107.39, 107.51(c), 107.145",US
2024-01-31,2028-01-31,Data Blanket,Gur Kimchi,"107.31, 107.33(b)(c)(2)",US
2024-01-29,2027-11-30,NUAIR Alliance,Tony Basile,"107.31, 107.3(b)&(c)(2)",US
2024-01-29,2028-01-31,Choctaw Nation of Oklahoma,Marcus Hartman,107.31,US
2024-01-22,2028-01-31,Caltrans Division of Construction,Aaron Chamberlin,107.31,US
2024-01-22,2028-01-31,"Hawkinson Aerial Photography, LLC",Bridger Hawkinson,107.31,US
2024-01-18,2028-01-31,The Ohio Department of Transportation,Daniel Kammer,"107.31, 107.33(b)(c)(2), 107.39, 107.145",US
2024-01-12,2028-01-31,Eversource Energy,Stephen Michna,"107.31, 107.33(b)&(c)(2)",US
2024-01-12,2028-01-31,Eversource Energy,Stephen Michna,107.31,US
2024-01-10,2028-01-31,Zipline International Inc.,Eugene McGuinness,"107.31, 107.33(b)(c)(2), 107.35",US
2024-01-02,2028-01-31,SHPR Co. (dba Fliteworks),George Moe,107.31,US
2023-12-15,2026-11-30,Valmont,Brad Wood,"107.31, 107.33(b)(c)(2)",US
2023-12-13,2027-12-31,Nucor Steel West Virginia,James Siler,107.31,US
2023-12-12,2027-04-30,Percepto Robotics Inc.,Raviv Raz,"107.31, 107.35",US
2023-12-04,2027-12-31,Xcel Energy,Thomas Stegge,107.31,US
2023-12-01,2027-12-31,American Water,Christopher Kahn,107.31,US
2023-12-01,2027-12-31,Live Nation Entertainment,John Nieman,107.31,US
2023-11-22,2027-11-30,"Matador UAS Logistics, LLC",Catherine Self,107.31,US
2023-11-14,2027-06-30,BNSF Railway,Brent York,107.31,US
2023-11-09,2027-11-30,Manifold Robotics,Jeffrey Laut,107.31,US
2023-11-08,2027-07-31,"Percheron Professional Services, LLC",Jeff Wilkie,"107.31, 107.33(b) & (c)(2)",US
2023-11-03,2027-11-03,"ReadyMonitor, LLC",Jesse Stepler,107.31,US
2023-10-30,2027-10-31,Xcel Energy,Thomas Stegge,107.31,US
2023-10-25,2027-10-31,EpiSci,Rohit Pillai,"107.31, 107.33(b) & (c)(2)",US
2023-10-19,2027-01-31,Choctaw Nation of Oklahoma,Marcus Hartman,"107.31, 107.33(b) & (c)(2)",US
2023-10-03,2027-10-31,"AECOM Technical Services, Inc",Matthew Nanney,"107.31, 107.33(b) & (c)(2)",US
2023-10-02,2027-10-31,"RDARS, Inc.",Jason Braverman,107.31,US
2023-10-02,2027-10-31,University of Alaska Fairbanks,Nicholas Adkins,107.31,US
2023-08-22,2027-05-31,Pilot Institute,Jason Wood,"107.31, 107.33(b) & (c)(2)",US
2023-08-04,2027-08-31,Areion UAS,John Huguley,"107.31, 107.33(b) & (c)(2)",US
2023-08-04,2027-08-31,BGE UAS,Andrew McCauley,107.31,US
2023-07-31,2027-07-31,Davey Resource Group,Rachel Miller,"107.31, 107.33(b) & (c)(2)",US
2023-07-30,2027-07-31,ComEd,Victor Migliore,"107.31, 107.33(b) & (c)(2)",US
2023-07-28,2027-07-31,Florida Power & Light Company,Eric Schwartz,"107.31, 107.33(b) & (c)(2)",US
2023-07-28,2027-07-31,Caltrans DOC,Aaron Chamberlin,"107.31, 107.33(b) & (c)(2)",US
2023-07-28,2027-07-31,Washington State Department of Corrections,Jamison Roberts,107.31,US
2023-07-27,2027-07-31,JOSEPH,Joseph Ghiorso,107.31,US
2023-07-27,2027-07-31,North Carolina Department of Transportation,Thomas Walls,107.31,US
2023-07-21,2027-07-31,Influential Drones LLC,David Krause,107.31,US
2023-07-18,2027-07-31,Flock Safety,Cameron Whiteman,107.31,US
2023-07-13,2027-07-31,ERAU UAS-S Research,Nickolas Macchiarella,"107.31, 107.33(b) & (c)(2)",US
2023-07-11,2027-07-31,"Birdstop, Inc.",Keith Miao,107.31,US
2023-07-03,2027-07-31,Texas Department of Public Safety,Jason Day,107.31,US
2023-07-03,2027-07-31,Texas Department of Public Safety,Jason Day,"107.31, 107.51(d)",US
2023-06-29,2027-06-30,"Westwood Professional Services, Inc",Mark Treon,"107.31, 107.33(b) & (c)(2)",US
2023-06-28,2027-06-30,Aerodyne Measure,Andres Justicia,107.31,US
2023-06-08,2027-06-30,BNSF Railway,Brent York,107.31,US
2023-06-06,2027-06-30,Areion UAS,John Huguley,"107.31, 107.33(b)&(c)(2)",US
2023-05-25,2027-05-31,Xcel Energy,Thomas Stegge,"107.31, 107.33(b)&(c)(2)",US
2023-05-25,2027-05-31,Asylon,Brent McLaughlin,"107.31, 107.33(b)&(c)(2), 107.35",US
2023-04-28,2027-04-30,Phillip A.B. McCoy,Phillip McCoy,"107.31, 107.33(b)(c)(2)",US
2023-04-28,2027-04-30,BGE UAS,Andrew McCauley,"107.31, 107.33(b)(c)(2)",US
2023-04-18,2026-09-30,Southern Company Services INC,Daniel Humphries,"107.31, 107.33(b)(c)(2)",US
2023-03-30,2027-03-31,Aerodyne Measure,Andy Justicia,"107.31, 107.33(b)&(c)(2)",US
2023-03-28,2027-03-31,Tesla Inc,Alistair Weddell,"107.31, 107.33(b)&(c)(2)",US
2023-03-06,2027-03-31,SkyBridge Tactical,Bryan Andrews,"107.31, 107.33(b)(c)(2)",US
2023-02-08,2027-02-28,Asylon,Brent McLaughlin,"107.31, 107.33(b)(c)(2), 107.39, 107.145",US
2023-02-07,2027-02-28,Areion UAS,John Huguley,"107.31, 107.33(b)(c)(2)",US
2023-02-07,2027-02-28,Aims Community College,Jacob Marshall,"107.31, 107.33(b)(c)(2)",US
2023-02-06,2027-02-28,Swiflite Aircraft Corporation,Dylan Allen,107.31,US
2023-02-06,2026-12-31,Moss Photography,Victor Moss,107.31,US
2023-01-11,2027-01-31,"American Robotics, Inc.",Vijay Somandepalli,107.31,US
2022-12-14,2026-12-31,InDro Robotics Inc.,Phillip Reece,"107.31, 107.33(b)&(c)(2)",US
2022-12-02,2026-12-31,A-Cam Aerials,Thomas Sugahara,107.31,US
2022-11-03,2026-11-30,Asylon,Brent McLaughlin,"107.31, 107.33(b)(c)(2), 107.39, 107.145",US
2022-11-01,2026-11-30,DRL,Laura MacFie,107.31,US
2022-10-26,2026-05-31,AviSight,William ODonnell,"107.31, 107.33(b)(c)(2)",US
2022-10-25,2026-10-31,"Hoverfly Technologies Inc,",Michael Miranda,"107.31, 107.35",US
2022-10-25,2026-10-31,Electric Power Board of Chattanooga,Gregory Phillips,"107.31, 107.33(b)(c)(2)",US
2022-10-19,2026-05-31,Koch Industries Inc,Tim Shanfelt,"107.31, 107.33(b)&(c)(2)",US
2022-10-17,2026-10-31,Iris Automation,Cheryl Contreras,107.31,US
2022-10-17,2026-05-31,Koch Industries Inc,Tim Shanfelt,"107.31, 107.33(b)&(c)(2)",US
2022-09-22,2026-09-30,Valmont,Joseph George,"107.31, 107.33(b)(c)(2)",US
2022-09-14,2026-08-31,"Alliance Engineering + Planning, LLC",Robert Wilhite,"107.31, 107.33(b)(c)(2)",US
2022-09-06,2026-09-30,Southern Company Services INC,Johnathan Hitchcock,"107.31, 107.33, 107.51(c)",US
2022-09-01,2026-09-30,Soaring Eagle Technologies,Noah Ruiz,"107.31, 107.33",US
2022-08-12,2026-08-31,The MITRE Corporation,Carrie Rebhuhn,"107.31, 107.33(b)&(c)(2), 107.35",US
2022-07-29,2026-07-31,Valmont,Joseph George,"107.31, 107.33",US
2022-07-19,2026-07-31,Davey Resource Group,Rachel Miller,"107.31, 107.33(b)(c)(2)",US
2022-07-18,2026-07-31,Evergy,Michael Kelly,"107.31, 107.33(b)(c)(2)",US
2022-07-18,2026-07-31,Weather Modification LLC,Alex Sailsbury,"107.31, 107.33(b)(c)(2), 107.51(c), 107.51(d)",US
2022-07-18,2026-07-31,Asylon,Brent McLaughlin,"107.31, 107.33(b)(c)(2), 107.39, 107.145",US
2022-07-07,2026-07-31,American Water,Christopher Kahn,"107.31, 107.33(b)(c)(2)",US
2022-07-01,2026-07-31,Kansas State University,Spencer Schrader,"107.31, 107.33(b)&(c)(2)",US
2022-07-01,2026-03-31,42air,Russell Randol,"107.31, 107.33(b)(c)(2)",US
2022-05-24,2026-05-31,"Delek US Holdings, Inc.",Grigor Bambekov,"107.31, 107.33(b)(c)(2)",US
2022-05-13,2026-05-31,New Jersey Transit Corporation,Andrew Schwartz,"107.31, 107.33(b) & (c)(2)",US
2022-05-10,2026-05-31,Asylon,Brent McLaughlin,"107.31, 107.33(b)(c)(2), 107.39, 107.145",US
2022-05-03,2026-05-31,SkyBridge Tactical,Bryan Andrews,"107.31, 107.33",US
2022-04-20,2026-04-30,Northern Plains UAS Test Site,Erin Roesler,"107.31, 107.33(b)(c)(2)",US
2022-04-13,2026-04-30,Treeswift,Ian Cameron,"107.31, 107.33(b)(c)(2)",US
2022-04-07,2026-04-30,Unmanned Safety Institute,Devin Allen,"107.31, 107.33",US
2022-04-04,2026-03-31,Massachusetts Dept of Transportation - Aeronautics Division UAS,Jeffrey DeCarlo,"107.31, 107.33",US
2022-03-29,2026-03-31,Iris Automation,Cheryl Contreras,107.31,US
2022-03-25,2026-03-31,Zipline (Delivery Ops),Joseph Marshall,"107.31, 107.39, 107.145",US
