company_name,country,role,dock_models,dock_count,website,linkedin_url,evidence_url_1,source_type_1,evidence_url_2,source_type_2,confidence,notes
GÜRİŞ Holding,Turkey,End-buyer (Enterprise),Dock 3,Unknown,https://www.guris.com.tr,https://www.linkedin.com/company/guris,https://www.youtube.com/watch?v=u0hwLpSEM8k,Company Video,https://www.linkedin.com/posts/dji_djienterprise-djidock3-turkey-activity-7401953987622842368-HIOZ,LinkedIn Post,High,"GÜRİŞ is one of Turkey's leading renewable energy companies using DJI Dock 3 for fully automated wind and solar infrastructure inspections. They have deployed the Dock 3 with WTIP (Wind Turbine Inspection Platform) solution to conduct 24/7 autonomous inspections across their wind turbines and solar fields, replacing traditional manual inspections. The system enables real-time thermal and visual data collection, improving safety, standardizing data quality, and delivering consistent insights for asset management across their 767 MW renewable energy portfolio."
Natilon Teknoloji A.Ş.,Turkey,System Integrator,Dock 3,Unknown,https://natilon.com,https://www.linkedin.com/company/natilon,https://natilon.com/tr/blog/dji-natilon-isbirligi-otonom-drone-cagi/,Company Blog,https://natilon.com/en/blog/natilon-signs-partnership-agreement-with-dji-enterprise/,Company Blog,High,"Natilon is DJI's official solution partner in Turkey, specializing in timelapse camera systems and security solutions. They integrate DJI Dock 3 with their autonomous CCTV systems and Natilon Timelapse Cloud platform, particularly for solar energy plant (GES) security applications. Their integration provides emergency response capabilities, autonomous patrol flights, and thermal inspection of solar panels. The company offers 24/7 automated security and monitoring for large-scale facilities using Dock 3's vehicle-mounted deployment capabilities and AI-powered object detection features."
Zafer Güder Havacilik ve Uzay,Turkey,Authorized Dealer,"Dock 2, Dock 3",Unknown,https://zaferguder.com.tr,https://www.linkedin.com/in/zaferguder,https://zaferguder.com.tr/products/dji-dock-3,Company Website,https://zaferguder.com.tr/resources/news/dji-dock-2-release,Company News,High,"Zafer Güder is a leading provider of professional drone solutions, UAV technologies, and aviation services in Turkey. They are an authorized DJI Enterprise dealer offering both DJI Dock 2 and Dock 3. The company provides UAV pilot training courses, inspection services, and technical support for enterprise drone operations. Founded by Zafer Güder (former police officer turned entrepreneur), the company specializes in autonomous drone systems and serves various sectors including inspection, security, and surveillance."
Atay Mühendislik,Turkey,Authorized Dealer,"Dock 2, Dock 3",Unknown,https://ataymuhendislik.com,,https://ataymuhendislik.com/blog/dji-dock-3-u-yakindan-taniyalim/,Company Blog,,,Medium,"Atay Mühendislik is a DJI Enterprise authorized dealer in Turkey offering DJI Dock 2 and Dock 3 solutions. They provide detailed Turkish-language content about DJI Dock products, including technical specifications, use cases, and deployment guidance. The company focuses on serving government, energy, agriculture, and smart city applications with autonomous drone solutions. Their blog features comprehensive guides on DJI Dock 3 capabilities including vehicle-mounted deployment and harsh weather operations."
Karacasulu Dış Ticaret A.Ş.,Turkey,Authorized Dealer,Dock 1,Unknown,https://www.karacasulu.com,,https://www.karacasulu.com/dock/,Company Website,,,Medium,"Karacasulu is an authorized DJI distributor in Turkey offering the original DJI Dock (Dock 1) with Matrice 30 drone. They provide comprehensive information in Turkish about DJI Dock deployment, FlightHub 2 integration, and autonomous operations. The company emphasizes the Dock's 24/7 operational capability, weather resistance (-35°C to 50°C), and 7km operational radius. They serve as an official distributor for DJI enterprise products in the Turkish market."
Klasfoto,Turkey,Authorized Dealer,Dock 1,Unknown,https://www.klasfoto.com.tr,,https://www.klasfoto.com.tr/urun/dji-dock,Company Website,,,Medium,"Klasfoto is a Turkish retailer offering DJI Dock (Dock 1) with comprehensive product specifications and pricing. Their product page details the Dock's integrated design, cloud management capabilities, 7km operational radius, and temperature range (-35°C to 50°C). They provide detailed technical specifications including dimensions, backup power capabilities, and automated features for Turkish customers interested in autonomous drone operations."
Termal Drone Savunma San. A.Ş.,Turkey,Authorized Dealer,Dock 2,Unknown,https://termaldrone.com,,https://termaldrone.com/dji-dock-2/,Company Website,https://termal-drone-savunma-san-as.idef.com.tr,IDEF Exhibition,High,Termal Drone Savunma is a defense industry company in Turkey offering DJI Dock 2 solutions. They exhibited at IDEF (International Defence Industry Fair) showcasing DJI Dock 2 as a fully autonomous drone station with IP55 weather resistance supporting up to 6km mission range. The company specializes in thermal imaging and defense applications for autonomous drone systems.
SYD (Sistem Yazılım Danışmanlık),Turkey,Authorized Dealer,Dock 2,Unknown,https://www.syd.com.tr,,https://www.syd.com.tr/urun/dji-dock-2,Company Website,https://www.syd.com.tr/meta-etiket/dji-dock-2,Company Website,High,"SYD is a Turkish systems and software consulting company offering DJI Dock 2 (Overseas Edition) for the Turkish market. Their product pages highlight the Dock 2's lightweight design (34kg), IP54+IP55 weather resistance rating, built-in backup battery providing 5+ hours of operation, and enhanced 10km operational radius. They provide detailed Turkish specifications and offer quotation services for enterprise customers."
Ölçen Mühendislik,Turkey,Authorized Dealer,Dock 2,Unknown,https://olcen.com.tr,,https://olcen.com.tr/urun/DJI-Dock-2,Company Website,,,Medium,"Ölçen Mühendislik is a Turkish engineering company specializing in UAV sensors and surveying equipment, offering DJI Dock 2 to the Turkish market. Located in Izmir, they provide technical sales and project support for autonomous drone systems. Their product offering includes detailed specifications of the Dock 2's capabilities for industrial applications."
Fotografium,Turkey,Authorized Dealer,Dock 3,Unknown,https://fotografium.com,,https://fotografium.com/dji-dock-3,Company Website,,,Medium,"Fotografium is a Turkish photography and drone equipment retailer offering DJI Dock 3. Their product page highlights the Dock 3's vehicle-mounted deployment capability, 24/7 operation in harsh weather conditions, fast 27-minute battery charging, and extended 25km range. They serve the Turkish market with enterprise drone solutions."
Airmim,Turkey,Authorized Dealer,Dock 2,Unknown,https://airmim.com,,https://airmim.com/urun/dji-dock-2/,Company Website,,,Medium,Airmim is a Turkish drone equipment supplier offering DJI Dock 2 as an innovative autonomous charging and maintenance solution for long-duration autonomous missions. They provide Turkish-language product information and sales support for enterprise customers seeking automated drone operations.
GNSS Marketim,Turkey,Authorized Dealer,Dock 3,Unknown,https://www.gnssmarketim.com,,https://www.gnssmarketim.com/urun/dji-dock-3-otomatik-drone-istasyonu,Company Website,,,Medium,"GNSS Marketim is a Turkish GNSS and surveying equipment supplier offering DJI Dock 3 automatic drone station. Their comprehensive product page details the Dock 3's compatibility with Matrice 4D/4TD drones, IP56 protection rating, -30°C to +50°C operating range, AI-powered target recognition, and FlightHub 2 integration. They emphasize security features including ISO 27001/27701 certification and AES-256 encryption."
GNSS Teknik,Turkey,Authorized Dealer,Dock 3,Unknown,https://www.gnssteknik.com.tr,,https://www.gnssteknik.com.tr/category/iha/dji/dji-dock-3-otomatik-istasyon-unitesi,Company Website,,,Medium,"GNSS Teknik is a Turkish technical solutions provider offering DJI Dock 3 automatic station unit. They highlight the Dock 3's wind resistance up to 12 m/s, operating temperature range of -30°C to 50°C, and 10-second readiness for takeoff with rapid self-check capabilities. The company serves the Turkish market with GNSS and UAV solutions."
Geoteknik Ltd,Turkey,Authorized Dealer,Dock 3,Unknown,https://www.geoteknikltd.com,,https://www.geoteknikltd.com/tr/product.aspx?product_id=12151,Company Website,,,Medium,"Geoteknik Ltd is a Turkish geospatial and surveying equipment supplier offering DJI Dock 3. Their product page describes the Dock 3's flexible deployment options, ultra-long-range transmission capabilities, and support for both fixed installations and vehicle-mounted deployments. They provide Turkish-language technical specifications and sales support."
INNPRO (Robert Błędowski Sp. z o.o.),Poland,Authorized Dealer,"Dock 2, Dock 3",Unknown,https://innpro.it,https://www.linkedin.com/company/innpro,https://innpro.it/dji-distribution/,Company Website,https://enterprise.innpro.pl/pol_m_Produkty_Drony_Dock-2-49176.html,Company Website,High,"INNPRO is the exclusive authorized distributor of the DJI brand in Poland, established in 2013 (originally as RCpro). The company has over 130 employees across several locations in Poland, over 1000 business partners in Poland and other EU countries, and a warehouse of approximately 8,000 m2. They operate DJI ARS retail stores in Warsaw (New City), Poznan (Stary Browar), and Katowice (Galeria Katowicka), plus an online store. As the exclusive DJI distributor, they provide DJI Dock 2 and Dock 3 solutions across Poland with comprehensive professional advice, support, warranty, and service."
Megadron,Poland,Authorized Dealer,"Dock 2, Dock 3",Unknown,https://megadron.pl,,https://megadron.pl/en/products/docking-station-dji-dock-3-31389.html,Company Website,https://megadron.pl/en/products/docking-station-dji-dock-2-29355.html,Company Website,High,"Megadron is an official DJI and DJI Enterprise partner since 2014, operating both online and stationary stores in Poland. They are Trusted Shops certified and work directly with DJI. The company offers both DJI Dock 2 and Dock 3 with comprehensive product information, technical specifications, and specialist consultation services. They provide detailed Polish and English content about Dock deployment, comparisons, and FAQs for enterprise customers."
AeroMind (UAV Academy),Poland,Authorized Dealer,"Dock 2, Dock 3",Unknown,https://aeromind.pl,,https://aeromind.pl/product-eng-13449-DJI-Dock2-with-DJI-Matrice3D-drone.html,Company Website,https://aeromind.pl/product-eng-13819-DJI-Dock-3-docking-station.html,Company Website,High,"AeroMind operates UAV Academy and offers complete DJI Dock 2 and Dock 3 solutions including drones, controllers, training, and installation services. They provide activation, startup, and equipment application training at their UAV Academy headquarters, with options for on-site client installation and training. Their offerings include complete packages with all necessary accessories and comprehensive support for enterprise drone operations in Poland."
Navigate,Poland,Authorized Dealer,"Dock 2, Dock 3",Unknown,https://navigate.pl,,https://navigate.pl/produkt/dji-dock-2/,Company Website,https://navigate.pl/blog/dji-dock-2-vs-dji-dock-3-porownanie-modeli/,Company Blog,High,"Navigate is an official DJI distributor in Poland offering DJI Dock 2 and Dock 3 solutions. They provide extensive Polish-language content including product pages, comparison guides (Dock 2 vs Dock 3), and technical documentation. The company emphasizes the Dock 2's compact design, 10km operational range, 50-minute flight time, and IP55 protection rating. They serve enterprise customers with autonomous drone solutions for inspections and monitoring applications."
FlyStore.pl,Poland,Authorized Dealer,"Dock 2, Dock 3",Unknown,https://flystore.pl,,https://flystore.pl/stacje-dji-dock,Company Website,https://flystore.pl/dji-enterprise-dock-3/1/full,Company Website,High,"FlyStore is an authorized reseller of DJI Enterprise products in Poland offering both DJI Dock 2 and Dock 3 autonomous docking stations. Their website provides comprehensive Polish-language information about both dock generations, highlighting the Dock 2's compact mobility and the Dock 3's enhanced IP56 protection, -30°C to 50°C operating range, and vehicle-mounting capabilities. They emphasize availability, current product information, and transparent comparisons to help customers choose solutions tailored to their operational procedures."
TPI (Technika Pomiarowa i Imaging),Poland,Authorized Dealer,Dock 2,Unknown,https://tpi.com.pl,,https://tpi.com.pl/product-tag/dji-dock,Company Website,https://dji-tpi.com.pl/produkt/1380/,Company Website,High,"TPI (Technika Pomiarowa i Imaging) is a Warsaw-based company located at ul. Wał Miedzeszynski 598, offering DJI Dock 2 docking stations in Poland. Their website provides detailed Polish specifications emphasizing the Dock 2's ultra-lightweight construction (75% smaller and 68% lighter than previous generation), improved installation freedom, and compatibility with Matrice 3D/3TD drones. They serve the Polish market with measurement and imaging technology solutions."
Dronavista,Poland,Authorized Dealer,Dock 1,Unknown,https://dronavista.pl,,https://dronavista.pl/en/dji-matrice-30/9132-dji-matrice-30t-dji-dock-automated-drone-hangars.html,Company Website,https://dronavista.pl/pl/dji-matrice-30/9132-stacja-dokujaca-dji-dock-wraz-z-dronem-dji-matrice-30t.html,Company Website,High,"Dronavista is a Polish drone retailer offering the original DJI Dock (Dock 1) with DJI Matrice 30T drone for automated drone hangar operations. They provide both English and Polish product pages, with pricing available on request/order basis. The company houses the Matrice 30 drone which executes missions programmed in DJI FlightHub 2 without user intervention, including automatic landing, recharging, takeoff, and mission execution."
Mdron,Poland,Authorized Dealer,Dock 3,Unknown,https://mdron.pl,,"https://mdron.pl/11313,stacja-dokujaca-dji-dock-3.html",Company Website,,,Medium,Mdron is a Polish drone equipment supplier offering DJI Dock 3 autonomous docking station. Their product page emphasizes the Dock 3's IP56 protection rating and resistance to extreme wind conditions up to 12 m/s and temperatures from -30°C to 50°C. The company serves the Polish market with professional drone solutions for autonomous operations.
SNH Drones,Poland,Authorized Dealer,Dock 2,Unknown,https://snhdrones.pl,,https://snhdrones.pl/stacja-dokujaca-dji-dock-2/,Company Website,,,Medium,"SNH Drones is a Polish drone dealer offering DJI Dock 2 as a high-performance autonomous platform equipped with innovative Matrice 3D or Matrice 3TD drones. Their website promotes autonomous missions at a completely new level, emphasizing the Dock 2's capabilities for unattended operations and continuous mission readiness through automatic charging and deployment."
Epotronic,Poland,Authorized Dealer,Dock 3,Unknown,https://epotronic.com,,https://epotronic.com/eng/DJI-Dock-3-Drone-Station/DDOC001.1,Company Website,https://epotronic.com/eng/shop/industrial-drones/dji-dock-drones/,Company Website,High,"Epotronic is a Polish company offering DJI Dock 3 automated drone stations for 24/7 operations. They describe the Dock 3 as the most technologically advanced drone-in-a-box solution, optimized for weatherproof, vehicle-mounted deployment with Matrice 4D and 4TD drones. The company maintains stock availability and provides comprehensive product information for industrial drone applications in Poland."
TS2 Space,Poland,Authorized Dealer,Dock 2,Unknown,https://ts2.store,,https://ts2.store/en/drones/19768-dji-dock-2-docking-station-6941565974853.html,Company Website,https://ts2.store/en/drones/17603-dji-dock-2-combo-with-matrice-3td-sp-2yr.html,Company Website,High,"TS2 Space is a Warsaw-based dealer (Aleje Jerozolimskie 65/79, 00-697 Warsaw) offering DJI Dock 2 docking stations and complete combo packages with Matrice 3TD drones including 2-year service plans. They provide VAT-free export to Ukraine and serve the Polish and regional market with enterprise drone solutions. The company emphasizes the Dock 2's compact size and effortless deployment of Matrice 3D/3TD drones with top-notch security."
Drone Parts Center,Poland,Authorized Dealer,Dock 3,Unknown,https://drone-parts-center.com,,https://drone-parts-center.com/en/product/dji-dock-3-the-stand-alone-docking-station-for-professional-drones/,Company Website,https://drone-parts-center.com/en/product-category/drone-in-the-box-en/,Company Website,High,"Drone Parts Center is a Polish retailer offering DJI Dock 3 as an advanced autonomous drone station for 24/7 operations. They emphasize the Dock 3's waterproof IP56 rating, fast recharging capabilities, and precise RTK positioning for professional drone applications. The company provides detailed pricing and specifications for enterprises seeking autonomous drone-in-a-box solutions in Poland."
Systronics Co. Ltd.,Thailand,Authorized Dealer,"Dock 2, Dock 3",Unknown,https://www.systronics.co.th,https://www.linkedin.com/company/systronics,https://www.scribd.com/document/857643135/TTD-SYSTRONICS-THAILAND,Industry Document,https://uasweekly.com/2024/10/24/systronics-co-ltd-partners-with-flytbase-to-accelerate-the-adoption-of-docked-drones-in-thailand/,Industry Article,High,"Systemronics is the largest DJI distributor in Thailand and a FlytBase Gold Partner. The company launched DJI Dock 2 officially in Thailand on May 11, 2024, and is driving adoption of docked drone operations across multiple use cases including security, surveillance, mapping, and inspections. Systronics combines FlytBase's secure and scalable drone autonomy software with their deep industry knowledge to provide integration and BVLOS capabilities for construction, security, and public safety sectors. They showcased DJI Dock 3 at the 8th Science, Technology, and Innovation for a Changing Sea conference, featuring AI-powered automation for coastal and marine operations."
Aonic Thailand,Thailand,Authorized Dealer,"Dock 1, Dock 2, Dock 3",Unknown,https://aonic.com,https://www.facebook.com/aonic.th,https://aonic.com/th/eng/dji/dji-dock/,Company Website,https://aonic.com/th/dji/dock-2/,Company Website,High,"Aonic Thailand is an authorized DJI dealer offering the complete DJI Dock lineup including Dock 1 (Matrice 30 series), Dock 2 (Matrice 3D/3TD), and Dock 3 (Matrice 4D/4TD). They provide comprehensive Thai and English language product information, emphasizing 24/7 autonomous operations, weather resistance, and cloud-based fleet management through FlightHub 2. Aonic hosted major product launches in Thailand and Malaysia, demonstrating their regional presence. Their website features detailed specifications, deployment guides, and showcases capabilities like rapid charging, IP55/IP56 protection ratings, and extended operational ranges."
Thai Sky Vision,Thailand,Authorized Dealer,"Dock 2, Dock 3",Unknown,https://www.thaiskyvision.com,https://www.facebook.com/ThaiSkyVision,https://www.thaiskyvision.com/dji-dock-3,Company Website,https://www.thaiskyvision.com/djidock2,Company Website,High,"Thai Sky Vision is a DJI Enterprise distributor/dealer in Thailand specializing in drone solutions for survey, mapping, and inspection applications. They offer both DJI Dock 2 and Dock 3 with comprehensive Thai-language product pages. The company provides sales and services including UAV survey engineering pilots and modern technology for accurate work. They exhibited at Architect'24 (booth L804), showcasing various drone models to help customers select appropriate solutions. Thai Sky Vision serves industries requiring automated inspection, security patrol, and rescue operations with tested real-world drone technology."
Drone Association Thailand (Droneth.or.th),Thailand,Authorized Dealer,"Dock 1, Dock 2",Unknown,https://droneth.or.th,,https://droneth.or.th/en/product/dji-dock-2/,Company Website,https://droneth.or.th/ko/product/dji-dock/,Company Website,High,"Drone Association Thailand offers both DJI Dock 1 and Dock 2 with detailed Thai specifications. For Dock 1, they emphasize its rugged IP55 design, 105kg weight, 25-minute fast charging, 7km range, and -35°C to 50°C operating temperature with Matrice 30 Series compatibility. For Dock 2, they highlight its lightweight 34kg design, IP55 rating, 32-minute charging, 10km range, RTK multi-constellation support, comprehensive environmental sensors (wind, rain, temperature, humidity), and lightning protection for both AC and Ethernet. Contact via Line ID: @droneth."
DJI 13 Store (Enterprise 13 Store),Thailand,Authorized Dealer,Dock 3,Unknown,https://www.dji13store.com,https://www.facebook.com/enterprise13store,https://www.dji13store.com/dji-dock-3/,Company Website,https://thaismegp.sme.go.th/sme/648acdd26f745011151707e6,Government Registry,High,"DJI 13 Store (also known as Enterprise 13 Store or หนึ่งสาม สโตร์ จำกัด) is a registered Thai company in Bangkok offering DJI Dock 3 autonomous drone station for 24/7 surveillance and inspection operations. They are listed in Thailand's official SME registry for government procurement. The company emphasizes Dock 3's industrial-grade waterproof and dustproof construction, fast charging, RTK positioning system, and comprehensive environmental sensors. They market the solution as an intelligent platform for faster, more durable, and smarter autonomous operations with AI capabilities, 54-minute flight time, and 10-second takeoff readiness."
Africa Drone Kings,South Africa,Authorized Dealer,"Dock 1, Dock 3",Unknown,https://africadroneking.co.za,,https://africadroneking.co.za/product/dji-dock/,Company Website,https://www.facebook.com/AfricaDroneKings/photos/protect-mines-with-dji-dock-3mining-security-requires-more-than-cameras-and-fen,Social Media Post,High,"Africa Drone Kings is South Africa's leading DJI Approved repair center offering DJI Dock and Dock 3 solutions for mining security, industrial sites, and automated drone deployment. Operating from Gauteng and Western Cape locations."
Afri Air (Afrika Drones),South Africa,Authorized Dealer,Dock 3,Unknown,https://aadrones.co.za,,https://aadrones.co.za/product/dji-dock-3/,Company Website,https://aadrones.co.za/introducing-the-dji-dock-3-autonomous-drone-operations/,Company Blog,High,"Afri Air is a licensed DJI distributor specializing in DJI Dock 3 solutions for South African farms and agricultural operations. They emphasize the system's weather resistance (IP56 dock, IP55 drones) and ability to operate in harsh South African conditions from -30°C to 50°C."
GoThermal,South Africa,Authorized Dealer,Dock 1,Unknown,https://www.gothermal.co.za,,https://www.gothermal.co.za/products/dji-dock,Company Website,,,Medium,"GoThermal offers DJI Dock solutions with Matrice 30/30T integration, emphasizing IP55 protection, -35°C to 50°C operating temperature, 7km operation radius, and automated missions via DJI FlightHub 2."
GoUAV,South Africa,Authorized Dealer,"Dock 1, Dock 2, Dock 3",4+,https://gouav.co.za,,https://gouav.co.za/products/dji-m30-dock,Company Website,https://www.facebook.com/GoUAVSA/photos/were-thrilled-to-share-a-milestone-at-gouav-the-deployment-of-four-dji-dock-syst/1410601,Social Media Post,High,"GoUAV achieved a major milestone deploying four DJI Dock systems for a prominent mining company in Africa, with a fifth system planned. They offer Dock 1, Dock 2, and Dock 3 solutions with various Matrice drone configurations."
Optron,South Africa,Authorized Dealer,Dock 2,Unknown,https://optron.com,,https://optron.com/dji/portfolio/dji-dock-2/,Company Website,,,Medium,"Optron supplies and supports DJI Dock 2 in South Africa, including installation, training, and ongoing support. They emphasize the Dock 2's compact design (75% smaller, 68% lighter than predecessor) and IP55 dust/water resistance."
24/7 Drone Force,South Africa,Drone Service Provider,Dock 3,Unknown,https://www.24-7droneforce.co.za,https://www.linkedin.com/company/24-7-drone-force/,https://www.linkedin.com/posts/24-7-drone-force_247droneforce-drones-uas-activity-7434270222213349376-eq39,LinkedIn Post,https://www.flytbase.com/case-studies/24-7-drone-force-residential-estate-security-docks-south-africa,DJI Case Study,High,"24/7 Drone Force has deployed dual DJI Dock 3 configurations for semi-autonomous mobile surveillance in South Africa. They integrate DJI Dock systems with FlytBase autonomy platform for residential estates, mining operations, industrial parks, and city improvement districts. SACAA approved BVLOS operations."
DroneIT,South Africa,Authorized Dealer,Dock 1,Unknown,https://www.droneitsa.co.za,,https://www.droneitsa.co.za/dji-dock-m30-series/,Company Website,,,Medium,DroneIT South Africa offers DJI Dock M30 Series solutions with Matrice 30 integration for automated missions programmed via DJI FlightHub 2. They provide warranty training and Remote Pilot Certificate (RPC) services.
HDRT,South Africa,Authorized Dealer,Dock 2,Unknown,https://www.hdrt.co.za,,https://www.hdrt.co.za/dji-dock-2,Company Website,,,Medium,"HDRT offers DJI Dock 2 solutions in Pretoria, Gauteng, emphasizing the first dock adaptable for vehicle mounting. Located at Rietfontein Agricultural Holdings."
SkyFarmers,South Africa,Authorized Dealer,Dock 3,Unknown,https://www.skyfarmers.co.za,,https://www.skyfarmers.co.za/pages/dock-3,Company Website,,,Medium,"SkyFarmers is a trailblazer in integrating drone technology into South African farming, offering DJI Dock 3 solutions with mobile vehicle-mounted deployment capability, heat resistance up to 50°C, and cold resistance down to -30°C."
Caelum Technologies,South Africa,Authorized Dealer,"Dock 2, Dock 3",Unknown,https://www.caelumtech.co.za,,https://www.caelumtech.co.za/product-page/dji-dock-2,Company Website,,,Medium,"Caelum Technologies is an approved DJI reseller based in Cape Town offering DJI Dock 2 and Dock 3 solutions. The Dock 2 weighs 34kg (75% smaller, 68% lighter than predecessor) with IP55 protection and integrated environmental monitoring."
Stablegen Drones,South Africa,Drone Service Provider,Dock 3,Unknown,,https://www.linkedin.com/company/stablegen-drones/,https://www.linkedin.com/posts/peter-karanja-a86733152_djienterprise-djidock3-dronetechnology-activity-7425055765415235584-4C9c,LinkedIn Post,,,Medium,"Stablegen Drones demonstrated DJI Dock 3 capabilities in South Africa, partnering with Astral Aerial Solutions to showcase automated BVLOS operations for African sectors including mining, energy, ports, plantations, and manufacturing."
Astral Aerial Solutions,South Africa,Drone Service Provider,Dock 3,Unknown,https://astral-aerial.com,https://www.linkedin.com/company/astral-aerial-solutions/,https://www.linkedin.com/posts/peter-karanja-a86733152_djienterprise-djidock3-dronetechnology-activity-7425055765415235584-4C9c,LinkedIn Post,,,Medium,"Astral Aerial Solutions provides drone solutions in agricultural, imaging, inspection and logistics industries. They partnered with Stablegen Drones to demonstrate DJI Dock 3 capabilities for African markets, focusing on BVLOS automation use cases."
Babanango Game Reserve,South Africa,End-buyer (Enterprise),Dock 3,Unknown,https://babanangogamereserve.co.za,,https://www.facebook.com/DJIEnterpriseOfficial/videos/how-drones-help-protect-wildlife-in-south-africa-dji-dock-3in-wildlife-con,Social Media Post,,,Medium,"Babanango Game Reserve in South Africa uses DJI Dock 3 for wildlife conservation and anti-poaching operations. The system enables instant drone deployment when alerts are triggered, providing real-time aerial surveillance for wildlife protection."
Candrone,Canada,Authorized Dealer,Dock 2,Unknown,https://candrone.com,https://www.linkedin.com/company/candrone/,https://candrone.com/collections/buy-dji-dock-2-in-north-america,Company Website,https://www.linkedin.com/posts/candrone_drones-publicsafety-deltapolice-activity-7231723283472072704--R6N,LinkedIn Post,High,"Candrone is North America's DJI Dock 2 Authorized dealer with experts trained by DJI to service and install the Dock system. They installed the DJI Dock 2 on the roof of Delta Police Department (BC) headquarters, enabling Drone as First Responder (DFR) program. They also offer Dock 2 rental at $4,000 CAD and sell DJI Dock 2 with Matrice 3D Mapping bundle for $17,698 CAD."
Volatus Drones,Canada,Authorized Dealer,"Dock 1, Dock 2, Dock 3",Unknown,https://volatusdrones.ca,https://www.linkedin.com/company/volatus-drones/,https://volatusdrones.ca/products/dji-dock-2,Company Website,https://volatusdrones.ca/products/dji-dock-3,Company Website,High,"Volatus Drones Canada (formerly OmniView Tech) is one of North America's fastest-growing drone distributors and integrators. They offer DJI Dock 1, 2, and 3, with the Dock 3 sold as CSA Standard Compliant (Overseas Edition) for the Canadian market. They provide free shipping across Canada and stock all Dock spare parts for all models."
DrDrone.ca,Canada,Authorized Dealer,"Dock 2, Dock 3",Unknown,https://drdrone.ca,,https://drdrone.ca/pages/dji-dock-2,Company Website,https://drdrone.ca/products/dji-dock-3,Company Website,High,"DrDrone.ca markets itself as the destination to ""Buy the DJI Dock 2 in Canada and the USA"", selling both Dock 2 and Dock 3. They provide comprehensive product detail pages with Canadian-specific guidance on deployment, charging, and compliance with Transport Canada requirements."
DroneLabs.ca,Canada,Authorized Dealer,"Dock 2, Dock 3",Unknown,https://dronelabs.ca,,https://dronelabs.ca/products/dji-dock-3,Company Website,https://dronelabs.ca/products/dji-dock,Company Website,High,"DroneLabs.ca is a top DJI drone dealer in Canada offering both DJI Dock 2 and Dock 3 with full product pages covering autonomous operations, vehicle-mounted deployment, and integration with DJI FlightHub 2. They position themselves as Canada's premier DJI retail and enterprise partner."
Measur Canada,Canada,Authorized Dealer,"Dock 1, Dock 2, Dock 3",Unknown,https://measur.ca,https://www.linkedin.com/posts/measurcanada_djienterprise-djidock3-industrialdrones-activity-7415076376388657152-iYAE,https://measur.ca/products/dji-dock-3,Company Website,https://measur.ca/blogs/news/dock-3,Company Blog,High,"Measur Canada stocks all three DJI Dock generations, specifically calling out cold-weather performance: ""Canadian winters can be rough — we have a drone-in-a-box that works in heavy snowfall!"" Their Dock 3 vs. Dock 2 comparison blog is tailored to Canadian operators, highlighting the new vehicle-mounted deployment. Measur emphasizes the Dock 3 operating from -30°C to 50°C for year-round Canadian operations."
DronePoint Canada,Canada,Authorized Dealer,Dock 3,Unknown,https://dronepoint.ca,,https://dronepoint.ca/products/dji-dock-3overseas-edition,Company Website,,,Medium,"DronePoint Canada sells the DJI Dock 3 (Overseas Edition, flame-retardant foam version) specifically for the Canadian market. They emphasize 24/7 remote missions with Matrice 4D and 4TD drones and AI change detection capabilities."
IN-FLIGHT Data,Canada,Drone Service Provider,Dock 2,Unknown,https://inflightdata.ca,,https://inflightdata.ca/news/f/dji-dock-2-achieves-full-operational-capability-in-arctic-canada,Company Website,https://dronelife.com/2024/12/23/in-flight-data-reaches-full-operational-capability-of-dji-dock-2-in-northern-canada/,Industry Article,High,"IN-FLIGHT Data is one of Canada's leaders in advanced drone operations. They achieved Full Operational Capability (FOC) of DJI Dock 2 for a Northern Canada oil and gas client operating near the Arctic Circle, with temperatures below -25°C and winds up to 40 km/h. They operate a remote operations center and their client Detect Canada stated the Dock 2 ""transformed how we approach surveillance and identification"" across remote industrial sites."
Delta Police Department,Canada,Government/Public Safety,Dock 2,Unknown,https://www.deltapolice.ca,,https://www.deltapolice.ca/media/delta-police-department-launches-innovative-drone-first-responder-program,Government Record,https://dronexl.co/2025/02/06/delta-police-drone-as-first-responder/,Industry Article,High,"Delta Police Department (British Columbia) deployed DJI Dock 2 on the roof of their headquarters as part of a Drone as First Responder (DFR) program, in partnership with Candrone. Drones can be airborne within 45 seconds and on-scene in ~4 minutes. They secured a Special Flight Operations Certificate (SFOC) from Transport Canada. DPD is planning further expansion with multiple Dock 2 units across Delta to achieve citywide coverage."
McGill University - Applied Remote Sensing Lab,Canada,Others,Dock 2,Unknown,https://www.mcgill.ca,https://www.linkedin.com/posts/margaret-kalacska-2b719559_very-excited-to-share-our-new-paper-published-activity-741542487975747,https://www.linkedin.com/posts/margaret-kalacska-2b719559_landslides-photogrammetry-djidock2-activity-7353185467611160576-V86q,LinkedIn Post,,,Medium,"McGill University's Applied Remote Sensing Lab (Dr. Margaret Kalacska) deployed DJI Dock 2 at Miles Ridge landslide site in Yukon Territory for automated geohazard monitoring. Described as ""the first scientific implementation of the Dock 2 in Canada for natural hazard monitoring."" Published a peer-reviewed paper in Jan 2026 on the results. Collaborative project with Yukon Geological Survey, National Research Council Canada, and NSERC Alliance funding."
Drone Parts Center,Belgium,Authorized Dealer,"Dock 2, Dock 3",Unknown,https://drone-parts-center.com,https://www.linkedin.com/company/drone-parts-center,https://drone-parts-center.com/en/product-category/drone-for-professional-use/drone-in-the-box-en,Company Website,https://drone-parts-center.com/en/blog/dji-dock-3-features-pricing-and-availability/,Company Blog,High,"Drone Parts Center is the official DJI Enterprise Certified Distributor and Dock 3 Certified partner for Belgium, Luxembourg and the Netherlands, based in Nivelles (30 minutes from Brussels). They have equipped 10+ police zones with DJI systems and offer Dock 2 and Dock 3 solutions with on-site demonstrations, full installation, commissioning, regulatory support (SORA, ConOps), and local after-sales service. Their website confirms widespread adoption of DJI Dock 3 by security forces and emergency services in Belgium, and they offer a 24/7 fixed surveillance bundle (Dock 3 + Matrice 4TD) tailored for Belgian weather conditions from -30°C to +50°C."
DroneLand,Belgium,Authorized Dealer,"Dock 1, Dock 2, Dock 3",Unknown,https://droneland.be,https://www.linkedin.com/company/droneland,https://droneland.be/drones/dji-enterprise/dji-dock,Company Website,https://droneport.eu/2025/05/15/droneland-introduces-belgiums-first-mobile-drone-hub-dji-dock-3-unlocking-new-opportunities-for-,Industry Article,High,"DroneLand is a leading DJI Enterprise dealer in the Benelux operating from Belgium and the Netherlands. They were the first in the Benelux to receive the DJI Dock 2. They offer DJI Dock 1 (with Matrice 30T), Dock 2 (Matrice 3D/3TD), and Dock 3. In May 2025 at DronePort, DroneLand introduced Belgium's first mobile drone hub using DJI Dock 3 (branded ""Pick-Hub""), enabling automated drone operations without fixed infrastructure. They also sell FlytBase Enterprise subscriptions for Dock 2/Dock 3 operations. DroneLand is specially trained by DJI for complete installation and maintenance of DJI Dock systems in the Benelux."
Droprise,Belgium,System Integrator,Dock 2,Unknown,https://www.droprise.be,https://be.linkedin.com/company/droprise,https://www.droprise.be/en_GB/shop/dji-dock-2,Company Website,https://www.unmannedairspace.info/uncategorized/flytbase-partners-with-droprise-for-docked-drone-operations-in-belgium/,Industry Article,High,"Droprise is an authorized DJI Enterprise dealer and official DJI Dock partner in the Benelux, headquartered in Oostende, Belgium. Founded in 2019, they specialize in professional drone solutions for security monitoring, infrastructure inspections, and BVLOS operations. They partnered with FlytBase to enable docked drone operations in Belgium, offering integration training, BVLOS advisory, and deployment support. Their website lists DJI Dock 2 and they serve as system integrators combining DJI hardware with FlytBase, Pix4D, and Trimble for enterprise clients."
DroneDepot.be,Belgium,Authorized Dealer,Dock 1,Unknown,https://www.dronedepot.be,,https://www.dronedepot.be/product/dji-dock/,Company Website,,,Medium,"DroneDepot.be is a Belgian DJI specialist and authorized DJI dealer based in Affligem, Belgium. They sell the original DJI Dock (Dock 1) with the Matrice 30T for fully autonomous 24/7 operations programmed via DJI FlightHub 2. The company describes itself as Belgium's specialist drone retailer offering expert advice, fast delivery, and complete support for DJI products."
Belgian Police – CARMA Zone,Belgium,Government/Public Safety,Dock 1,Unknown,https://www.police.be,,https://www.youtube.com/watch?v=pXzp6OM-voo,Company Video,https://www.airhub.app/resources/how-belgian-police-use-drones-for-real-time-situational-awareness,Industry Article,Medium,"The Belgian Police (specifically the CARMA zone in East Belgium) is a confirmed end-user of DJI Dock technology for public safety operations. Superintendent Bart Ramaekers (UAS State Operator) spoke at the DJI Enterprise European Police Conference in Berlin about their deployment of DJI Dock during a volcanic eruption to monitor safety conditions, and for monitoring football matches. The Belgian Police use AirHub's drone platform for centralized fleet management and real-time situational awareness. The CARMA zone was also involved in the early-stage DiaB pilot project in Genk with Citymesh's SENSE drone network for emergency response."
Youngin Mobility (영인모빌리티),South Korea,System Integrator,"Dock 1, Dock 3",Unknown,https://www.younginmobility.com,https://www.linkedin.com/company/younginmobility,https://www.younginmobility.com/sub-main/sub/152,Company Website,https://www.youtube.com/watch?v=2eU-e8LE5BU,Company Video,High,"Youngin Mobility is an official DJI Enterprise partner in South Korea, part of the Youngin Group conglomerate. They actively promote and deploy DJI Dock 1 and Dock 3 solutions, including producing Korean-language promotional videos for DJI Dock 3 as the authorized enterprise partner. Their YouTube channel shows the Dock 3 station in Korea deployment use cases. They serve construction, inspection, digital twin, and environmental monitoring sectors across South Korea and provide DJI Terra webinar training as a certified DJI Enterprise partner."
Koseco (코세코),South Korea,Authorized Dealer,Dock 3,Unknown,https://koseco.co.kr,,https://koseco.co.kr/product/dock3/,Company Website,https://kosecomall.com,Company Website,High,"Koseco is the official DJI partner in South Korea, with over 20 years of experience in the surveying and mapping industry (established drone operations in 2019). They are listed as an official DJI Enterprise dealer on DJI's global find-a-dealer page and sell DJI Dock 3 through both their main website (koseco.co.kr) and their e-commerce platform (kosecomall.com). The company specializes in industrial and enterprise drones, GNSS, and surveying equipment for the Korean professional market."
Hanbit Drone (한빛드론),South Korea,Authorized Dealer,"Dock 1, Dock 2, Dock 3",Unknown,https://www.hanbitdrone.com,https://www.linkedin.com/company/hanbitdrone,https://www.hanbitdrone.com/50,Company Website,https://www.hanbitdrone.com/53/?bmode=view&idx=169044206,Company Website,High,"Hanbit Drone is an official DJI Enterprise authorized dealer in Korea, founded in 2006 (drone operations from 2015), based in Incheon. They sell DJI Dock 1, Dock 2, and Dock 3, and publish Korean-language product manuals and installation guides for all three dock generations. They are listed on DJI's official Korean enterprise dealer page. The company is a drone integrated solution provider serving enterprises and national institutions with consumer, enterprise, and agricultural drones across South Korea."
ECOROBOTECH (에코로보텍),South Korea,System Integrator,"Dock 2, Dock 3",Unknown,https://ecorobotech.co.kr,https://www.instagram.com/dji_korea_enterprise_dealer/,https://www.youtube.com/watch?v=_w1IiJU14mQ,Company Video,https://www.youtube.com/watch?v=t53wbgNLWsE,Company Video,High,"ECOROBOTECH is an official DJI Enterprise partner in South Korea, based in Incheon (Seo-gu, Robotland, listed on DJI's official Korean dealer page). They are a highly active system integrator: deployed DJI Dock 2 at GS Caltex for industrial facility inspections (fire drills, facility inspection, safety management), and engineered the landmark 10-site DJI Dock 3 network in Yeongdeok County for 24/7 autonomous forest fire and mountain monitoring. The Yeongdeok project made Yeongdeok the first regional government in Korea to deploy a comprehensive DJI Dock drone network, with 10 stations and 10 drones operating continuously."
Hyundai Engineering & Construction,South Korea,End-buyer (Enterprise),Dock 3,Unknown,https://www.hdec.kr,https://www.linkedin.com/company/hyundaienc,https://www.prnewswire.com/apac/news-releases/dji-docks-transform-hyundai-ecs-namyangju-wangsuk-relocation-project-in-south-korea,Press Release,https://enterprise-insights.dji.com/blog/tag/dji-dock-3,DJI Case Study,High,"Hyundai Engineering & Construction (Hyundai E&C) deployed DJI Dock 3 at the Namyangju Wangsuk National Route 47 Underground Relocation Project — Korea's largest civil engineering project ever awarded (KRW 1.05 trillion), featuring the nation's first four-layer underground tunnel system spanning 6.4 km. Using DJI Dock 3, automated site surveys now cover the full 6.4 km corridor bi-weekly. The setup integrates with Angelswing's digital twin platform and marked the first real-world DJI Dock 3-based automated drone operations on a Korean construction site. Field Operations Team Leader Won Chong Wook confirmed regular automated monitoring made site management far more efficient."
SK hynix,South Korea,End-buyer (Enterprise),Dock 3,Unknown,https://www.skhynix.com,https://www.linkedin.com/company/sk-hynix,https://enterprise-insights.dji.com/blog/how-sk-hynix-uses-dji-dock-3-to-power-smarter-construction-site-management,DJI Case Study,https://www.youtube.com/watch?v=MR3-aeuBjpg,Company Video,High,"SK hynix, one of South Korea's leading semiconductor companies, deployed DJI Dock 3 at the Yongin Semiconductor Cluster — Korea's largest semiconductor construction project spanning 4.16 million square meters (KRW 2.5 trillion total budget). Using DJI Dock 3 with DJI FlightHub 2, they conduct automated scheduled patrols and data collection across the entire site, operating even in sub-zero winter conditions. DJI Enterprise published a formal case study in March 2026, highlighting how Dock 3 enabled comprehensive remote project management without on-site presence, significantly improving construction monitoring efficiency and data quality."
Angelswing (엔제스윈),South Korea,System Integrator,"Dock 2, Dock 3",Unknown,https://angelswing.io,https://www.linkedin.com/company/angelswing,https://www.linkedin.com/posts/angelswing_angelswing-hyundaie-namyangjuwangsuk-activity-7363493063563882501-eZ-a,LinkedIn Post,https://kr.linkedin.com/company/angelswing,LinkedIn Post,High,"Angelswing is a Seoul-based drone data and digital twin platform (founded 2016, 11-50 employees). They integrated DJI Dock 2 automated flights into their construction site monitoring platform, and deployed their drone automation system with DJI Dock 3 at Hyundai E&C's Namyangju Wangsuk project — marking the first real-world DJI Dock 3-based automated drone operations on a Korean construction site. Their platform uses drone-captured imagery to create 3D digital twins of jobsites from planning to completion. Uses Korean domestic cloud servers to prevent data export overseas."
Yeongdeok County Government (영덕군청),South Korea,Government/Public Safety,Dock 3,10,https://www.yd.go.kr,,https://www.youtube.com/watch?v=t53wbgNLWsE,Company Video,https://www.linkedin.com/posts/dji_dji-dock-solutions-for-the-future-of-fire-activity-7396174959078883328-2Pnp,LinkedIn Post,High,"Yeongdeok County Government deployed a 10-site DJI Dock 3 network — the first regional government in South Korea to achieve this scale. The system runs 24/7 automated drone missions to monitor mountains, forests, and nearby areas for forest fires and safety hazards. Each of the 10 stations operates a DJI Dock 3 for autonomous patrolling, verification without risking human lives, and complete coverage with no blind spots. The system was engineered by ECOROBOTECH and represents a landmark government deployment for fire prevention and public safety in Korea."
GS Caltex,South Korea,End-buyer (Enterprise),Dock 2,Unknown,https://www.gscaltex.com,https://www.linkedin.com/company/gscaltex,https://www.youtube.com/watch?v=_w1IiJU14mQ,Company Video,,,High,"GS Caltex, one of South Korea's largest oil refining and energy companies, deployed DJI Dock 2 at their industrial facility in partnership with ECOROBOTECH. The DJI Dock 2 system was used for fire drill monitoring, facility inspection, safety management, and construction safety oversight across their complex. ECOROBOTECH produced a dedicated case study video showcasing real-world use of Dock 2 at GS Caltex, demonstrating how the dock effectively prevents human risk at industrial sites with multi-hazard environments."
Paladin Drones Inc.,US,dealer,Dock 3,https://www.paladindrones.io/,,https://www.paladindrones.io/drone-fleet,company_product_page,https://enterprise.dji.com/find-a-dealer,dji_ecosystem_listing,high,Houston TX; Only DJI Dock 3 certified dealer listed on DJI US official page; DFR and public safety focus; Dock 3 + M4TD deployments,
Unmanned Vehicle Technologies (UVT),US,system_integrator,Dock 1; Dock 2; Dock 3,https://www.uvt.us/,https://www.linkedin.com/company/uvtus,https://www.uvt.us/dji-dock-3,company_product_page,https://enterprise-insights.dji.com/blog/dji-dock-first-solar-inspection-in-north-america,case_study,high,Fayetteville AR + Michigan/TX; North America leading dock integrator; first-ever DJI Dock solar inspection (Enel Texas 2023); Dock 3 ready,
Advexure,US,dealer,Dock 1; Dock 2; Dock 3,https://advexure.com/,https://www.linkedin.com/company/advexure,https://advexure.com/blogs/news/dfr-with-dji-dock-3-a-4-step-guide-to-getting-started,company_blog,https://www.instagram.com/p/C6b_QL8J5dC/,company_blog,high,Irvine CA; one of North America's largest DJI Enterprise dealers; sells and supports Dock 1/2/3; supports DFR programs,
DroneNerds,US,dealer,Dock 1; Dock 2; Dock 3,https://www.dronenerds.com/,,https://www.dronenerds.com/collections/dji-dock-3,company_product_page,https://www.dronenerds.com/products/dji-dock-3-with-matrice-4td-ready-to-fly-kit-no-care,company_product_page,high,Largest DJI authorized dealer and service center in the USA; sells full DJI Dock 3 RTF kits with M4D/M4TD,
DSLRPros,US,dealer,Dock 2; Dock 3,https://www.dslrpros.com/,,https://www.dslrpros.com/products/dji-dock-3,company_product_page,https://www.dslrpros.com/collections/shop-dji-dock-series,company_product_page,high,Los Angeles CA; authorized DJI Enterprise dealer; sells Dock 2 and Dock 3 with M4D/M4TD,
DroneFly,US,dealer,Dock 2; Dock 3,https://www.dronefly.com/,,https://www.dronefly.com/products/dji-dock-3,company_product_page,https://www.dronefly.com/blogs/news/dji-dock-3-vs-dock-2-for-remote-operations-and-public-safety,company_blog,high,Authorized DJI dealer since 2012; California-based; sells Dock 3 + M4D/M4TD RTF kits,
Airworx Unmanned Solutions,US,dealer,Dock 1; Dock 2; Dock 3,https://airworxdrone.com/,,https://airworxdrone.com/products/dji-dock-3-with-matrice-4dt-aircraft-system,company_product_page,https://airworxdrone.com/collections/dji,company_product_page,high,Piedmont SC; DJI Enterprise dealer listed on DJI official page; sells Dock 1/2/3; DFR software integration; baby deer thermal rescue demo,
Vertex Unmanned Solutions,US,dealer,Dock 1; Dock 2; Dock 3,https://www.vertexunmanned.com/,https://www.linkedin.com/company/vertex-unmanned-solutions,https://www.linkedin.com/posts/vertex-unmanned-solutions_the-dji-dock-3-is-the-next-step-in-drone-activity-7404218473377222656-v,linkedin_post,https://enterprise.dji.com/find-a-dealer,dji_ecosystem_listing,high,Minneapolis MN area; DJI Enterprise dealer listed on official page; deployed 7 DJI Docks in 5 days; Dock 3 demo deployments,
B&H Foto & Electronics,US,dealer,Dock 3,https://www.bhphotovideo.com/,,https://www.bhphotovideo.com/c/product/1959240-REG/dji_cp_en_00000590_02_dock_3_overseas_edition.html,company_product_page,https://enterprise.dji.com/find-a-dealer,dji_ecosystem_listing,high,New York City NY; authorized DJI Enterprise dealer listed on DJI official page; sells DJI Dock 3,
Frontier Precision,US,dealer,Dock 1; Dock 2,https://frontierprecision.com/,https://www.linkedin.com/company/frontier-precision-inc.,https://frontierprecision.com/solutions/unmanned/drone-docs/,company_product_page,https://dot.alaska.gov/comm/pressbox/arch2023/PR23-0016.shtml,case_study,high,Multiple western US offices (WA/AK/MT/CO); DJI Dock 1 deployment for Alaska DOT avalanche monitoring; FlytBase Gold Partner for Dock 2,
Strayos Inc,US,solution_provider,Dock 1; Dock 3,https://www.strayos.com/,,https://www.linkedin.com/posts/strayos_strayos-now-integrates-with-dji-dock-3-zero-touch-activity-7369100657137545217-PPtt,linkedin_post,https://enterprise.dji.com/find-a-dealer,dji_ecosystem_listing,high,Buffalo NY; AI photogrammetry software for mining; zero-touch integration with DJI Dock 3 via FlightHub 2; listed as DJI Enterprise dealer,
DroneDeploy,US,solution_provider,Dock 1; Dock 2; Dock 3,https://www.dronedeploy.com/,https://www.linkedin.com/company/dronedeploy,https://www.dronedeploy.com/product/dock-automation,company_product_page,https://www.dronedeploy.com/blog/everything-you-need-to-know-about-the-dji-dock-2,company_blog,high,San Francisco CA; leading drone autonomy software platform; Dock Automation product for Dock 1/2/3; Dock Shield security; partnered with BNSF,
FlytBase,US,solution_provider,Dock 1; Dock 2; Dock 3,https://www.flytbase.com/,https://www.linkedin.com/company/flytbase,https://www.flytbase.com/dji-dock-3,company_product_page,https://www.flytbase.com/dji-dock-2,company_product_page,high,San Jose CA; enterprise drone autonomy software platform; integrates with all DJI Dock models; 20+ industries; Gold Partner with Frontier Precision,
DroneSense (Versaterm),US,solution_provider,Dock 1; Dock 2; Dock 3,https://dronesense.com/,https://www.linkedin.com/company/dronesense,https://www.versaterm.com/solution/dronesense/,company_product_page,https://www.youtube.com/watch?v=INBFXVWeH_I,company_blog,high,Austin TX; public safety drone ops platform; native DJI Dock 1/2/3 integration; used by law enforcement for DFR; now part of Versaterm,
Raptor Maps,US,solution_provider,Dock 1; Dock 2,https://raptormaps.com/,,https://raptormaps.com/blog-posts/first-ever-dji-dock-(-drone-in-a-box-)-solar-farm-inspection-conducted-in-north-america,case_study,https://enterprise-insights.dji.com/blog/dji-dock-first-solar-inspection-in-north-america,case_study,high,Boston MA (remote); solar lifecycle software; partnered with DJI+UVT for first-ever Dock solar inspection in North America (Texas 2023),
Ovrwatch,US,system_integrator,Dock 1; Dock 2; Dock 3,https://ovrwatch.io/,https://www.linkedin.com/company/ovrwatch-usa,https://enterprise-insights.dji.com/user-stories/ashevilles-blueprint-how-drones-redefined-disaster-response-during-hurricane-helene,case_study,https://dronedj.com/2025/05/03/how-drones-transformed-ashevilles-disaster-response/,industry_article,high,DFR integrator; deployed 13 DJI Docks (mix of Dock 1/2/3) for Asheville Police Dept post-Hurricane Helene; 30-sec dispatch; BVLOS waiver,
Premier Security Solutions,US,operator_end_user,Dock 2,https://premiersecuritysolutions.com/,,https://www.flytbase.com/case-studies/premier-security-autonomous-drone-surveillance,case_study,https://enterprise-insights.dji.com/blog/docked-drones-the-future-of-commercial-security,case_study,high,Michigan (Global SOC); commercial security operator; deployed DJI Dock 2 + M3TD for 24/7 facility surveillance; partnered with UVT + DJI,
BNSF Railway,US,operator_end_user,Dock 1,https://www.bnsf.com/,,https://dronelife.com/2023/10/11/what-automation-really-looks-like-bnsf-railway-on-drone-docks-inventory-management-and-more-from-the-floor-of-ddc-23/,industry_article,https://enterprise-insights.dji.com/blog/dji-dock-future-of-work,case_study,high,Fort Worth TX (HQ); North America largest freight railroad; DJI Dock deployed for BVLOS container inventory management; FAA BVLOS waiver holder,
Enel Green Power North America,US,operator_end_user,Dock 1,https://www.enelgreenpowernam.com/,,https://raptormaps.com/blog-posts/first-ever-dji-dock-(-drone-in-a-box-)-solar-farm-inspection-conducted-in-north-america,case_study,https://enterprise-insights.dji.com/blog/dji-dock-first-solar-inspection-in-north-america,case_study,high,Texas (181 MWdc solar site); first-ever utility-scale DJI Dock solar inspection in North America (2023); with UVT + Raptor Maps,
Fowado Technology Group,US,dealer,Dock 1; Dock 2; Dock 3,https://www.fowadotechnologygroup.com/,,https://www.fowadotechnologygroup.com/security-drones,company_product_page,https://enterprise.dji.com/find-a-dealer,dji_ecosystem_listing,medium,Tampa FL; DJI Enterprise dealer listed on official DJI page; security drone integrator; DJI Dock reseller,
International Trading & Communications Corp,US,dealer,Dock 1; Dock 2; Dock 3,https://www.ibandd.wixsite.com/itandc,,https://enterprise.dji.com/find-a-dealer,dji_ecosystem_listing,,,low,Brooklyn NY; listed as DJI Enterprise dealer on official page; limited public web presence,
RobotLAB Inc,US,dealer,Dock 1; Dock 2; Dock 3,https://www.robotlab.com/,,https://enterprise.dji.com/find-a-dealer,dji_ecosystem_listing,,,medium,Southlake TX; listed as DJI Enterprise dealer on official page; STEM + enterprise robotics/drone integration,
Drone Works,US,dealer,Dock 1; Dock 2; Dock 3,https://www.drone-works.com/,,https://enterprise.dji.com/find-a-dealer,dji_ecosystem_listing,,,medium,Spring Hill FL; listed as DJI Enterprise dealer on official page,
AKDRONE LLC,US,dealer,Dock 1; Dock 2; Dock 3,,,https://enterprise.dji.com/find-a-dealer,dji_ecosystem_listing,,,medium,Valdez AK; listed as DJI Enterprise dealer on official page; Alaska-based operations,
Drone Deer Recovery,US,dealer,Dock 1; Dock 2; Dock 3,https://www.dronedeerrecovery.com/,,https://enterprise.dji.com/find-a-dealer,dji_ecosystem_listing,,,low,Dundee OH; listed as DJI Enterprise dealer on official page; niche wildlife/hunting applications,
Globe Flight GmbH,Germany,dealer,Dock 1|Dock 2|Dock 3,https://www.globe-flight.de,https://www.linkedin.com/company/globe-flight,https://www.globe-flight.de/DJI-Dock-3-EN,company_product_page,https://uasweekly.com/2023/11/15/drone-harmony-and-globe-flight-provide-the-leading-drone-in-a-box-solution/,industry_article,high,"DJI-listed intermediary for all Dock models; exclusive distributor for Drone Harmony software in DE/AT; certified Dock training center; Regensburg-Barbing, Bavaria",
Droniq GmbH,Germany,system_integrator,Dock 1|Dock 2|Dock 3,https://droniq.de,https://de.linkedin.com/company/droniq,https://droniq.de/en/dji-dock-europaweit-erste-betriebsgenehmigung/,press_release,https://droniq.de/en/produkte/drone-in-a-box-system/dji-dock-2/,company_product_page,high,Europe's first DJI Dock BVLOS operating license (2023); joint venture Deutsche Flugsicherung & Deutsche Telekom; sells and integrates all Dock models; Frankfurt-based; Dock 3 training completed,
Solectric GmbH,Germany,dealer,Dock 1,https://solectric.eu,https://www.linkedin.com/company/solectric-gmbh,https://www.solectric.de/2023/05/25/wir-praesentieren-einen-der-ersten-voll-automatisierten-drohnenfluege-in-europa/?lang=en,press_release,https://store.dji.com/pages/where-to-buy-enterprise-dealers,dji_ecosystem_listing,high,"Largest DJI distributor in Europe; first automated DJI Dock flight in Germany (2023); DJI-listed official dealer; Ubstadt-Weiher, Germany",
GDDC GmbH (Solectric Holding),Germany,dealer,Dock 1,https://www.gddc-sh.de,,https://www.solectric.de/2023/10/31/we-were-the-first-company-in-germany-to-receive-a-drone-luc-certification/?lang=en,press_release,https://www.drohnen.de/50361/neu-dji-dock-2-automatisierter-drohnenflug-mit-der-dji-matrice-3d-3td/,industry_article,high,German Dynamic Drone Center; first German company with EASA LUC certification; DJI dealer in Northern Germany; specializes in automated systems like DJI Dock; part of Solectric Holding,
Pro Fly Center GmbH,Germany,system_integrator,Dock 1|Dock 2|Dock 3,https://proflycenter.com,https://www.linkedin.com/company/proflycenter,https://proflycenter.com/en/20-dienstleistungen,company_product_page,https://proflycenter.com/en/case-study-implementierung-des-dji-dock-systems-von-der-erstanalyse-bis-zur-inbetriebnahme-und-darueber-hinaus,case_study,high,"Turnkey DJI Dock implementation (SORA/OM, install, training); deployed 5 Dock stations for Bohlen & Doyen Bau; LBA BVLOS permit docs for Dock 3; Bad Schönborn, Germany; DJI drone academy partner",
Droniq GmbH (Airclip Service),Germany,dealer,Dock 1|Dock 2|Dock 3,https://www.airclip.de,https://www.linkedin.com/company/airclip,https://www.airclip.de/DJI-Dock-2,company_product_page,,company_product_page,high,"Official DJI Enterprise dealer; listed on DJI official dealer page; sells DJI Dock 2 & Dock 3; Dresden, Germany",
Airclip Service GmbH & Co. KG,Germany,dealer,Dock 2|Dock 3,https://www.airclip.de,,https://www.airclip.de/DJI-Dock-2,company_product_page,https://store.dji.com/pages/where-to-buy-enterprise-dealers,dji_ecosystem_listing,high,"Official DJI Enterprise dealer listed by DJI; sells DJI Dock 2 and Dock 3; Dresden, Germany",
Droneparts GmbH,Germany,dealer,Dock 1|Dock 2|Dock 3,https://droneparts.de,https://www.linkedin.com/company/droneparts,https://droneparts.de/Drohnen/DJI-Enterprise/DJI-Dock-2/,company_product_page,https://store.dji.com/pages/where-to-buy-enterprise-dealers,dji_ecosystem_listing,high,"Official DJI Enterprise dealer listed by DJI; stocks Dock 1/2/3 + Matrice 30/3D/4D accessories; Hessigheim, Germany (~2000 stocked parts)",
Epotronic GmbH,Germany,dealer,Dock 1|Dock 2|Dock 3,https://epotronic.com,https://www.linkedin.com/company/epotronic,https://epotronic.com/eng/DJI-Dock-3-Drone-Station/DDOC001.1,company_product_page,https://epotronic.com/eng/EPOTRONIC-Operational-Authorization/415514,company_product_page,high,"DJI Enterprise dealer & distributor; sells Dock 1/2/3; offers BVLOS operational authorization service for DJI Dock; Düsseldorf, Germany",
Kopterzentrale GmbH,Germany,system_integrator,Dock 1,https://www.kopterzentrale.de,https://www.linkedin.com/company/kopterzentrale,https://www.kopterzentrale.de/dji-dock-fluege-dienstleister-genehmigung,company_product_page,https://store.dji.com/pages/where-to-buy-enterprise-dealers,dji_ecosystem_listing,high,"Official DJI Enterprise dealer listed by DJI; DJI Dock operator-as-a-service (setup, permits, missions, data reporting); Hannover, Germany",
U-ROB GmbH,Germany,system_integrator,Dock 2,https://u-rob.com,https://www.linkedin.com/company/u-rob,https://www.condor-sicherheit.de/condor-group/aktuelles/aktuelle-meldung/detail/condor-und-u-rob-testen-dji-dock-2,press_release,https://terra-drone.net/global/2025/07/29/terra-drone-signs-distribution-agreement-with-u-rob-for-terra-xross-1/,press_release,high,Germany's largest industrial drone distributor & training company; co-tested Dock 2 with CONDOR; developed proprietary security mission software for Dock; Bielefeld (10 locations nationally),
CONDOR Schutz- und Sicherheitsdienst GmbH,Germany,operator_end_user,Dock 2,https://www.condor-sicherheit.de,https://www.linkedin.com/company/condor-security,https://www.condor-sicherheit.de/condor-group/aktuelles/aktuelle-meldung/detail/condor-und-u-rob-testen-dji-dock-2,company_blog,https://www.condor-sicherheit.de/marken/condor-ims/drohnen-technologie,company_product_page,high,"Security company actively testing & deploying DJI Dock 2 for perimeter surveillance; integrated with own certified alarm center (NSL); DJI reseller sub-brand (CONDOR Solutions); Essen, Germany",
Bohlen & Doyen Bau GmbH,Germany,operator_end_user,Dock 2,https://bohlen-doyen.com,,https://proflycenter.com/en/case-study-implementierung-des-dji-dock-systems-von-der-erstanalyse-bis-zur-inbetriebnahme-und-darueber-hinaus,case_study,,case_study,high,Major construction company; deployed 5x Dock 2 stations over 25+ km for gas pipeline construction in Northern Germany; autonomous remote monitoring with SORA/BVLOS authorization; implemented by Pro Fly Center,
Energy Robotics GmbH,Germany,solution_provider,Dock 1,https://www.energy-robotics.com,https://www.linkedin.com/company/energy-robotics,https://www.facebook.com/EnergyRoboticsGmbH/,linkedin_post,https://www.energy-robotics.com/inspection-drones,company_product_page,high,"AI software platform for autonomous industrial inspections integrated with DJI Dock; BVLOS-approved in Germany; clients include Shell, E.ON; Darmstadt, Germany; €11.5M Series A (2025)",
STRABAG SE,Germany,operator_end_user,Dock 1,https://www.strabag.com,,https://www.droneharmony.com/post/strabag,case_study,https://www.linkedin.com/posts/droneharmony_strabag-lng-terminal-construction-fully-activity-7264544179379175424-BqJo,linkedin_post,high,Major European construction firm using DJI Dock with Drone Harmony & SkyMap for LNG terminal construction monitoring in North Germany; 24/7 automated data collection & volumetric analysis,
HOCHTIEF AG,Germany,operator_end_user,Dock 2,https://www.hochtief.com,,https://skyportsdroneservices.com/2026/03/skyports-drone-services-brings-automated-bvlos-drone-in-a-box-aerial-surveying-to-germany/,press_release,https://dronelife.com/2026/03/31/bvlos-drone-in-a-box-construction-surveying-skyports-hochtief/,industry_article,high,German construction giant deploying DJI Dock 2 (via Skyports/heliguy) for BVLOS survey of Rheinbrücke Leverkusen bridge near Cologne; weekly automated 2D/3D surveys; operations piloted remotely from Spain (2026),
Röhm GmbH,Germany,operator_end_user,Dock 1,https://www.roehm.com,,https://droniq.de/en/pressemitteilung-droniq-zeigt-naechsten-entwicklungsschritt-der-industriellen-drohnennutzung-auf/,press_release,,press_release,medium,Chemical company in Darmstadt; among first industrial DJI Dock BVLOS customers in Germany; conducted Europe's first BVLOS DJI Dock commercial flight with Droniq (2023),
Drone-Rental.com,Germany,solution_provider,Dock 1|Dock 2,https://www.drone-rental.com,,https://ensun.io/search/drone-rental/germany,industry_article,,industry_article,medium,"Rental service for DJI Dock-equipped autonomous drones; customers access drones remotely for real-time missions across Europe; Oberursel (Taunus), Germany",
SaarDrones,Germany,system_integrator,Dock 3,https://www.saardrones.de,,https://www.saardrones.de/post/dji-dock-3,company_blog,,company_blog,medium,"Professional drone service and integration consultancy in Saarland; detailed DJI Dock 3 integration blog; targets industrial inspection, perimeter security, and BOS use cases",
Dronivo GmbH,Germany,dealer,Dock 1|Dock 2|Dock 3,https://www.dronivo.de,,https://www.dronivo.de/DJI_5,company_product_page,,company_product_page,medium,"DJI-authorized German dealer since 2015; lists DJI Dock series in product catalog; repair & maintenance services; Ludwigshafen, Germany",
Solectric GmbH (Drohnen-Shop.de / Lubo Tech),Germany,dealer,Dock 1|Dock 2|Dock 3,https://www.drohnen-shop.de,,https://store.dji.com/pages/where-to-buy-enterprise-dealers,dji_ecosystem_listing,,dji_ecosystem_listing,medium,"DJI official dealer (Germany) listed on DJI's where-to-buy page; Buchholz i.d. Nordheide, Germany",
Mediatec GmbH,Germany,dealer,Dock 1|Dock 2|Dock 3,https://www.mediatec.de,,https://store.dji.com/pages/where-to-buy-enterprise-dealers,dji_ecosystem_listing,,dji_ecosystem_listing,medium,"Official DJI Enterprise dealer listed by DJI; Cologne, Germany",
SAR-Systeme / Wolfgang Herm,Germany,dealer,Dock 1|Dock 2|Dock 3,https://www.sar-drohnen.de,,https://store.dji.com/pages/where-to-buy-enterprise-dealers,dji_ecosystem_listing,,dji_ecosystem_listing,medium,"DJI Enterprise dealer listed by DJI; search & rescue drone specialist; Kochel am See, Bavaria",
Copter-Expert.de,Germany,dealer,Dock 2|Dock 3,https://copter-expert.de,,https://copter-expert.de/collections/vendors/products/dji-dock-3,company_product_page,,company_product_page,medium,Official DJI dealer; sells DJI Dock 2 and Dock 3; drone school; Germany,
SkyVisor,Germany,solution_provider,Dock 2|Dock 3,https://www.skyvisor.ai,https://www.linkedin.com/company/skyvisor,https://www.skyvisor.ai/skyvisor-launches-into-german-market-extending-drone-inspection-solutions-to-leading-renewable-energy-companies-pfalzsolar-belectric-gmbh-and-iqony/,press_release,https://www.linkedin.com/posts/skyvisor_sora-bvlos-dock3-activity-7353764872158953472-lwEv,linkedin_post,high,"AI drone inspection software fully integrated with DJI Dock 2 & 3; SORA-authorized BVLOS provider in Europe; entered German market 2024 supporting Pfalzsolar, Belectric GmbH, Iqony; Paris HQ but active German market",
Prisma Technologies Pty Ltd,Australia,Integrator / Reseller,DJI Dock 1; DJI Dock 2; DJI Dock 3,https://prismatech.com.au/,https://au.linkedin.com/company/prisma-technologies-australia,https://prismatech.com.au/dji-dock-3-solutions,high,2025-10,TRUE,Website,Australia's leading commercial drone supplier with dedicated DJI Dock 1/2/3 product pages. Sells bundled Dock 3 + Matrice 4TD. Offers BVLOS approvals including DJI Dock 2 training. DJI Certified Enterprise Maintenance Centre.,
ROCKETDNA LTD,Australia,Service Provider / Operator,DJI Dock 1,https://www.rocketdna.com/,https://au.linkedin.com/company/rocketdnaltd,https://www.rocketdna.com/blog/rocketdna-secures-casa-autonomous-ops-approval-first-in-australia-with-dji-dock,high,2024-09,TRUE,Website,First company in Australia to receive CASA approval for DJI Dock (2023). Deployed at gold mine in WA. Logged 8000+ autonomous flights. Operates xBot drone-in-a-box product built on DJI Dock platform. ASX-listed (ASX: RKT).,
D1 STORE PTY LTD,Australia,Reseller / Enterprise Dealer,DJI Dock 1; DJI Dock 2; DJI Dock 3,https://www.d1store.com.au/,https://au.linkedin.com/company/d1-store,https://www.d1store.com.au/categories/dji-dock,high,2025-03,TRUE,Website,"Australia's only official DJI Authorised Retailer. Dedicated DJI Dock product category. Sells Dock 1/2/3 with enterprise hubs in VIC, NSW, QLD, WA. Offers demos, training, and rentals for all Dock versions.",
C.R. Kennedy & Company Pty Ltd,Australia,Distributor / Reseller,DJI Dock 2; DJI Dock 3,https://www.crkennedy.com.au,,https://survey.crkennedy.com.au/rpas-uav-drones/commercial-drones/DJI_Dock,high,2025-01,TRUE,Website,"Official DJI Dock stockist with dedicated Dock category page at survey.crkennedy.com.au. Sells DJI Dock 2 and Dock 3 + Matrice 4TD bundles. Multiple national branches (Melbourne, Sydney, Brisbane, Perth, Adelaide).",
APTELLA PTY LTD,Australia,Distributor / Integrator,DJI Dock 2,https://www.aptella.com/,,https://www.aptella.com/product/dji-dock-2/,high,2024-08,TRUE,Website,Sells DJI Dock 2 and Dock 3 directly on aptella.com. Partnership with Sphere Drones to deliver HubX mobile platform paired with DJI Dock 2. Serves mining and construction sectors across all Australian states.,
Drones For Hire,Australia,Reseller,DJI Dock 1; DJI Dock 2; DJI Dock 3,https://dronesforhire.com.au/,,https://dronesforhire.com.au/shop/drone/DJI-Dock,high,2025-03,TRUE,Website,"Dedicated product pages for DJI Dock 1, Dock 2, and Dock 3 on dronesforhire.com.au. Australia's largest discount drone store with price match guarantee. Sells all three Dock generations with full specs and FAQ.",
K. J. ROSS & ASSOCIATES PTY LTD,Australia,Integrator / Service Provider,DJI Dock 2,https://kjr.com.au/,,https://kjr.com.au/how-kjrs-drone-in-a-box-helped-monitor-north-queenslands-flood-disaster/,high,2025-12,TRUE,Web search,"Developed DJI Drone Dock Trailer (solar + Starlink) in partnership with Fly Freely. Deployed DJI Dock 2-based DiaB unit during North Queensland flood emergency (Dec 2025). Active in wildlife, environmental, and emergency response use cases.",
Terra Drone Arabia,Saudi Arabia,dealer,Dock 3,https://terra-drone.com.sa/,https://www.linkedin.com/company/terra-drone-sa,https://terra-drone.com.sa/product/dji-dock-3/,company_product_page,https://enterprise.dji.com/find-a-dealer,dji_ecosystem_listing,high,DJI Dock 3 dealer; hosts Dock 3 workshops; active operator in KSA,
Shamal Technologies,Saudi Arabia,dealer,Dock 2; Dock 3,https://shamal.sa/,https://www.linkedin.com/company/shamal-technologies,https://shamal.sa/products,company_product_page,https://enterprise.dji.com/find-a-dealer,dji_ecosystem_listing,high,DJI Enterprise Authorized Seller; lists Dock 2 and Dock 3 on product page,
Nine Tenths Trading Co,Saudi Arabia,dealer,Dock 1,https://www.9tenthsco.com/,https://www.linkedin.com/company/ninetenths,https://sa.zain.com/en/all-news/news-11-9-2023,partner_announcement,https://enterprise.dji.com/find-a-dealer,dji_ecosystem_listing,high,Authorized DJI Enterprise distributor in KSA; strategic Dock platform partnership with Zain KSA,
Glider Aerial Solutions,Saudi Arabia,dealer,Dock 3,https://www.glider-aerial.com/,https://www.linkedin.com/company/glider-aerial-solutions,https://www.glider-aerial.com/product-page/dji-dock-3-overseas-edition-with-1-year-dock-3-warranty-from-aeronex,company_product_page,https://enterprise.dji.com/find-a-dealer,dji_ecosystem_listing,high,Authorized DJI dealer; deployed DJI Dock 3 in KSA operations,
SAUDI SICLI COMPANY,Saudi Arabia,system_integrator,Dock 3,https://www.saudisicli.com.sa/,,https://saudisicli.com.sa/news-view.php?id=54,company_news,https://enterprise.dji.com/find-a-dealer,dji_ecosystem_listing,high,Deployed DJI Dock 3 + Matrice 4TD for first responder/NEOM autonomous surveillance demo,
Abdul Rahman Al Shareef Group,Saudi Arabia,dealer,Dock 3,https://alshareefgroup.sa/,,https://alshareefgroup.sa/en/dji-dock-3-for-enterprise-en/,company_product_page,,,high,DJI Dock 3 enterprise page on company website; authorized reseller,
株式会社セキド (Sekido),Japan,dealer,Dock 3,https://sekidocorp.com/,https://www.linkedin.com/company/sekido-co-ltd,https://sekido-rc.com/?pid=185106761,company_product_page,https://sekido-rc.com/?mode=grp&gid=3063356,company_product_page,high,Primary DJI distributor Japan; sells DJI Dock 3; publishes national Dock 3 dealer list,
Terra Drone株式会社,Japan,dealer,Dock 1; Dock 2; Dock 3,https://terra-drone.net/,https://www.linkedin.com/company/terra-drone,https://www.dji.com/jp/where-to-buy/enterprise-dealers,dji_ecosystem_listing,https://enterprise.dji.com/find-a-dealer,dji_ecosystem_listing,high,DJI Enterprise authorized dealer Japan; global drone inspection company; listed on DJI finder,
楽天ドローン株式会社 (Rakuten Drone),Japan,dealer,Dock 3,https://drone.rakuten.co.jp/,,https://drone.rakuten.co.jp/service/drone-sales/,company_product_page,https://enterprise.dji.com/find-a-dealer,dji_ecosystem_listing,high,DJI Dock 3 + Matrice 4D/4TD product page; listed on DJI dealer finder; Tokyo,
Tohasen Robotics株式会社,Japan,dealer,Dock 3,https://www.tohasen-robotics.com/,,https://www.tohasen-robotics.com/news/dji-dock-3-training-center-release/,company_blog,https://sekido-rc.com/?pid=185106761,dji_ecosystem_listing,high,DJI Enterprise authorized dealer; established DJI Dock 3 training center in Chiba; Hachioji Tokyo,
HELICAM株式会社,Japan,dealer,Dock 3,https://www.helicam.jp/,,https://www.helicam.jp,company_product_page,https://sekido-rc.com/?pid=185106761,dji_ecosystem_listing,high,DJI authorized dealer; DJI Dock 3 case study in Hokkaido farmland survey; Sapporo,
センシンロボティクス株式会社 (Sensyn Robotics),Japan,solution_provider,Dock 2; Dock 3,https://www.sensyn-robotics.com/en,https://www.linkedin.com/company/sensyn-robotics,https://www.sensyn-robotics.com/en/news/sensyn-core-dji-dock3-next-level-integration,press_release,https://www.sensyn-robotics.com/en/news/idemitsu-hokkaido-drone-inspection-test,case_study,high,SENSYN CORE platform integrates with DJI Dock 2 and Dock 3 for AI-powered autonomous inspection; Idemitsu PoC; Tokyo Shinagawa,
ブルーイノベーション株式会社 (Blue Innovation),Japan,solution_provider,Dock 2,https://www.blue-i.co.jp/,,https://drone-journal.impress.co.jp/docs/event/1186877.html,industry_article,https://sekido-rc.com/?pid=185106761,dji_ecosystem_listing,high,DJI Dock 2 dealer/integrator; showcased Dock 2 at industry events; drone management platform BEP; Tokyo Bunkyo,
深空株式会社 (Shinkudrone),Japan,dealer,Dock 3,https://shinkudrone.com/,,https://shinkudrone.com/blog/%E9%81%A0%E9%9A%94%E8%87%AA%E5%8B%95%E8%88%AA%E8%A1%8C-dji-dock-3%E3%83%AA%E3%83%AA%E3%83%BC%E3%82%B9/,company_blog,https://sekido-rc.com/?pid=185106761,dji_ecosystem_listing,high,DJI certified store Osaka; first Dock 3 demo fly in western Japan; solar farm inspection; Osaka Tennoji,
ミラテクドローン株式会社 (Miratech Drone),Japan,dealer,Dock 2; Dock 3,https://www.miratecdrone.co.jp/,,https://www.miratecdrone.co.jp,company_product_page,https://sekido-rc.com/?pid=185106761,dji_ecosystem_listing,high,DJI Dock 2 and Dock 3 dealer; demo events Osaka; MIRAIT ONE group company; Tokyo Shinagawa,
ルーチェサーチ株式会社 (Luce Search),Japan,dealer,Dock 3,https://luce-s.net/,,https://enterprise.dji.com/find-a-dealer,dji_ecosystem_listing,,,high,DJI Enterprise authorized dealer listed in DJI find-a-dealer with DJI Dock 3 tag; Hiroshima,
株式会社システムファイブ (System5),Japan,dealer,Dock 2; Dock 3,https://www.system5.co.jp/,,https://info.system5.jp/whatsnew/djidock2,company_product_page,https://dji-info.system5.jp/blogs/news/dji-drone-guide-japan,company_blog,high,Primary DJI industrial distributor Japan; Dock 2 and Dock 3 sales; manages national subdealers network; Tokyo Hanzomon,
BeeDrones,Brazil,dealer,Dock 1; Dock 2,https://www.beedrones.com.br/,,https://www.beedrones.com.br/dji-dock,company_product_page,,,high,Sao Paulo (Itu SP); official DJI reseller since 2011; sells Dock 1 and Dock 2; ANATEL certified; physical store,
Tecno Drones,Brazil,dealer,Dock 1; Dock 2; Dock 3,https://www.tecnodrones.com.br/,,https://www.tecnodrones.com.br/dji-dock-matrice-30-series,company_product_page,https://www.tecnodrones.com.br/dji-dock-3-matrice-4d-series-combo,company_product_page,high,Parana; authorized DJI reseller Brazil; sells Dock 1 Dock 2 and Dock 3 + Matrice 4D combo; ANATEL certified,
Premier Drones,Brazil,dealer,Dock 1; Dock 2,https://www.premierdrones.com.br/,,https://www.premierdrones.com.br/dji-dock-com-drone-dji-matrice-30t,company_product_page,https://www.premierdrones.com.br/dji-para-empresas,company_product_page,high,Sao Paulo; authorized DJI Enterprise dealer; sells Dock 1 and Dock 2 with Matrice 30T,
Super Importadora,Brazil,dealer,Dock 2,https://superimportadora.com.br/,,https://superimportadora.com.br/drones/drone-profissional/dji-dock-2/,company_product_page,,,high,Sao Paulo; DJI dealer in Brazil; explicitly sells DJI Dock 2 with Matrice 3D/3TD,
Maza Tarraf,Brazil,operator_end_user,Dock 3,,,https://www.youtube.com/watch?v=6OTijSBZhZc,case_study,https://www.linkedin.com/posts/dji_djienterprise-djidock3-droneworkflow-activity-7393996940847460353-t2qs,linkedin_post,high,Brazil; leading logistics company; deployed DJI Dock 3 for 24/7 automated facility monitoring; eliminates on-site personnel; Dock 3 + Matrice 4 deployment,
Embratop Geotecnologias Ltda.,Brazil,Authorized Dealer,Dock 2,Unknown,https://www.embratop.com.br,https://www.linkedin.com/company/embratop-geotecnologias-ltda/,https://enterprise.dji.com/pt-br/find-a-dealer,Company Website,,,High,
DroneDireto,Brazil,Reseller,Dock 3,Unknown,https://www.dronedireto.com.br,https://www.linkedin.com/company/dronedireto/,https://www.dronedireto.com.br/dji-dock-3-drone-dji-matrice-4td-carregador-1x-bateria-controle-dji-rc-plus-2-homologado-na-anatel/p,Company Website,,,High,
Force Drones (forcedrones.com.br),Brazil,Reseller,Dock 3,Unknown,https://www.forcedrones.com.br,https://www.linkedin.com/company/force-drones/,https://www.forcedrones.com.br/dji-doca-de-carregamento-dock-3-matrice-4td-fd004et,Company Website,,,High,
Gohobby,Brazil,Reseller,Dock 2,Unknown,https://gohobby.com.br,https://www.linkedin.com/company/gohobby-drone/,https://gohobby.com.br/aeropad-gohobby/,Company Website,,,Medium,
Unnamed ANAC-Approved BVLOS Operators,Brazil,Enterprise End-User,Dock 2,Unknown,https://www.anac.gov.br,,https://enterprise-insights.dji.com/blog/unlocking-bvlos-at-scale-dji-dock-2-and-matrice-3d-series-receive-anac-design-authorization-for-brazil,DJI Case Study,,,Medium,
Aermatica3D,Italy,system_integrator,Dock 2,https://www.aermatica.com/,,https://www.aermatica.com/en/dji-distributor/dji-enterprise/,company_product_page,https://enterprise.dji.com/news/detail/suppressing-agricultural-pests-with-drones,case_study,high,Italy; DJI Enterprise Gold Partner and system integrator; develops DJI SDK applications; sells and integrates Dock 2; builds AI-powered autonomous inspection solutions,
AEMME Surveying (AEMME RE Srl),Italy,dealer,Dock 3,https://www.aemmesurveying.it/,,https://www.aemmesurveying.it/dji-dock-3/,company_product_page,,,high,Italy; distributes DJI Dock 3 in Italy; provides geospatial and drone solutions; topography and photogrammetry specialist,
Fly To Discover,Italy,dealer,Dock 1; Dock 2,https://flytodiscover.it/,,https://flytodiscover.it/categoria-prodotto/dji-enterprise/dji-dock/,company_product_page,,,high,Rome; authorized DJI Enterprise dealer; sells Dock 1 and Dock 2 with M30/M30T; physical store Rome,
AI View Group,Italy,operator,Dock 1; Dock 2,https://www.aiviewgroup.com/,https://www.linkedin.com/company/aibotixitalia,https://www.flytbase.com/case-studies/aiview-autonomous-drones-italian-highway-monitoring,case_study,https://www.youtube.com/watch?v=AI-Powered-Monitoring-Italian-Highways,case_study,high,Rome; deployed autonomous dock drone network along Italian highways (Autostrade per Italia); ReADI platform; 7+ docking stations; LUC certified; Dock 3 expansion planned,
Impianti SpA,Italy,dealer,Dock 2,https://impianti.eu/,,https://impianti.eu/en/impianti-is-now-qualified-adealer-for-the-sale-of-dji-enterprise-drones/,company_blog,https://impianti.eu/en/accessorize/,company_product_page,high,Italy; DJI Enterprise A Dealer certified; sells DJI Dock 2; defensive technologies division; public safety and geospatial focus,
DJI-Store.it (ARS Italia),Italy,dealer,Dock 2; Dock 3,https://www.dji-store.it/,,https://www.dji-store.it/categoria/imprese/dji-dock-3/,company_product_page,https://www.dji-store.it/prodotto/djdok2/,company_product_page,high,Rome and Milan; first official DJI Store in Europe; DJI Authorized Retail Store; sells Dock 2 and Dock 3; consumer and enterprise full range,
Intersystem SRL (Drone4Business),Italy,dealer,Dock 3,https://www.drone4business.com/,,https://store.dji.com/pages/where-to-buy-enterprise-dealers,dji_ecosystem_listing,,,medium,Rome; listed as DJI Enterprise dealer on official DJI page; operates drone4business.com; DJI Dock 3 range,
AeroNex FZCO,UAE,dealer,Dock 1; Dock 2; Dock 3,https://www.aeronex.ae,https://ae.linkedin.com/company/aeronex-fzco,https://www.aeronex.ae/?dock-3%2F,company_product_page,https://www.linkedin.com/posts/aeronex-fzco_aeronex-djienterprise-djidock3-activity-7327618612741984256-JLyk,linkedin_post,high,Exclusive master sales platform of DJI Enterprise in Middle East; Dubai Airport Free Zone; sells and supports full Dock series incl. Dock 3 + Matrice 4D/4TD,
Aerosmart (Aero Smart UAV Trading LLC),UAE,dealer,Dock 1; Dock 2; Dock 3,https://www.aerosmart.ae,https://ae.linkedin.com/company/aerosmartuav,https://store.aerosmart.ae/product/dji-dock-3-2,company_product_page,https://www.linkedin.com/posts/aerosmartuav_dji-dock-3-for-event-security-247-autonomous-activity-7429042672079663104-W7ic,linkedin_post,high,Authorized DJI Enterprise partner; Bur Dubai; deploys Dock 3 for event security and mining surveillance; sells Dock 1/2/3,
RC Corner Trading LLC,UAE,dealer,Dock 2; Dock 3,https://www.rccorner.ae,https://ae.linkedin.com/company/rc-corner-trading-llc,https://www.rccorner.ae/dji-dock-3,company_product_page,https://www.rccorner.ae/dji-dock-2-is-now-available,company_product_page,high,Authorized DJI Distributor for MEA; Umm Ramool Dubai; sells Dock 2 and Dock 3 with Matrice 4D/4TD combos,
VEC International FZCO,UAE,system_integrator,Dock 1; Dock 2; Dock 3,https://dronenet.ae,https://ae.linkedin.com/company/vec-international-fzco,https://www.linkedin.com/posts/vec-international-fzco_dji-djidock3-flighthub2-activity-7377288338258423808-iOLh,linkedin_post,https://www.vertiexpo.com/vec-international-fzco-vec-intl,industry_article,high,Authorized DJI Enterprise agent UAE & Africa; delivers turnkey Dock 3 + FlightHub 2 vehicle-mounted solutions; SOPs and operator training; operates Dronenet.ae storefront,
The Drone Centre (FEDS Trading FZCO),UAE,dealer,Dock 1; Dock 2; Dock 3,https://thedronecentre.ae,https://ae.linkedin.com/company/the-drone-centre,https://thedronecentre.ae/dji-dock3/,company_product_page,https://www.zawya.com/en/press-release/companies-news/dji-dock-3-unveiled-at-isprs-geospatial-week-2025-y6gb1afh,press_release,high,DJI Enterprise official platform in Middle East; FEDS Group; first to showcase Dock 3 in Middle East at ISPRS Geospatial Week 2025 Dubai; DCAA-certified training center,
GNSS.AE,UAE,dealer,Dock 2; Dock 3,https://gnss.ae,https://www.linkedin.com/posts/gnss-ae_geospatial-gnss-drones-activity-7191434853869830144-EaxZ,https://gnss.ae/drones/dji-dock-3/,company_product_page,https://gnss.ae/gnss-ae-reinforces-its-position-as-an-authorized-dji-enterprise-partner-at-aeronex-summit-2026/,press_release,high,Authorized DJI Enterprise dealer for Middle East & Africa; Dubai Al Safouh; sells Dock 3 + Matrice 4D/4TD; publishes Dock 3 case studies for energy sector,
Dynatech Innovations,UAE,dealer,Dock 2; Dock 3,https://dynatech.ae,https://ae.linkedin.com/company/dynatech-innovations,https://dynatech.ae/product/dji-dock-3-with-matrice-4td-m4td/,company_product_page,https://dynatech.ae/product/dji-dock-2/,company_product_page,high,Authorized DJI Enterprise dealer & distributor Dubai; Gulf Tower; sells Dock 2 and Dock 3 with Matrice 4D/4TD combos,
DroneDubai.ae (Airworks),UAE,dealer,Dock 1; Dock 2,https://www.dronedubai.ae,,https://www.dronedubai.ae/dji-dock/,company_product_page,https://www.dronedubai.ae/dji-dock-3-a-cutting-edge-drone-in-a-box-solution/,company_blog,medium,DJI dealer in Dubai; sells and promotes Dock 1 and Dock 2; Dock 3 coverage via blog; no explicit Dock 3 product listing confirmed,
XRTech Group,UAE,dealer,Dock 2,https://xrtechgroup.com,,https://xrtechgroup.com/dji-enterprise-drone/,company_product_page,,,medium,DJI Enterprise drone provider in Dubai and Abu Dhabi; explicitly mentions DJI Dock 2 with automated charging and task automation on product page,
heliguy,UK,dealer / system_integrator,Dock 1 / Dock 2 / Dock 3,https://www.heliguy.com,https://www.linkedin.com/company/heliguy,https://www.heliguy.com/dji-drones-shop/dji-docks/,company_product_page,https://www.heliguy.com/blogs/posts/dji-dock-event-uk-first-demonstration/,company_blog,high,UK's leading DJI Dock partner. Gold-level DJI partner based in North East England. Staged UK's first DJI Dock demo. Has DJI-accredited Dock technicians. Obtained CAA BVLOS approval for Dock operations. Sells Dock 1/2/3 and provides full integration including site planning installation training OSC/UK SORA consultancy. Installed Dock at Komatsu UK Smart Construction site. Supports Network Rail National Grid London Fire Brigade.,
Coptrz,UK,dealer / solution_provider,Dock 2 / Dock 3,https://coptrz.com,https://www.linkedin.com/company/coptrz,https://shop.coptrz.com/products/dji-dock-3,company_product_page,https://coptrz.com/shop/drones/dji-dock-2/,company_product_page,high,Leeds-based DJI enterprise dealer. Sells DJI Dock 2 and Dock 3 with full accessories. Provides DJI FlightHub 2 integration. Offers GVC drone training and enterprise consultancy. Published detailed Dock 2 guides and public safety use case guides. Partners with Lorenz Technology for AI autonomous solutions.,
Camera Centre UK,UK,dealer,Dock 3,https://www.cameracentreuk.com,,,https://www.cameracentreuk.com/dji-dock-3-dock-only,company_product_page,,,medium,
Venari Group,UK,system_integrator,Dock 1,https://www.ohvc.co.uk,https://www.linkedin.com/company/venari-group,https://www.ohvc.co.uk/services/drone-command-unit/,company_product_page,https://dronedj.com/2023/09/11/dji-dock-drone-vehicle-ford/,industry_article,high,Emergency vehicle manufacturer based in Brighouse West Yorkshire. Partnered with heliguy to build Drone Command Unit (Ford Transit Trail) with integrated DJI Dock. Vehicle features DJI Dock drone-in-a-box system with custom levelling trolley network connectivity and power generation. Unveiled at Emergency Services Show 2023.,
DroneControl,UK,solution_provider,Dock 1 / Dock 2,https://www.dronecontrol.co,https://www.linkedin.com/company/dronecontrol,https://www.dronecontrol.co/post/dronecontrol-heliguy-and-venari-to-unveil-new-drone-command-unit,company_blog,https://enterprise.dji.com/de/ecosystem/dronecontrol,dji_ecosystem_listing,high,UK-based drone software company providing DroneControl FirstResponder platform. Listed in DJI Enterprise Ecosystem. Software provides secure live streaming and remote control for public safety organizations. Integrated with DJI Dock ecosystem and DJI Cloud API. Partnered with heliguy and Venari on Drone Command Unit.,
SkyBound Rescuer,UK,solution_provider / operator,Dock 1,https://www.skyboundrescuer.com,https://www.linkedin.com/company/skybound-rescuer,https://enterprise-insights.dji.com/user-stories/pilot-profile-gemma-alcock,case_study,,,,high,
sees.ai,UK,solution_provider,Dock 1 / Dock 2,https://www.sees.ai,,,https://www.heliguy.com/blogs/posts/dji-dock-drone-in-a-box-pathway-to-uk-bvlos-operations/,industry_article,,,medium,
Komatsu UK Smart Construction,UK,operator_end_user,Dock 1,https://www.komatsu.eu,,,https://www.heliguy.com/blogs/posts/dji-dock-installation-and-maintenance/,case_study,https://www.heliguy.com/blogs/posts/dji-dock-event-uk-first-demonstration/,company_blog,high,
Drone Safe Store,UK,dealer,Dock 2 / Dock 3,https://dronesafestore.com,,,https://dronesafestore.com/,company_product_page,,,low,
Edinburgh Drone Company,UK,dealer,Dock 2 / Dock 3,https://www.edinburghdronecompany.co.uk,,,https://www.edinburghdronecompany.co.uk/dji/,company_product_page,,,low,
CMS Distribution,UK,dealer,Dock 1 / Dock 2 / Dock 3,https://www.cmsdistribution.com,,,https://www.cmsdistribution.com/vendors/dji,company_product_page,,,medium,
MCR Infoelectronic S.L.,Spain,dealer,"Dock 1, Dock 2, Dock 3",https://www.mcr.com.es,https://www.linkedin.com/posts/ivanalpe_enterprise-newjob-djienterprise-activity-7287503085604589570-MW7X,https://www.youtube.com/watch?v=vOGByKLZSyk,company_product_page,https://guiacanaltic.channelpartner.es/mcr/,industry_article,high,"Master Distributor DJI Enterprise for Spain & Portugal (Iberia); supported Guardia Civil Dock 3 + Matrice 4TD deployment at Motorland Aragon MotoGP; Getafe, Madrid",
ACRE Soluciones Topograficas Alquiler y Venta SL,Spain,dealer,"Dock 2, Dock 3",https://www.grupoacre.es,,https://enterprise.dji.com/find-a-dealer,dji_ecosystem_listing,https://grupoacre.es/catalogo-productos/dji-dock-3/,company_product_page,high,"Official DJI Dock 3 authorized dealer per DJI Enterprise listing; sells Dock 2 and Dock 3; Illescas, Toledo",
StockRC FPV Aeromodelismo SL (DJI ARS Madrid),Spain,dealer,"Dock 1, Dock 2, Dock 3",https://www.djiarsmadrid.com,,https://enterprise.dji.com/find-a-dealer,dji_ecosystem_listing,https://stockrc.com/es/blog/dji-news/dji-ars-madrid-y-securitas-presentan-el-dji-dock,company_blog,high,"Official DJI dealer Spain & Portugal; conducted first DJI Dock autonomous drone pilot in Spain with Securitas; Las Rozas, Madrid",
INSTOP,Spain,dealer,Dock 3,https://www.instop.es,,https://enterprise.dji.com/find-a-dealer,dji_ecosystem_listing,https://www.instop.es/dji/dji-dock-3-enterprise.php,company_product_page,high,"DJI-certified Dock 3 installer; provides on-site Dock 3 installation and flight planning; La Pobla de Claramunt, Barcelona",
Wolf Avionic S.L.U.,Spain,dealer,"Dock 1, Dock 2, Dock 3",https://www.wolfavionic.com,https://es.linkedin.com/company/wolf-avionic,https://enterprise.dji.com/find-a-dealer,dji_ecosystem_listing,https://es.linkedin.com/posts/wolf-avionic_dji-djienterprise-djidock-activity-7366071702050557956-mQ5N,linkedin_post,high,"DJI-appointed Reseller in Spain; first company with AESA BVLOS authorization in Spain; security drone operator; Las Rozas, Madrid",
AL-TOP,Spain,dealer,Dock 3,https://al-top.com,,https://enterprise.dji.com/find-a-dealer,dji_ecosystem_listing,,,high,"Official DJI Dock 3 authorized dealer per DJI Enterprise listing; Barcelona, Sant Andreu",
Atyges Ingeniería,Spain,dealer,"Dock 1, Dock 2",https://atyges.es,,https://enterprise.dji.com/find-a-dealer,dji_ecosystem_listing,https://atyges.es/tienda/dji-dock-2/,company_product_page,high,"Official DJI dealer; sells Dock 1 and Dock 2 with Matrice 3D/3TD; Campanillas, Málaga",
Global Geosystems,Spain,dealer,Dock 3,https://global-geosystems.com,,https://enterprise.dji.com/find-a-dealer,dji_ecosystem_listing,https://global-geosystems.com/en/dji-drones/,company_product_page,high,"Official DJI Enterprise distributor Spain & Portugal; Dock 3 dealer; 6 offices in Spain and Portugal; Ames, A Coruña",
Murcia Drones,Spain,dealer,Dock 3,https://www.murciadrones.es,,https://enterprise.dji.com/find-a-dealer,dji_ecosystem_listing,,,high,Official DJI Dock 3 authorized dealer per DJI Enterprise listing; Murcia,
Binary Systems SL,Spain,dealer,Dock 3,https://www-6.binarycanarias.com,,https://enterprise.dji.com/find-a-dealer,dji_ecosystem_listing,,,high,"Official DJI Dock 3 authorized dealer per DJI Enterprise listing; Santa Cruz de Tenerife, Canary Islands",
Casmar Electronica SA,Spain,dealer,Dock 3,https://www.casmarglobal.com,,https://www.dji.com/es/where-to-buy/enterprise-dealers,dji_ecosystem_listing,https://www.casmarglobal.com/en/products/drones/autonomous-stations,company_product_page,high,"Official DJI Dock 3 dealer per DJI Spain enterprise listing; sells Dock 3 + Matrice 4TD bundle; Rivas-Vaciamadrid, Madrid",
Aero Industrial Iberia,Spain,dealer,"Dock 1, Dock 2",https://www.aeroindustrialiberia.com,,https://www.aeroindustrialiberia.com/producto/dji-dock-2/,company_product_page,https://www.aeroindustrialiberia.com/producto/dji-dock/,company_product_page,medium,DJI Enterprise store in Barcelona and Valencia; sells DJI Dock and Dock 2; Matrice 3D pack bundles,
Securitas Seguridad España,Spain,operator,"Dock 1, Dock 2",https://www.securitas.es,,https://www.securitas.es/noticias-perspectivas/notas-de-prensa/securitas-y-dji-ars-madrid/,press_release,https://www.securitas.es/noticias-perspectivas/notas-de-prensa/securitas-demuestra-las-aplicaciones-en-seguridad-y-proteccion-de,press_release,high,First autonomous DJI Dock drone pilot in Spain (industrial security patrols); demonstrated Dock 2 at Fira Barcelona; partner with DJI ARS Madrid,
Endesa (Enel Spain),Spain,operator_end_user,"Dock 2, Dock 3",https://www.endesa.com,,https://enterprise-insights.dji.com/user-stories/how-endesa-deploys-the-dji-dock-2-to-transform-energy-management,case_study,https://www.linkedin.com/posts/samuelrodriguezgarcia_episode-2-dji-dock-2-deployment-thermal-activity-7180813810520256512-msDv,linkedin_post,high,Deployed Dock 2 at Teruel Coal Power Station (5-month test); deployed Dock 3 at As Pontes thermal site for demolition monitoring; energy sector operator,
Guardia Civil Spain,Spain,operator_end_user,Dock 3,https://www.guardiacivil.es,,https://shop.coptrz.com/blogs/news/dji-dock-3-matrice-4td-enhance-motogp-security-with-guardia-civil-in-spain,industry_article,https://www.youtube.com/watch?v=vOGByKLZSyk,case_study,high,Deployed 2x DJI Dock 3 + Matrice 4TD at Motorland Aragón for MotoGP event security; real-time aerial surveillance with MCR Pro support,
Droneguru.es,Spain,operator,Dock 3,https://www.droneguru.es,,https://www.linkedin.com/posts/dji_djienterprise-djidock3-dronepatrol-activity-7395762794161364993-Gtuk,linkedin_post,,,medium,"Featured by DJI Enterprise for automated Dock 3 drone patrols in La Rioja, Spain; scheduled repeatable missions via FlightHub 2",
Avetics Global Pte Ltd,Singapore,dealer,"Dock 1, Dock 2, Dock 3",https://www.avetics.com,https://sg.linkedin.com/company/avetics,https://www.avetics.com/dji-dock,company_product_page,https://www.linkedin.com/posts/avetics-global_the-new-dji-dock-3-is-here-and-now-available-activity-7301164224049823745-VLku,linkedin_post,high,"DJI Gold Standard Authorized Enterprise Dealer in Singapore; product pages for Dock 1, 2 and 3; announced Dock 2 and Dock 3 availability in Singapore; CAAS-approved UATO; Sin Ming Road Singapore",
MIRS Innovate Pte Ltd,Singapore,dealer,Dock 1,https://www.mirs-innov.com,,https://www.mirs-innov.com/singapore-dji-authorized-dealer,company_product_page,https://www.mirs-innov.com/dji-matrice-30,company_product_page,medium,"DJI Authorized Enterprise Dealer in Singapore; mentions DJI Dock on Matrice 30 product page (remote deployment operations with DJI Dock); 5 Little Road, Singapore",
Skyports Drone Services,Singapore,operator,Dock 1,https://skyportsdroneservices.com,https://www.linkedin.com/posts/skyports-drone-services_remotely-operated-drones-help-authorities-activity-7416535917382930433--i,https://www.channelnewsasia.com/singapore/maritime-remotely-operated-drones-emergency-response-surveillance-singapore-waters-572,industry_article,https://www.linkedin.com/posts/ya-pei-tsen_remotely-operated-drones-help-authorities-activity-7412020635398266880-b04t,linkedin_post,high,"Deployed DJI Dock-based drone-in-a-box for MPA maritime surveillance at Marina South Pier, West Coast Pier and Pasir Panjang Power Station; BVLOS autonomous operations since Sep 2025; Singapore",
Maritime and Port Authority of Singapore (MPA),Singapore,operator_end_user,Dock 1,https://www.mpa.gov.sg,,https://www.channelnewsasia.com/singapore/maritime-remotely-operated-drones-emergency-response-surveillance-singapore-waters-572,industry_article,https://www.steamshipmutual.com/publications/articles/drone-surveillance-within-singapores-port-waters-mpa-singapore,press_release,high,"First organization in Singapore to deploy drone-in-a-box (DJI Dock) across port waters; installed at Marina South Pier, West Coast Pier and Pasir Panjang Power Station since Sep 2025; maritime surveillance",
HTX (Home Team Science & Technology Agency),Singapore,operator,Dock 1,https://www.htx.gov.sg,,https://www.linkedin.com/posts/govinsider_jennifer-quek-deputy-director-aerial-systems-activity-7419212257664090112-J2tA,linkedin_post,https://www.htx.gov.sg/whats-happening/all-news---events/all-news/2020/featured-news--htx-s-first-long-distance-bvlos-flights-a-,press_release,medium,Deployed multiple autonomous BVLOS drone-in-a-box systems for monitoring along southern coast of Singapore; RAUS CoE; operators manage multiple deployments from single C2 centre (dock brand not 100% confirmed as DJI),